timestamp,open,high,low,close,volume,hour,day_of_week,month,session_id
2022-01-02 18:00:00+00:00,1830.615,1831.73,1828.021,1828.453,1680.0,20,6,1,0
2022-01-02 22:00:00+00:00,1828.422,1831.542,1824.204,1825.685,9003.0,0,0,1,0
2022-01-03 02:00:00+00:00,1825.689,1825.952,1820.826,1824.004,7240.0,4,0,1,0
2022-01-03 06:00:00+00:00,1823.973,1827.457,1821.356,1822.834,9956.0,8,0,1,0
2022-01-03 10:00:00+00:00,1822.849,1823.183,1799.762,1801.842,30555.0,12,0,1,1
2022-01-03 14:00:00+00:00,1801.811,1802.949,1798.304,1801.66,13817.0,16,0,1,3
2022-01-03 18:00:00+00:00,1801.652,1804.517,1800.931,1804.101,5498.0,20,0,1,0
2022-01-03 22:00:00+00:00,1804.127,1807.045,1802.902,1804.171,11165.0,0,1,1,0
2022-01-04 02:00:00+00:00,1804.182,1807.354,1803.133,1805.807,9804.0,4,1,1,0
2022-01-04 06:00:00+00:00,1805.839,1808.535,1801.898,1803.948,13070.0,8,1,1,0
2022-01-04 10:00:00+00:00,1803.944,1816.68,1798.452,1814.601,27531.0,12,1,1,1
2022-01-04 14:00:00+00:00,1814.631,1815.537,1811.62,1814.502,12828.0,16,1,1,3
2022-01-04 18:00:00+00:00,1814.469,1815.365,1813.032,1813.873,4521.0,20,1,1,0
2022-01-04 22:00:00+00:00,1813.885,1816.448,1812.714,1815.366,8347.0,0,2,1,0
2022-01-05 02:00:00+00:00,1815.336,1817.006,1812.31,1813.429,8451.0,4,2,1,0
2022-01-05 06:00:00+00:00,1813.436,1820.697,1813.313,1818.639,11326.0,8,2,1,0
2022-01-05 10:00:00+00:00,1818.671,1829.591,1814.719,1823.237,23398.0,12,2,1,1
2022-01-05 14:00:00+00:00,1823.268,1825.576,1812.416,1812.933,19503.0,16,2,1,3
2022-01-05 18:00:00+00:00,1812.903,1814.181,1808.259,1810.306,8732.0,20,2,1,0
2022-01-05 22:00:00+00:00,1810.339,1811.475,1806.521,1806.968,11521.0,0,3,1,0
2022-01-06 02:00:00+00:00,1806.972,1807.484,1799.019,1800.908,13973.0,4,3,1,0
2022-01-06 06:00:00+00:00,1800.903,1806.892,1793.554,1797.416,18515.0,8,3,1,0
2022-01-06 10:00:00+00:00,1797.385,1800.387,1786.828,1790.663,34324.0,12,3,1,1
2022-01-06 14:00:00+00:00,1790.677,1793.454,1786.332,1787.945,14658.0,16,3,1,3
2022-01-06 18:00:00+00:00,1787.962,1791.605,1787.381,1791.365,5886.0,20,3,1,0
2022-01-06 22:00:00+00:00,1791.381,1793.133,1789.704,1792.777,8970.0,0,4,1,0
2022-01-07 02:00:00+00:00,1792.797,1792.921,1787.996,1789.782,8625.0,4,4,1,0
2022-01-07 06:00:00+00:00,1789.752,1793.888,1787.732,1793.247,10810.0,8,4,1,0
2022-01-07 10:00:00+00:00,1793.148,1795.926,1782.289,1789.224,37177.0,12,4,1,1
2022-01-07 14:00:00+00:00,1789.254,1798.604,1789.242,1796.725,15909.0,16,4,1,3
2022-01-07 18:00:00+00:00,1796.692,1797.445,1794.286,1796.899,3925.0,20,4,1,0
2022-01-09 18:00:00+00:00,1794.898,1796.069,1794.505,1795.087,1989.0,20,6,1,0
2022-01-09 22:00:00+00:00,1795.117,1796.66,1791.675,1792.115,10832.0,0,0,1,0
2022-01-10 02:00:00+00:00,1792.084,1795.519,1791.311,1793.578,8495.0,4,0,1,0
2022-01-10 06:00:00+00:00,1793.611,1802.257,1792.092,1800.457,13521.0,8,0,1,0
2022-01-10 10:00:00+00:00,1800.425,1801.377,1790.033,1793.394,24277.0,12,0,1,1
2022-01-10 14:00:00+00:00,1793.363,1801.623,1793.211,1800.849,14056.0,16,0,1,3
2022-01-10 18:00:00+00:00,1800.819,1802.899,1799.636,1801.225,6297.0,20,0,1,0
2022-01-10 22:00:00+00:00,1801.195,1807.776,1801.195,1805.921,10155.0,0,1,1,0
2022-01-11 02:00:00+00:00,1805.941,1809.775,1805.529,1809.138,10447.0,4,1,1,0
2022-01-11 06:00:00+00:00,1809.17,1810.196,1804.311,1806.441,11399.0,8,1,1,0
2022-01-11 10:00:00+00:00,1806.41,1811.914,1801.7,1811.642,21923.0,12,1,1,1
2022-01-11 14:00:00+00:00,1811.611,1821.161,1809.991,1820.767,16924.0,16,1,1,3
2022-01-11 18:00:00+00:00,1820.737,1823.249,1820.048,1820.681,6618.0,20,1,1,0
2022-01-11 22:00:00+00:00,1820.647,1822.506,1818.058,1818.063,9754.0,0,2,1,0
2022-01-12 02:00:00+00:00,1818.055,1821.487,1815.715,1817.22,9271.0,4,2,1,0
2022-01-12 06:00:00+00:00,1817.251,1818.457,1814.465,1817.166,10441.0,8,2,1,0
2022-01-12 10:00:00+00:00,1817.135,1825.04,1816.329,1823.744,26508.0,12,2,1,1
2022-01-12 14:00:00+00:00,1823.718,1827.977,1820.099,1827.966,13175.0,16,2,1,3
2022-01-12 18:00:00+00:00,1827.998,1828.061,1824.864,1825.28,5569.0,20,2,1,0
2022-01-12 22:00:00+00:00,1825.249,1826.587,1823.987,1825.117,8993.0,0,3,1,0
2022-01-13 02:00:00+00:00,1825.105,1828.107,1823.432,1826.633,9320.0,4,3,1,0
2022-01-13 06:00:00+00:00,1826.595,1827.517,1819.0,1823.588,12181.0,8,3,1,0
2022-01-13 10:00:00+00:00,1823.556,1825.924,1814.161,1814.586,22627.0,12,3,1,1
2022-01-13 14:00:00+00:00,1814.556,1821.917,1812.206,1820.97,13288.0,16,3,1,3
2022-01-13 18:00:00+00:00,1821.0,1822.844,1820.696,1820.817,5351.0,20,3,1,0
2022-01-13 22:00:00+00:00,1820.785,1827.087,1819.543,1826.03,11473.0,0,4,1,0
2022-01-14 02:00:00+00:00,1826.026,1828.026,1825.527,1826.711,9733.0,4,4,1,0
2022-01-14 06:00:00+00:00,1826.723,1829.045,1819.655,1822.433,12262.0,8,4,1,0
2022-01-14 10:00:00+00:00,1822.402,1827.46,1819.193,1821.019,27095.0,12,4,1,1
2022-01-14 14:00:00+00:00,1821.033,1821.796,1814.63,1818.196,14875.0,16,4,1,3
2022-01-14 18:00:00+00:00,1818.227,1818.856,1816.376,1817.639,4016.0,20,4,1,0
2022-01-16 18:00:00+00:00,1817.663,1818.081,1815.859,1816.379,1623.0,20,6,1,0
2022-01-16 22:00:00+00:00,1816.377,1819.422,1813.109,1818.793,9608.0,0,0,1,0
2022-01-17 02:00:00+00:00,1818.798,1822.298,1818.217,1821.95,8327.0,4,0,1,0
2022-01-17 06:00:00+00:00,1821.981,1823.141,1819.756,1821.236,7975.0,8,0,1,0
2022-01-17 10:00:00+00:00,1821.239,1821.458,1817.532,1818.808,10985.0,12,0,1,1
2022-01-17 14:00:00+00:00,1818.803,1819.95,1817.787,1818.267,3251.0,16,0,1,3
2022-01-17 18:00:00+00:00,1818.483,1819.246,1818.337,1819.029,999.0,20,0,1,0
2022-01-17 22:00:00+00:00,1818.985,1822.726,1815.062,1816.281,10705.0,0,1,1,0
2022-01-18 02:00:00+00:00,1816.279,1818.207,1812.758,1816.185,13696.0,4,1,1,0
2022-01-18 06:00:00+00:00,1816.154,1817.15,1809.087,1813.053,14456.0,8,1,1,0
2022-01-18 10:00:00+00:00,1813.05,1820.05,1805.73,1819.866,31127.0,12,1,1,1
2022-01-18 14:00:00+00:00,1819.896,1820.067,1810.575,1813.958,15769.0,16,1,1,3
2022-01-18 18:00:00+00:00,1813.988,1815.264,1813.07,1814.231,6377.0,20,1,1,0
2022-01-18 22:00:00+00:00,1814.262,1814.428,1810.042,1811.708,9798.0,0,2,1,0
2022-01-19 02:00:00+00:00,1811.691,1815.179,1811.049,1811.472,10645.0,4,2,1,0
2022-01-19 06:00:00+00:00,1811.442,1819.859,1811.314,1817.323,12949.0,8,2,1,0
2022-01-19 10:00:00+00:00,1817.326,1838.527,1816.685,1838.255,25875.0,12,2,1,1
2022-01-19 14:00:00+00:00,1838.287,1843.218,1837.07,1842.788,17493.0,16,2,1,3
2022-01-19 18:00:00+00:00,1842.822,1843.326,1838.286,1838.495,7302.0,20,2,1,0
2022-01-19 22:00:00+00:00,1838.496,1843.786,1837.942,1839.572,12374.0,0,3,1,0
2022-01-20 02:00:00+00:00,1839.585,1840.982,1838.256,1839.059,11053.0,4,3,1,0
2022-01-20 06:00:00+00:00,1839.03,1842.04,1836.637,1839.412,11560.0,8,3,1,0
2022-01-20 10:00:00+00:00,1839.443,1847.796,1835.726,1846.816,24333.0,12,3,1,1
2022-01-20 14:00:00+00:00,1846.786,1846.802,1838.315,1840.048,14294.0,16,3,1,3
2022-01-20 18:00:00+00:00,1840.017,1840.431,1837.203,1838.889,8250.0,20,3,1,0
2022-01-20 22:00:00+00:00,1838.895,1841.934,1836.267,1840.757,12513.0,0,4,1,0
2022-01-21 02:00:00+00:00,1840.759,1842.732,1836.549,1837.999,10786.0,4,4,1,0
2022-01-21 06:00:00+00:00,1837.964,1838.976,1828.186,1831.803,14839.0,8,4,1,0
2022-01-21 10:00:00+00:00,1831.807,1843.095,1831.104,1834.523,25850.0,12,4,1,1
2022-01-21 14:00:00+00:00,1834.555,1835.091,1830.136,1831.54,15330.0,16,4,1,3
2022-01-21 18:00:00+00:00,1831.51,1835.008,1828.483,1834.664,5892.0,20,4,1,0
2022-01-23 18:00:00+00:00,1833.144,1837.088,1833.123,1834.669,2717.0,20,6,1,0
2022-01-23 22:00:00+00:00,1834.699,1837.382,1832.484,1836.502,10098.0,0,0,1,0
2022-01-24 02:00:00+00:00,1836.499,1839.529,1836.179,1837.951,9580.0,4,0,1,0
2022-01-24 06:00:00+00:00,1837.92,1844.01,1837.068,1838.151,14795.0,8,0,1,0
2022-01-24 10:00:00+00:00,1838.136,1842.971,1829.487,1834.421,29447.0,12,0,1,1
2022-01-24 14:00:00+00:00,1834.451,1843.022,1832.511,1838.704,18885.0,16,0,1,3
2022-01-24 18:00:00+00:00,1838.674,1844.124,1837.703,1843.521,8223.0,20,0,1,0
2022-01-24 22:00:00+00:00,1843.527,1843.569,1839.423,1842.19,10384.0,0,1,1,0
2022-01-25 02:00:00+00:00,1842.189,1843.26,1840.304,1840.742,9819.0,4,1,1,0
2022-01-25 06:00:00+00:00,1840.713,1843.126,1834.667,1837.609,13820.0,8,1,1,0
2022-01-25 10:00:00+00:00,1837.599,1852.794,1837.527,1846.895,27739.0,12,1,1,1
2022-01-25 14:00:00+00:00,1846.865,1853.785,1845.097,1851.698,17296.0,16,1,1,3
2022-01-25 18:00:00+00:00,1851.664,1851.907,1846.95,1849.526,7154.0,20,1,1,0
2022-01-25 22:00:00+00:00,1849.505,1849.51,1846.504,1846.991,8024.0,0,2,1,0
2022-01-26 02:00:00+00:00,1847.007,1848.645,1843.685,1843.903,7931.0,4,2,1,0
2022-01-26 06:00:00+00:00,1843.911,1847.657,1842.622,1843.051,11703.0,8,2,1,0
2022-01-26 10:00:00+00:00,1843.085,1848.004,1831.03,1834.087,24500.0,12,2,1,1
2022-01-26 14:00:00+00:00,1834.118,1834.41,1815.383,1819.488,36156.0,16,2,1,3
2022-01-26 18:00:00+00:00,1819.455,1822.078,1814.84,1821.928,19321.0,20,2,1,0
2022-01-26 22:00:00+00:00,1821.924,1821.949,1812.693,1815.907,15407.0,0,3,1,0
2022-01-27 02:00:00+00:00,1815.876,1816.508,1809.849,1810.902,15446.0,4,3,1,0
2022-01-27 06:00:00+00:00,1810.871,1816.835,1807.24,1811.377,16463.0,8,3,1,0
2022-01-27 10:00:00+00:00,1811.345,1813.632,1795.365,1796.429,33531.0,12,3,1,1
2022-01-27 14:00:00+00:00,1796.398,1798.377,1791.76,1792.901,20086.0,16,3,1,3
2022-01-27 18:00:00+00:00,1792.922,1798.257,1792.14,1797.205,8652.0,20,3,1,0
2022-01-27 22:00:00+00:00,1797.232,1799.343,1795.03,1799.079,11401.0,0,4,1,0
2022-01-28 02:00:00+00:00,1799.065,1799.322,1795.59,1795.879,11220.0,4,4,1,0
2022-01-28 06:00:00+00:00,1795.849,1795.849,1780.165,1785.597,16805.0,8,4,1,0
2022-01-28 10:00:00+00:00,1785.57,1792.755,1780.453,1782.833,35809.0,12,4,1,1
2022-01-28 14:00:00+00:00,1782.803,1788.304,1781.868,1786.902,17573.0,16,4,1,3
2022-01-28 18:00:00+00:00,1786.938,1792.096,1786.748,1791.634,4928.0,20,4,1,0
2022-01-30 18:00:00+00:00,1789.345,1790.575,1788.327,1789.464,2523.0,20,6,1,0
2022-01-30 22:00:00+00:00,1789.494,1790.243,1786.257,1786.957,9512.0,0,0,1,0
2022-01-31 02:00:00+00:00,1786.982,1789.359,1785.425,1788.73,10388.0,4,0,1,0
2022-01-31 06:00:00+00:00,1788.763,1793.62,1787.021,1792.263,13940.0,8,0,1,0
2022-01-31 10:00:00+00:00,1792.269,1799.629,1789.559,1796.252,25669.0,12,0,1,1
2022-01-31 14:00:00+00:00,1796.276,1799.841,1794.833,1798.454,14756.0,16,0,1,3
2022-01-31 18:00:00+00:00,1798.485,1799.702,1796.29,1797.738,7155.0,20,0,1,0
2022-01-31 22:00:00+00:00,1797.736,1799.323,1795.718,1796.601,7837.0,0,1,2,0
2022-02-01 02:00:00+00:00,1796.587,1804.362,1796.288,1803.981,10443.0,4,1,2,0
2022-02-01 06:00:00+00:00,1803.949,1808.249,1801.846,1806.167,12578.0,8,1,2,0
2022-02-01 10:00:00+00:00,1806.163,1808.524,1797.702,1804.367,30516.0,12,1,2,1
2022-02-01 14:00:00+00:00,1804.337,1807.868,1799.342,1799.419,13967.0,16,1,2,3
2022-02-01 18:00:00+00:00,1799.388,1802.302,1798.502,1800.694,6427.0,20,1,2,0
2022-02-01 22:00:00+00:00,1800.711,1801.591,1797.293,1797.617,7044.0,0,2,2,0
2022-02-02 02:00:00+00:00,1797.611,1798.999,1794.218,1796.691,9139.0,4,2,2,0
2022-02-02 06:00:00+00:00,1796.721,1803.598,1796.377,1802.784,12398.0,8,2,2,0
2022-02-02 10:00:00+00:00,1802.799,1810.423,1800.506,1808.522,26380.0,12,2,2,1
2022-02-02 14:00:00+00:00,1808.517,1810.736,1807.303,1807.44,13267.0,16,2,2,3
2022-02-02 18:00:00+00:00,1807.422,1808.207,1805.081,1807.83,5704.0,20,2,2,0
2022-02-02 22:00:00+00:00,1807.797,1808.931,1805.936,1807.053,6295.0,0,3,2,0
2022-02-03 02:00:00+00:00,1807.04,1807.167,1803.063,1804.529,7702.0,4,3,2,0
2022-02-03 06:00:00+00:00,1804.499,1806.04,1802.21,1804.241,10458.0,8,3,2,0
2022-02-03 10:00:00+00:00,1804.182,1805.056,1788.521,1803.086,41656.0,12,3,2,1
2022-02-03 14:00:00+00:00,1803.056,1807.605,1801.049,1805.049,16868.0,16,3,2,3
2022-02-03 18:00:00+00:00,1805.079,1806.446,1804.546,1805.719,5855.0,20,3,2,0
2022-02-03 22:00:00+00:00,1805.691,1807.526,1804.957,1806.516,7946.0,0,4,2,0
2022-02-04 02:00:00+00:00,1806.486,1808.982,1805.77,1807.279,9654.0,4,4,2,0
2022-02-04 06:00:00+00:00,1807.309,1814.374,1806.158,1810.949,13775.0,8,4,2,0
2022-02-04 10:00:00+00:00,1810.98,1814.862,1792.076,1803.835,42873.0,12,4,2,1
2022-02-04 14:00:00+00:00,1803.824,1808.601,1803.086,1806.822,14676.0,16,4,2,3
2022-02-04 18:00:00+00:00,1806.852,1808.248,1805.995,1807.732,4086.0,20,4,2,0
2022-02-06 18:00:00+00:00,1808.436,1811.438,1807.877,1810.028,2355.0,20,6,2,0
2022-02-06 22:00:00+00:00,1810.035,1815.19,1808.658,1809.866,13064.0,0,0,2,0
2022-02-07 02:00:00+00:00,1809.842,1812.974,1808.628,1812.974,9555.0,4,0,2,0
2022-02-07 06:00:00+00:00,1813.005,1814.104,1809.965,1813.58,13176.0,8,0,2,0
2022-02-07 10:00:00+00:00,1813.553,1816.964,1811.635,1815.841,21110.0,12,0,2,1
2022-02-07 14:00:00+00:00,1815.874,1823.503,1814.243,1822.251,13469.0,16,0,2,3
2022-02-07 18:00:00+00:00,1822.284,1822.599,1820.198,1822.004,5214.0,20,0,2,0
2022-02-07 22:00:00+00:00,1821.979,1823.238,1820.223,1821.836,9085.0,0,1,2,0
2022-02-08 02:00:00+00:00,1821.833,1822.27,1815.347,1817.227,10775.0,4,1,2,0
2022-02-08 06:00:00+00:00,1817.25,1820.976,1817.135,1818.046,11930.0,8,1,2,0
2022-02-08 10:00:00+00:00,1818.069,1828.344,1817.194,1824.497,20190.0,12,1,2,1
2022-02-08 14:00:00+00:00,1824.494,1828.737,1824.333,1826.886,10831.0,16,1,2,3
2022-02-08 18:00:00+00:00,1826.91,1827.782,1825.469,1826.134,4457.0,20,1,2,0
2022-02-08 22:00:00+00:00,1825.759,1828.653,1825.342,1828.038,6623.0,0,2,2,0
2022-02-09 02:00:00+00:00,1828.072,1829.05,1825.647,1826.692,8896.0,4,2,2,0
2022-02-09 06:00:00+00:00,1826.662,1828.329,1825.656,1826.817,9910.0,8,2,2,0
2022-02-09 10:00:00+00:00,1826.828,1832.361,1824.344,1828.391,20682.0,12,2,2,1
2022-02-09 14:00:00+00:00,1828.358,1835.783,1828.265,1833.269,12988.0,16,2,2,3
2022-02-09 18:00:00+00:00,1833.292,1833.44,1831.127,1832.541,4988.0,20,2,2,0
2022-02-09 22:00:00+00:00,1832.543,1834.712,1831.505,1834.05,8078.0,0,3,2,0
2022-02-10 02:00:00+00:00,1834.051,1836.02,1833.439,1834.61,8421.0,4,3,2,0
2022-02-10 06:00:00+00:00,1834.578,1834.734,1830.237,1832.271,10655.0,8,3,2,0
2022-02-10 10:00:00+00:00,1832.296,1840.499,1821.482,1835.628,40963.0,12,3,2,1
2022-02-10 14:00:00+00:00,1835.623,1841.879,1828.761,1829.669,27079.0,16,3,2,3
2022-02-10 18:00:00+00:00,1829.7,1830.208,1825.407,1826.796,10445.0,20,3,2,0
2022-02-10 22:00:00+00:00,1826.765,1827.13,1823.682,1824.939,10931.0,0,4,2,0
2022-02-11 02:00:00+00:00,1824.936,1826.01,1820.541,1825.96,13019.0,4,4,2,0
2022-02-11 06:00:00+00:00,1826.117,1827.751,1825.12,1827.177,12446.0,8,4,2,0
2022-02-11 10:00:00+00:00,1827.151,1837.017,1824.822,1835.815,26233.0,12,4,2,1
2022-02-11 14:00:00+00:00,1835.846,1862.186,1832.715,1858.941,48326.0,16,4,2,3
2022-02-11 18:00:00+00:00,1858.909,1865.332,1857.497,1858.955,15075.0,20,4,2,0
2022-02-13 18:00:00+00:00,1855.638,1861.547,1855.387,1859.56,4307.0,20,6,2,0
2022-02-13 22:00:00+00:00,1859.538,1860.652,1852.009,1853.072,14585.0,0,0,2,0
2022-02-14 02:00:00+00:00,1853.05,1855.194,1850.562,1854.304,12445.0,4,0,2,0
2022-02-14 06:00:00+00:00,1854.334,1858.436,1852.152,1856.382,16428.0,8,0,2,0
2022-02-14 10:00:00+00:00,1856.38,1870.941,1851.234,1868.199,34159.0,12,0,2,1
2022-02-14 14:00:00+00:00,1868.168,1874.102,1860.267,1868.033,24917.0,16,0,2,3
2022-02-14 18:00:00+00:00,1868.065,1873.51,1868.031,1871.048,8144.0,20,0,2,0
2022-02-14 22:00:00+00:00,1871.07,1878.904,1870.045,1877.407,11243.0,0,1,2,0
2022-02-15 02:00:00+00:00,1877.376,1879.466,1875.058,1875.634,11805.0,4,1,2,0
2022-02-15 06:00:00+00:00,1875.646,1877.137,1849.809,1852.446,25302.0,8,1,2,0
2022-02-15 10:00:00+00:00,1852.468,1857.119,1844.121,1847.88,32624.0,12,1,2,1
2022-02-15 14:00:00+00:00,1847.882,1856.443,1846.431,1854.358,14547.0,16,1,2,3
2022-02-15 18:00:00+00:00,1854.388,1856.193,1851.464,1852.964,6785.0,20,1,2,0
2022-02-15 22:00:00+00:00,1852.951,1853.144,1850.275,1852.707,9718.0,0,2,2,0
2022-02-16 02:00:00+00:00,1852.676,1856.753,1852.206,1855.174,9813.0,4,2,2,0
2022-02-16 06:00:00+00:00,1855.178,1859.565,1853.96,1856.399,11716.0,8,2,2,0
2022-02-16 10:00:00+00:00,1856.368,1864.625,1851.281,1862.667,22880.0,12,2,2,1
2022-02-16 14:00:00+00:00,1862.636,1872.221,1861.418,1870.382,22124.0,16,2,2,3
2022-02-16 18:00:00+00:00,1870.413,1872.512,1867.379,1869.906,8679.0,20,2,2,0
2022-02-16 22:00:00+00:00,1869.938,1874.653,1867.772,1874.372,12245.0,0,3,2,0
2022-02-17 02:00:00+00:00,1874.405,1877.138,1870.255,1876.097,19933.0,4,3,2,0
2022-02-17 06:00:00+00:00,1876.062,1892.973,1875.31,1883.598,24734.0,8,3,2,0
2022-02-17 10:00:00+00:00,1883.593,1897.438,1882.752,1895.275,34347.0,12,3,2,1
2022-02-17 14:00:00+00:00,1895.307,1900.989,1893.058,1899.854,19166.0,16,3,2,3
2022-02-17 18:00:00+00:00,1899.888,1900.234,1897.275,1899.944,7369.0,20,3,2,0
2022-02-17 22:00:00+00:00,1899.977,1902.395,1888.033,1891.021,14541.0,0,4,2,0
2022-02-18 02:00:00+00:00,1891.031,1893.336,1889.518,1891.618,11837.0,4,4,2,0
2022-02-18 06:00:00+00:00,1891.65,1895.788,1886.288,1891.165,15181.0,8,4,2,0
2022-02-18 10:00:00+00:00,1891.197,1899.974,1889.375,1891.844,26301.0,12,4,2,1
2022-02-18 14:00:00+00:00,1891.833,1897.879,1891.207,1895.491,16390.0,16,4,2,3
2022-02-18 18:00:00+00:00,1895.459,1899.425,1893.563,1897.807,5782.0,20,4,2,0
2022-02-20 18:00:00+00:00,1903.076,1906.406,1900.349,1904.863,3826.0,20,6,2,0
2022-02-20 22:00:00+00:00,1904.861,1908.105,1891.299,1896.819,18258.0,0,0,2,0
2022-02-21 02:00:00+00:00,1896.788,1897.002,1887.562,1891.622,13829.0,4,0,2,0
2022-02-21 06:00:00+00:00,1891.593,1898.628,1891.289,1894.581,13890.0,8,0,2,0
2022-02-21 10:00:00+00:00,1894.587,1897.507,1892.349,1895.344,18374.0,12,0,2,1
2022-02-21 14:00:00+00:00,1895.322,1905.11,1895.322,1903.362,7123.0,16,0,2,3
2022-02-21 18:00:00+00:00,1909.602,1914.018,1907.745,1909.377,7086.0,20,0,2,0
2022-02-21 22:00:00+00:00,1909.376,1913.754,1905.196,1908.418,13254.0,0,1,2,0
2022-02-22 02:00:00+00:00,1908.423,1913.224,1907.138,1908.568,11661.0,4,1,2,0
2022-02-22 06:00:00+00:00,1908.551,1911.69,1891.161,1893.764,21720.0,8,1,2,0
2022-02-22 10:00:00+00:00,1893.798,1907.09,1893.725,1897.826,29932.0,12,1,2,1
2022-02-22 14:00:00+00:00,1897.845,1905.64,1896.839,1901.54,19009.0,16,1,2,3
2022-02-22 18:00:00+00:00,1901.51,1901.61,1897.596,1898.158,7644.0,20,1,2,0
2022-02-22 22:00:00+00:00,1898.156,1901.257,1897.816,1899.736,8655.0,0,2,2,0
2022-02-23 02:00:00+00:00,1899.737,1899.797,1893.149,1894.815,11318.0,4,2,2,0
2022-02-23 06:00:00+00:00,1894.785,1897.625,1889.367,1894.745,15343.0,8,2,2,0
2022-02-23 10:00:00+00:00,1894.715,1908.343,1893.519,1907.422,24602.0,12,2,2,1
2022-02-23 14:00:00+00:00,1907.428,1910.458,1905.45,1907.12,16268.0,16,2,2,3
2022-02-23 18:00:00+00:00,1907.109,1911.524,1904.583,1910.758,8801.0,20,2,2,0
2022-02-23 22:00:00+00:00,1910.754,1930.968,1910.075,1928.997,25488.0,0,3,2,0
2022-02-24 02:00:00+00:00,1929.027,1948.64,1928.955,1944.927,43223.0,4,3,2,0
2022-02-24 06:00:00+00:00,1945.241,1974.331,1938.896,1961.483,41567.0,8,3,2,0
2022-02-24 10:00:00+00:00,1961.514,1966.938,1913.204,1928.779,70375.0,12,3,2,1
2022-02-24 14:00:00+00:00,1928.812,1930.203,1877.772,1887.688,45534.0,16,3,2,3
2022-02-24 18:00:00+00:00,1887.723,1913.563,1880.373,1906.5,22222.0,20,3,2,0
2022-02-24 22:00:00+00:00,1906.531,1921.484,1904.33,1914.17,24896.0,0,4,2,0
2022-02-25 02:00:00+00:00,1914.171,1921.285,1910.87,1913.226,18439.0,4,4,2,0
2022-02-25 06:00:00+00:00,1913.374,1915.722,1892.629,1898.896,28353.0,8,4,2,0
2022-02-25 10:00:00+00:00,1898.863,1906.93,1882.823,1889.133,48301.0,12,4,2,1
2022-02-25 14:00:00+00:00,1889.157,1890.871,1883.089,1890.564,20583.0,16,4,2,3
2022-02-25 18:00:00+00:00,1890.532,1892.83,1886.768,1889.003,6327.0,20,4,2,0
2022-02-27 18:00:00+00:00,1920.95,1927.279,1904.347,1910.214,13716.0,20,6,2,0
2022-02-27 22:00:00+00:00,1910.181,1919.182,1904.358,1907.415,27365.0,0,0,2,0
2022-02-28 02:00:00+00:00,1907.447,1911.856,1893.111,1896.356,23681.0,4,0,2,0
2022-02-28 06:00:00+00:00,1896.387,1908.866,1894.812,1905.6,20408.0,8,0,2,0
2022-02-28 10:00:00+00:00,1905.601,1918.249,1904.336,1908.209,32491.0,12,0,2,1
2022-02-28 14:00:00+00:00,1908.241,1908.343,1890.826,1906.443,27963.0,16,0,2,3
2022-02-28 18:00:00+00:00,1906.479,1910.869,1904.64,1906.268,10282.0,20,0,2,0
2022-02-28 22:00:00+00:00,1906.236,1907.804,1901.217,1905.654,11765.0,0,1,3,0
2022-03-01 02:00:00+00:00,1905.623,1908.736,1904.57,1907.67,12261.0,4,1,3,0
2022-03-01 06:00:00+00:00,1907.702,1926.301,1907.182,1920.251,24249.0,8,1,3,0
2022-03-01 10:00:00+00:00,1920.282,1929.705,1910.869,1926.538,40844.0,12,1,3,1
2022-03-01 14:00:00+00:00,1926.568,1942.741,1923.269,1940.349,34079.0,16,1,3,3
2022-03-01 18:00:00+00:00,1940.358,1949.979,1939.195,1942.269,14738.0,20,1,3,0
2022-03-01 22:00:00+00:00,1942.264,1943.775,1930.979,1935.777,19388.0,0,2,3,0
2022-03-02 02:00:00+00:00,1935.747,1947.706,1931.555,1944.728,21836.0,4,2,3,0
2022-03-02 06:00:00+00:00,1944.744,1944.744,1913.468,1929.352,33064.0,8,2,3,0
2022-03-02 10:00:00+00:00,1929.322,1935.584,1922.238,1926.912,41967.0,12,2,3,1
2022-03-02 14:00:00+00:00,1926.941,1928.531,1914.908,1927.752,28994.0,16,2,3,3
2022-03-02 18:00:00+00:00,1927.783,1933.286,1924.627,1928.835,11076.0,20,2,3,0
2022-03-02 22:00:00+00:00,1928.805,1930.783,1926.162,1927.406,13601.0,0,3,3,0
2022-03-03 02:00:00+00:00,1927.401,1932.313,1921.838,1932.067,16031.0,4,3,3,0
2022-03-03 06:00:00+00:00,1932.097,1938.651,1923.508,1932.448,21135.0,8,3,3,0
2022-03-03 10:00:00+00:00,1932.426,1937.034,1924.367,1926.243,36031.0,12,3,3,1
2022-03-03 14:00:00+00:00,1926.257,1935.694,1923.018,1935.262,25427.0,16,3,3,3
2022-03-03 18:00:00+00:00,1935.256,1941.243,1934.837,1934.87,9656.0,20,3,3,0
2022-03-03 22:00:00+00:00,1934.879,1950.82,1929.366,1939.554,34555.0,0,4,3,0
2022-03-04 02:00:00+00:00,1939.568,1940.575,1934.028,1936.131,16529.0,4,4,3,0
2022-03-04 06:00:00+00:00,1936.163,1949.008,1933.96,1946.416,21786.0,8,4,3,0
2022-03-04 10:00:00+00:00,1946.384,1959.367,1939.835,1957.928,42663.0,12,4,3,1
2022-03-04 14:00:00+00:00,1957.958,1969.946,1956.684,1967.101,26505.0,16,4,3,3
2022-03-04 18:00:00+00:00,1967.069,1970.844,1965.22,1970.317,10687.0,20,4,3,0
2022-03-06 18:00:00+00:00,1981.416,1991.349,1981.269,1988.583,11613.0,20,6,3,0
2022-03-06 22:00:00+00:00,1988.6,2000.777,1984.726,1989.979,36672.0,0,0,3,0
2022-03-07 02:00:00+00:00,1989.952,1993.08,1975.732,1992.957,26872.0,4,0,3,0
2022-03-07 06:00:00+00:00,1992.992,2002.716,1985.641,1990.265,34198.0,8,0,3,0
2022-03-07 10:00:00+00:00,1990.232,1991.365,1960.799,1980.854,71864.0,12,0,3,1
2022-03-07 14:00:00+00:00,1980.886,1997.314,1974.719,1995.936,39055.0,16,0,3,3
2022-03-07 18:00:00+00:00,1995.967,1999.819,1992.181,1998.703,14163.0,20,0,3,0
2022-03-07 22:00:00+00:00,1998.736,2000.034,1980.856,1985.959,20753.0,0,1,3,0
2022-03-08 02:00:00+00:00,1985.938,2020.735,1985.532,2016.256,31917.0,4,1,3,0
2022-03-08 06:00:00+00:00,2016.226,2020.12,1999.141,2009.193,36264.0,8,1,3,0
2022-03-08 10:00:00+00:00,2009.204,2069.768,2003.473,2047.128,94518.0,12,1,3,1
2022-03-08 14:00:00+00:00,2047.161,2070.292,2021.108,2039.377,112787.0,16,1,3,3
2022-03-08 18:00:00+00:00,2039.418,2054.176,2032.377,2043.828,21181.0,20,1,3,0
2022-03-08 22:00:00+00:00,2043.799,2057.488,2035.119,2056.863,31706.0,0,2,3,0
2022-03-09 02:00:00+00:00,2056.885,2059.01,2038.076,2045.861,29688.0,4,2,3,0
2022-03-09 06:00:00+00:00,2045.892,2049.282,2003.916,2011.643,52877.0,8,2,3,0
2022-03-09 10:00:00+00:00,2011.646,2021.478,1975.866,1995.851,77866.0,12,2,3,1
2022-03-09 14:00:00+00:00,1995.853,2005.481,1979.577,1989.567,52691.0,16,2,3,3
2022-03-09 18:00:00+00:00,1989.559,1999.081,1986.905,1989.867,17748.0,20,2,3,0
2022-03-09 22:00:00+00:00,1989.862,1989.975,1970.412,1976.396,26025.0,0,3,3,0
2022-03-10 02:00:00+00:00,1976.398,1988.945,1974.103,1975.103,22714.0,4,3,3,0
2022-03-10 06:00:00+00:00,1975.213,2007.865,1974.712,2005.187,44756.0,8,3,3,0
2022-03-10 10:00:00+00:00,2005.22,2009.102,1981.503,1995.151,65555.0,12,3,3,1
2022-03-10 14:00:00+00:00,1995.158,2005.99,1990.336,1996.217,35511.0,16,3,3,3
2022-03-10 18:00:00+00:00,1996.222,2003.349,1993.921,1995.387,11466.0,20,3,3,0
2022-03-10 22:00:00+00:00,1995.388,1997.308,1988.201,1991.04,16751.0,0,4,3,0
2022-03-11 02:00:00+00:00,1991.045,1992.452,1980.871,1991.398,19951.0,4,4,3,0
2022-03-11 06:00:00+00:00,1991.554,1994.983,1969.345,1979.558,28658.0,8,4,3,0
2022-03-11 10:00:00+00:00,1979.571,1982.015,1958.366,1980.713,58446.0,12,4,3,1
2022-03-11 14:00:00+00:00,1980.734,1989.99,1978.305,1985.488,31239.0,16,4,3,3
2022-03-11 18:00:00+00:00,1985.485,1988.392,1982.142,1988.214,7977.0,20,4,3,0
2022-03-13 18:00:00+00:00,1980.342,1983.847,1970.76,1974.302,8522.0,20,6,3,0
2022-03-13 22:00:00+00:00,1974.263,1978.865,1969.792,1975.64,16348.0,0,0,3,0
2022-03-14 02:00:00+00:00,1975.642,1978.272,1970.997,1972.738,15632.0,4,0,3,0
2022-03-14 06:00:00+00:00,1972.77,1973.468,1954.337,1965.321,29371.0,8,0,3,0
2022-03-14 10:00:00+00:00,1965.288,1967.921,1949.352,1954.603,41498.0,12,0,3,1
2022-03-14 14:00:00+00:00,1954.6,1961.861,1950.622,1952.63,22973.0,16,0,3,3
2022-03-14 18:00:00+00:00,1952.6,1954.617,1950.197,1952.184,6613.0,20,0,3,0
2022-03-14 22:00:00+00:00,1952.176,1952.208,1939.371,1942.142,20274.0,0,1,3,0
2022-03-15 02:00:00+00:00,1942.154,1942.336,1924.697,1929.224,24151.0,4,1,3,0
2022-03-15 06:00:00+00:00,1929.194,1935.33,1920.527,1926.511,27244.0,8,1,3,0
2022-03-15 10:00:00+00:00,1926.481,1928.775,1906.916,1925.182,49306.0,12,1,3,1
2022-03-15 14:00:00+00:00,1925.214,1930.951,1916.276,1916.736,27086.0,16,1,3,3
2022-03-15 18:00:00+00:00,1916.706,1920.564,1913.874,1918.085,6169.0,20,1,3,0
2022-03-15 22:00:00+00:00,1918.082,1924.791,1917.17,1917.903,15825.0,0,2,3,0
2022-03-16 02:00:00+00:00,1917.901,1919.946,1912.326,1916.104,14472.0,4,2,3,0
2022-03-16 06:00:00+00:00,1916.134,1926.994,1911.517,1924.64,20896.0,8,2,3,0
2022-03-16 10:00:00+00:00,1924.607,1925.559,1903.516,1911.708,43202.0,12,2,3,1
2022-03-16 14:00:00+00:00,1911.705,1929.333,1894.75,1928.002,50234.0,16,2,3,3
2022-03-16 18:00:00+00:00,1927.966,1929.424,1921.339,1926.898,8002.0,20,2,3,0
2022-03-16 22:00:00+00:00,1926.899,1938.096,1925.557,1936.376,17395.0,0,3,3,0
2022-03-17 02:00:00+00:00,1936.375,1937.409,1929.932,1935.46,14814.0,4,3,3,0
2022-03-17 06:00:00+00:00,1935.491,1946.843,1934.724,1943.164,20874.0,8,3,3,0
2022-03-17 10:00:00+00:00,1943.219,1949.689,1935.477,1948.121,37591.0,12,3,3,1
2022-03-17 14:00:00+00:00,1948.113,1948.269,1935.453,1937.412,20705.0,16,3,3,3
2022-03-17 18:00:00+00:00,1937.38,1944.13,1936.372,1943.947,6410.0,20,3,3,0
2022-03-17 22:00:00+00:00,1943.915,1945.34,1926.399,1935.063,17716.0,0,4,3,0
2022-03-18 02:00:00+00:00,1935.061,1935.981,1929.723,1934.367,13783.0,4,4,3,0
2022-03-18 06:00:00+00:00,1934.331,1940.667,1928.886,1939.93,18818.0,8,4,3,0
2022-03-18 10:00:00+00:00,1939.953,1940.83,1921.309,1932.37,38531.0,12,4,3,1
2022-03-18 14:00:00+00:00,1932.378,1932.961,1917.946,1919.963,21840.0,16,4,3,3
2022-03-18 18:00:00+00:00,1919.994,1921.774,1918.162,1921.271,2610.0,20,4,3,0
2022-03-20 18:00:00+00:00,1925.067,1926.334,1918.261,1918.985,4780.0,20,6,3,0
2022-03-20 22:00:00+00:00,1919.007,1928.643,1918.771,1926.392,13278.0,0,0,3,0
2022-03-21 02:00:00+00:00,1926.398,1928.865,1921.825,1925.027,12053.0,4,0,3,0
2022-03-21 06:00:00+00:00,1925.033,1928.659,1922.519,1925.325,14966.0,8,0,3,0
2022-03-21 10:00:00+00:00,1925.331,1937.276,1917.662,1935.042,28970.0,12,0,3,1
2022-03-21 14:00:00+00:00,1935.045,1941.097,1926.962,1935.125,24741.0,16,0,3,3
2022-03-21 18:00:00+00:00,1935.092,1937.067,1933.799,1935.506,4932.0,20,0,3,0
2022-03-21 22:00:00+00:00,1935.543,1937.935,1929.342,1936.734,14516.0,0,1,3,0
2022-03-22 02:00:00+00:00,1936.767,1938.331,1932.167,1933.406,13168.0,4,1,3,0
2022-03-22 06:00:00+00:00,1933.475,1933.475,1922.696,1927.693,22595.0,8,1,3,0
2022-03-22 10:00:00+00:00,1927.662,1930.671,1910.378,1917.897,35276.0,12,1,3,1
2022-03-22 14:00:00+00:00,1917.877,1924.845,1917.64,1921.636,18657.0,16,1,3,3
2022-03-22 18:00:00+00:00,1921.667,1922.195,1919.427,1919.665,4881.0,20,1,3,0
2022-03-22 22:00:00+00:00,1919.663,1924.364,1915.575,1921.822,12702.0,0,2,3,0
2022-03-23 02:00:00+00:00,1921.821,1922.482,1916.683,1920.56,10009.0,4,2,3,0
2022-03-23 06:00:00+00:00,1920.572,1934.992,1920.348,1930.619,19094.0,8,2,3,0
2022-03-23 10:00:00+00:00,1930.653,1936.657,1924.881,1929.397,26601.0,12,2,3,1
2022-03-23 14:00:00+00:00,1929.4,1948.282,1927.726,1946.558,19357.0,16,2,3,3
2022-03-23 18:00:00+00:00,1946.59,1947.385,1943.832,1946.104,5820.0,20,2,3,0
2022-03-23 22:00:00+00:00,1946.106,1948.555,1938.685,1938.864,13462.0,0,3,3,0
2022-03-24 02:00:00+00:00,1938.856,1944.005,1937.434,1943.872,12424.0,4,3,3,0
2022-03-24 06:00:00+00:00,1943.875,1956.693,1937.879,1956.197,20283.0,8,3,3,0
2022-03-24 10:00:00+00:00,1956.256,1965.654,1942.467,1962.978,41744.0,12,3,3,1
2022-03-24 14:00:00+00:00,1963.008,1966.151,1960.651,1961.603,18374.0,16,3,3,3
2022-03-24 18:00:00+00:00,1961.633,1962.332,1956.215,1959.217,5144.0,20,3,3,0
2022-03-24 22:00:00+00:00,1959.236,1964.253,1957.76,1960.882,12690.0,0,4,3,0
2022-03-25 02:00:00+00:00,1960.867,1962.395,1952.985,1954.77,12131.0,4,4,3,0
2022-03-25 06:00:00+00:00,1954.774,1960.614,1949.887,1953.195,17699.0,8,4,3,0
2022-03-25 10:00:00+00:00,1953.193,1961.617,1943.079,1957.14,37534.0,12,4,3,1
2022-03-25 14:00:00+00:00,1957.147,1959.481,1951.643,1954.492,17884.0,16,4,3,3
2022-03-25 18:00:00+00:00,1954.495,1958.481,1953.892,1958.248,1819.0,20,4,3,0
2022-03-27 18:00:00+00:00,1955.588,1957.911,1954.787,1957.222,4351.0,20,6,3,0
2022-03-27 22:00:00+00:00,1957.209,1958.405,1941.909,1944.528,19587.0,0,0,3,0
2022-03-28 02:00:00+00:00,1944.553,1944.815,1931.284,1933.034,20550.0,4,0,3,0
2022-03-28 06:00:00+00:00,1933.231,1934.28,1925.211,1930.178,23386.0,8,0,3,0
2022-03-28 10:00:00+00:00,1930.171,1945.352,1929.599,1936.67,38220.0,12,0,3,1
2022-03-28 14:00:00+00:00,1936.7,1940.088,1916.898,1919.232,21016.0,16,0,3,3
2022-03-28 18:00:00+00:00,1919.201,1925.009,1918.945,1924.041,7642.0,20,0,3,0
2022-03-28 22:00:00+00:00,1924.04,1929.272,1921.346,1924.96,17186.0,0,1,3,0
2022-03-29 02:00:00+00:00,1924.993,1925.188,1918.56,1919.215,16266.0,4,1,3,0
2022-03-29 06:00:00+00:00,1919.296,1920.757,1900.705,1908.022,26630.0,8,1,3,0
2022-03-29 10:00:00+00:00,1907.988,1915.309,1890.113,1915.209,52293.0,12,1,3,1
2022-03-29 14:00:00+00:00,1915.24,1921.356,1912.728,1919.306,17251.0,16,1,3,3
2022-03-29 18:00:00+00:00,1919.291,1921.39,1916.25,1916.354,5381.0,20,1,3,0
2022-03-29 22:00:00+00:00,1916.363,1925.497,1915.905,1923.643,16541.0,0,2,3,0
2022-03-30 02:00:00+00:00,1923.636,1928.229,1920.513,1920.97,18552.0,4,2,3,0
2022-03-30 06:00:00+00:00,1920.934,1925.534,1917.002,1923.786,19638.0,8,2,3,0
2022-03-30 10:00:00+00:00,1923.792,1938.489,1922.371,1936.988,34544.0,12,2,3,1
2022-03-30 14:00:00+00:00,1937.02,1937.12,1930.443,1934.231,13673.0,16,2,3,3
2022-03-30 18:00:00+00:00,1934.263,1935.923,1931.667,1934.017,4175.0,20,2,3,0
2022-03-30 22:00:00+00:00,1934.044,1934.151,1923.787,1925.078,16640.0,0,3,3,0
2022-03-31 02:00:00+00:00,1925.077,1933.519,1918.817,1931.294,19327.0,4,3,3,0
2022-03-31 06:00:00+00:00,1931.296,1932.596,1922.336,1930.945,18061.0,8,3,3,0
2022-03-31 10:00:00+00:00,1930.913,1945.083,1928.085,1944.314,31397.0,12,3,3,1
2022-03-31 14:00:00+00:00,1944.344,1949.76,1934.942,1936.653,18850.0,16,3,3,3
2022-03-31 18:00:00+00:00,1936.685,1937.893,1934.757,1936.702,6496.0,20,3,3,0
2022-03-31 22:00:00+00:00,1936.704,1938.585,1932.514,1938.199,13649.0,0,4,4,0
2022-04-01 02:00:00+00:00,1938.201,1939.493,1929.365,1930.67,15270.0,4,4,4,0
2022-04-01 06:00:00+00:00,1930.684,1936.289,1924.248,1928.541,19004.0,8,4,4,0
2022-04-01 10:00:00+00:00,1928.525,1933.942,1918.473,1925.897,41481.0,12,4,4,1
2022-04-01 14:00:00+00:00,1925.928,1926.928,1917.848,1922.578,20083.0,16,4,4,3
2022-04-01 18:00:00+00:00,1922.546,1924.908,1922.161,1924.495,2104.0,20,4,4,0
2022-04-03 18:00:00+00:00,1924.673,1924.995,1921.444,1924.674,3323.0,20,6,4,0
2022-04-03 22:00:00+00:00,1924.635,1926.81,1918.237,1918.95,10290.0,0,0,4,0
2022-04-04 02:00:00+00:00,1918.973,1930.762,1915.19,1929.857,14669.0,4,0,4,0
2022-04-04 06:00:00+00:00,1929.832,1933.024,1925.604,1929.061,15785.0,8,0,4,0
2022-04-04 10:00:00+00:00,1929.056,1936.808,1924.165,1933.609,37595.0,12,0,4,1
2022-04-04 14:00:00+00:00,1933.64,1934.002,1928.769,1932.419,15158.0,16,0,4,3
2022-04-04 18:00:00+00:00,1932.387,1933.763,1930.813,1931.493,4819.0,20,0,4,0
2022-04-04 22:00:00+00:00,1931.51,1933.107,1927.392,1928.527,9561.0,0,1,4,0
2022-04-05 02:00:00+00:00,1928.525,1933.558,1926.253,1927.549,12721.0,4,1,4,0
2022-04-05 06:00:00+00:00,1927.564,1932.362,1925.434,1927.814,18784.0,8,1,4,0
2022-04-05 10:00:00+00:00,1927.845,1944.555,1918.288,1920.323,39101.0,12,1,4,1
2022-04-05 14:00:00+00:00,1920.355,1925.629,1917.767,1920.423,20104.0,16,1,4,3
2022-04-05 18:00:00+00:00,1920.454,1924.085,1920.048,1920.617,6267.0,20,1,4,0
2022-04-05 22:00:00+00:00,1920.618,1925.264,1916.412,1923.828,15578.0,0,2,4,0
2022-04-06 02:00:00+00:00,1923.827,1924.354,1914.737,1921.786,16412.0,4,2,4,0
2022-04-06 06:00:00+00:00,1921.792,1933.482,1918.256,1921.503,23417.0,8,2,4,0
2022-04-06 10:00:00+00:00,1921.496,1931.882,1919.489,1927.893,31166.0,12,2,4,1
2022-04-06 14:00:00+00:00,1927.888,1929.373,1915.353,1925.018,31161.0,16,2,4,3
2022-04-06 18:00:00+00:00,1924.985,1926.602,1922.236,1923.806,5976.0,20,2,4,0
2022-04-06 22:00:00+00:00,1923.783,1927.282,1921.083,1922.271,14023.0,0,3,4,0
2022-04-07 02:00:00+00:00,1922.268,1927.919,1920.496,1925.48,14170.0,4,3,4,0
2022-04-07 06:00:00+00:00,1925.479,1931.661,1923.349,1930.67,17067.0,8,3,4,0
2022-04-07 10:00:00+00:00,1930.668,1937.653,1924.407,1933.719,32588.0,12,3,4,1
2022-04-07 14:00:00+00:00,1933.746,1936.844,1929.506,1932.362,16185.0,16,3,4,3
2022-04-07 18:00:00+00:00,1932.332,1933.694,1929.989,1932.938,6017.0,20,3,4,0
2022-04-07 22:00:00+00:00,1932.968,1935.461,1928.642,1930.913,11733.0,0,4,4,0
2022-04-08 02:00:00+00:00,1930.906,1932.828,1927.668,1931.785,12213.0,4,4,4,0
2022-04-08 06:00:00+00:00,1931.817,1934.527,1929.849,1933.56,13650.0,8,4,4,0
2022-04-08 10:00:00+00:00,1933.595,1948.146,1929.077,1941.531,38154.0,12,4,4,1
2022-04-08 14:00:00+00:00,1941.563,1944.715,1938.944,1944.137,13700.0,16,4,4,3
2022-04-08 18:00:00+00:00,1944.107,1947.868,1943.274,1947.868,1986.0,20,4,4,0
2022-04-10 18:00:00+00:00,1948.292,1950.0,1943.18,1944.606,4962.0,20,6,4,0
2022-04-10 22:00:00+00:00,1944.61,1947.704,1940.092,1942.894,13215.0,0,0,4,0
2022-04-11 02:00:00+00:00,1942.887,1946.85,1939.925,1945.716,15494.0,4,0,4,0
2022-04-11 06:00:00+00:00,1945.735,1961.474,1945.223,1960.582,22086.0,8,0,4,0
2022-04-11 10:00:00+00:00,1960.578,1969.585,1945.684,1951.347,40346.0,12,0,4,1
2022-04-11 14:00:00+00:00,1951.317,1954.583,1940.755,1953.83,17281.0,16,0,4,3
2022-04-11 18:00:00+00:00,1953.799,1955.745,1951.525,1952.799,5931.0,20,0,4,0
2022-04-11 22:00:00+00:00,1952.772,1959.092,1949.785,1959.059,13113.0,0,1,4,0
2022-04-12 02:00:00+00:00,1959.089,1960.446,1952.624,1953.295,15143.0,4,1,4,0
2022-04-12 06:00:00+00:00,1953.281,1957.259,1949.605,1956.604,15748.0,8,1,4,0
2022-04-12 10:00:00+00:00,1956.608,1978.253,1955.238,1970.558,43366.0,12,1,4,1
2022-04-12 14:00:00+00:00,1970.576,1975.877,1964.698,1968.903,20162.0,16,1,4,3
2022-04-12 18:00:00+00:00,1968.936,1968.951,1964.638,1965.922,5133.0,20,1,4,0
2022-04-12 22:00:00+00:00,1965.899,1972.219,1962.745,1969.863,14063.0,0,2,4,0
2022-04-13 02:00:00+00:00,1969.861,1973.503,1965.426,1971.153,15385.0,4,2,4,0
2022-04-13 06:00:00+00:00,1971.201,1980.171,1970.007,1977.994,17381.0,8,2,4,0
2022-04-13 10:00:00+00:00,1978.01,1981.532,1971.707,1980.919,30388.0,12,2,4,1
2022-04-13 14:00:00+00:00,1980.917,1981.498,1974.766,1978.061,15555.0,16,2,4,3
2022-04-13 18:00:00+00:00,1978.093,1979.089,1976.393,1977.083,4779.0,20,2,4,0
2022-04-13 22:00:00+00:00,1977.082,1980.198,1973.523,1973.66,12347.0,0,3,4,0
2022-04-14 02:00:00+00:00,1973.657,1978.007,1970.416,1975.379,14351.0,4,3,4,0
2022-04-14 06:00:00+00:00,1975.452,1979.024,1967.185,1977.134,17436.0,8,3,4,0
2022-04-14 10:00:00+00:00,1977.143,1979.865,1960.42,1966.773,35985.0,12,3,4,1
2022-04-14 14:00:00+00:00,1966.742,1974.917,1966.662,1971.53,14648.0,16,3,4,3
2022-04-14 18:00:00+00:00,1971.584,1973.488,1971.584,1973.111,1025.0,20,3,4,0
2022-04-17 18:00:00+00:00,1972.91,1987.767,1971.978,1986.477,7360.0,20,6,4,0
2022-04-17 22:00:00+00:00,1986.494,1988.503,1982.55,1984.809,16245.0,0,0,4,0
2022-04-18 02:00:00+00:00,1984.823,1992.504,1983.318,1991.492,15301.0,4,0,4,0
2022-04-18 06:00:00+00:00,1991.539,1993.833,1987.68,1991.917,13483.0,8,0,4,0
2022-04-18 10:00:00+00:00,1991.914,1998.178,1982.791,1988.946,30724.0,12,0,4,1
2022-04-18 14:00:00+00:00,1988.954,1990.551,1976.211,1978.261,18665.0,16,0,4,3
2022-04-18 18:00:00+00:00,1978.229,1978.95,1976.208,1977.131,6077.0,20,0,4,0
2022-04-18 22:00:00+00:00,1977.161,1978.839,1974.66,1978.646,13761.0,0,1,4,0
2022-04-19 02:00:00+00:00,1978.64,1980.677,1972.442,1977.899,15505.0,4,1,4,0
2022-04-19 06:00:00+00:00,1977.889,1981.15,1974.708,1980.054,16800.0,8,1,4,0
2022-04-19 10:00:00+00:00,1980.068,1981.76,1950.212,1956.393,44176.0,12,1,4,1
2022-04-19 14:00:00+00:00,1956.386,1958.211,1943.618,1948.115,17306.0,16,1,4,3
2022-04-19 18:00:00+00:00,1948.081,1951.513,1947.255,1949.718,7613.0,20,1,4,0
2022-04-19 22:00:00+00:00,1949.748,1950.108,1942.389,1944.037,18670.0,0,2,4,0
2022-04-20 02:00:00+00:00,1944.042,1946.654,1939.088,1943.768,18034.0,4,2,4,0
2022-04-20 06:00:00+00:00,1943.764,1955.068,1940.126,1952.109,20817.0,8,2,4,0
2022-04-20 10:00:00+00:00,1952.119,1954.556,1943.664,1950.894,30897.0,12,2,4,1
2022-04-20 14:00:00+00:00,1950.931,1958.061,1949.288,1957.911,16509.0,16,2,4,3
2022-04-20 18:00:00+00:00,1957.875,1958.332,1954.622,1956.797,6206.0,20,2,4,0
2022-04-20 22:00:00+00:00,1956.794,1957.397,1950.131,1951.317,13099.0,0,3,4,0
2022-04-21 02:00:00+00:00,1951.287,1953.988,1949.587,1949.745,14360.0,4,3,4,0
2022-04-21 06:00:00+00:00,1949.713,1949.841,1936.478,1939.791,20927.0,8,3,4,0
2022-04-21 10:00:00+00:00,1939.802,1949.504,1937.486,1940.002,33455.0,12,3,4,1
2022-04-21 14:00:00+00:00,1939.988,1954.006,1938.233,1951.041,22063.0,16,3,4,3
2022-04-21 18:00:00+00:00,1951.072,1952.754,1950.332,1950.905,5397.0,20,3,4,0
2022-04-21 22:00:00+00:00,1950.899,1953.551,1945.691,1950.425,16539.0,0,4,4,0
2022-04-22 02:00:00+00:00,1950.427,1955.483,1949.734,1951.073,18230.0,4,4,4,0
2022-04-22 06:00:00+00:00,1951.042,1951.445,1930.481,1935.385,24416.0,8,4,4,0
2022-04-22 10:00:00+00:00,1935.366,1946.215,1926.267,1939.068,40981.0,12,4,4,1
2022-04-22 14:00:00+00:00,1939.102,1940.654,1931.683,1932.591,19471.0,16,4,4,3
2022-04-22 18:00:00+00:00,1932.558,1934.619,1930.924,1931.5,2624.0,20,4,4,0
2022-04-24 18:00:00+00:00,1932.305,1934.435,1929.527,1932.663,4920.0,20,6,4,0
2022-04-24 22:00:00+00:00,1932.661,1932.726,1921.616,1924.115,18871.0,0,0,4,0
2022-04-25 02:00:00+00:00,1924.11,1924.395,1911.98,1915.477,24664.0,4,0,4,0
2022-04-25 06:00:00+00:00,1915.482,1921.124,1905.109,1907.547,23926.0,8,0,4,0
2022-04-25 10:00:00+00:00,1907.545,1909.681,1891.134,1895.729,45972.0,12,0,4,1
2022-04-25 14:00:00+00:00,1895.759,1902.518,1894.441,1897.879,22566.0,16,0,4,3
2022-04-25 18:00:00+00:00,1897.909,1900.582,1897.135,1899.39,6708.0,20,0,4,0
2022-04-25 22:00:00+00:00,1899.375,1905.007,1897.146,1902.231,18141.0,0,1,4,0
2022-04-26 02:00:00+00:00,1902.221,1907.37,1895.449,1896.721,20180.0,4,1,4,0
2022-04-26 06:00:00+00:00,1896.688,1909.407,1896.073,1903.476,18954.0,8,1,4,0
2022-04-26 10:00:00+00:00,1903.51,1911.179,1900.377,1901.67,35592.0,12,1,4,1
2022-04-26 14:00:00+00:00,1901.62,1905.195,1896.461,1900.924,18933.0,16,1,4,3
2022-04-26 18:00:00+00:00,1900.96,1906.981,1900.851,1906.528,7802.0,20,1,4,0
2022-04-26 22:00:00+00:00,1906.529,1906.789,1896.73,1899.066,15537.0,0,2,4,0
2022-04-27 02:00:00+00:00,1899.093,1903.138,1895.746,1897.286,17946.0,4,2,4,0
2022-04-27 06:00:00+00:00,1897.564,1901.33,1885.925,1900.4,23188.0,8,2,4,0
2022-04-27 10:00:00+00:00,1900.399,1906.773,1881.037,1884.964,40607.0,12,2,4,1
2022-04-27 14:00:00+00:00,1884.967,1891.474,1884.773,1886.356,18324.0,16,2,4,3
2022-04-27 18:00:00+00:00,1886.389,1886.453,1883.234,1885.633,5388.0,20,2,4,0
2022-04-27 22:00:00+00:00,1885.625,1886.756,1877.521,1878.907,14978.0,0,3,4,0
2022-04-28 02:00:00+00:00,1878.903,1886.482,1871.9,1884.956,20801.0,4,3,4,0
2022-04-28 06:00:00+00:00,1884.955,1891.751,1879.953,1886.237,23664.0,8,3,4,0
2022-04-28 10:00:00+00:00,1886.191,1895.048,1881.884,1885.857,39989.0,12,3,4,1
2022-04-28 14:00:00+00:00,1885.829,1896.735,1884.787,1896.035,17506.0,16,3,4,3
2022-04-28 18:00:00+00:00,1896.004,1896.251,1892.536,1895.515,5120.0,20,3,4,0
2022-04-28 22:00:00+00:00,1895.526,1905.482,1894.954,1904.33,15730.0,0,4,4,0
2022-04-29 02:00:00+00:00,1904.329,1917.633,1903.461,1917.147,19157.0,4,4,4,0
2022-04-29 06:00:00+00:00,1917.257,1919.729,1912.857,1919.47,17552.0,8,4,4,0
2022-04-29 10:00:00+00:00,1919.502,1919.762,1902.48,1909.629,36819.0,12,4,4,1
2022-04-29 14:00:00+00:00,1909.622,1911.528,1894.415,1896.566,19727.0,16,4,4,3
2022-04-29 18:00:00+00:00,1896.533,1897.748,1895.409,1896.72,3186.0,20,4,4,0
2022-05-01 18:00:00+00:00,1899.389,1899.899,1896.106,1897.236,6224.0,20,6,5,0
2022-05-01 22:00:00+00:00,1897.206,1898.451,1884.099,1888.587,16015.0,0,0,5,0
2022-05-02 02:00:00+00:00,1888.58,1888.58,1882.716,1884.317,15680.0,4,0,5,0
2022-05-02 06:00:00+00:00,1884.283,1885.483,1875.763,1876.082,15704.0,8,0,5,0
2022-05-02 10:00:00+00:00,1876.049,1876.624,1854.428,1870.099,39930.0,12,0,5,1
2022-05-02 14:00:00+00:00,1870.107,1870.2,1859.946,1861.822,18781.0,16,0,5,3
2022-05-02 18:00:00+00:00,1861.791,1864.25,1861.287,1863.149,4129.0,20,0,5,0
2022-05-02 22:00:00+00:00,1863.117,1867.101,1859.537,1862.593,11199.0,0,1,5,0
2022-05-03 02:00:00+00:00,1862.59,1864.577,1853.426,1855.62,17904.0,4,1,5,0
2022-05-03 06:00:00+00:00,1855.651,1863.941,1850.192,1863.885,16817.0,8,1,5,0
2022-05-03 10:00:00+00:00,1863.815,1877.892,1856.728,1871.597,31630.0,12,1,5,1
2022-05-03 14:00:00+00:00,1871.562,1872.435,1865.266,1866.179,17478.0,16,1,5,3
2022-05-03 18:00:00+00:00,1866.147,1869.444,1865.705,1868.33,5173.0,20,1,5,0
2022-05-03 22:00:00+00:00,1868.298,1868.409,1861.616,1864.712,10278.0,0,2,5,0
2022-05-04 02:00:00+00:00,1864.68,1871.852,1861.388,1870.811,11862.0,4,2,5,0
2022-05-04 06:00:00+00:00,1870.842,1872.038,1865.931,1868.92,12614.0,8,2,5,0
2022-05-04 10:00:00+00:00,1868.904,1870.877,1861.459,1868.596,25533.0,12,2,5,1
2022-05-04 14:00:00+00:00,1868.566,1889.724,1861.72,1883.929,51529.0,16,2,5,3
2022-05-04 18:00:00+00:00,1883.898,1894.144,1881.134,1893.782,8480.0,20,2,5,0
2022-05-04 22:00:00+00:00,1893.821,1903.279,1893.033,1901.238,18358.0,0,3,5,0
2022-05-05 02:00:00+00:00,1901.216,1902.189,1891.502,1895.029,17250.0,4,3,5,0
2022-05-05 06:00:00+00:00,1894.998,1900.079,1889.495,1897.348,20516.0,8,3,5,0
2022-05-05 10:00:00+00:00,1897.314,1909.551,1874.307,1875.037,47688.0,12,3,5,1
2022-05-05 14:00:00+00:00,1875.005,1880.98,1872.327,1877.935,25439.0,16,3,5,3
2022-05-05 18:00:00+00:00,1877.972,1879.295,1874.048,1874.231,6433.0,20,3,5,0
2022-05-05 22:00:00+00:00,1874.199,1877.38,1865.888,1876.916,19969.0,0,4,5,0
2022-05-06 02:00:00+00:00,1876.917,1877.883,1873.048,1874.063,15789.0,4,4,5,0
2022-05-06 06:00:00+00:00,1874.094,1885.529,1873.12,1881.765,17873.0,8,4,5,0
2022-05-06 10:00:00+00:00,1881.796,1892.504,1874.148,1886.444,40539.0,12,4,5,1
2022-05-06 14:00:00+00:00,1886.433,1889.825,1880.648,1881.084,19386.0,16,4,5,3
2022-05-06 18:00:00+00:00,1881.053,1883.654,1880.404,1883.631,2198.0,20,4,5,0
2022-05-08 18:00:00+00:00,1883.561,1885.697,1879.889,1881.256,5207.0,20,6,5,0
2022-05-08 22:00:00+00:00,1881.244,1882.073,1873.617,1874.966,15659.0,0,0,5,0
2022-05-09 02:00:00+00:00,1874.978,1876.229,1866.286,1869.764,16755.0,4,0,5,0
2022-05-09 06:00:00+00:00,1869.733,1872.132,1855.871,1860.457,21388.0,8,0,5,0
2022-05-09 10:00:00+00:00,1860.425,1871.383,1857.76,1861.271,33978.0,12,0,5,1
2022-05-09 14:00:00+00:00,1861.29,1866.015,1852.607,1853.507,22159.0,16,0,5,3
2022-05-09 18:00:00+00:00,1853.475,1854.822,1851.677,1854.636,6605.0,20,0,5,0
2022-05-09 22:00:00+00:00,1854.605,1864.376,1852.526,1864.338,18947.0,0,1,5,0
2022-05-10 02:00:00+00:00,1864.326,1865.301,1859.343,1859.534,18501.0,4,1,5,0
2022-05-10 06:00:00+00:00,1859.502,1865.049,1856.168,1860.345,18482.0,8,1,5,0
2022-05-10 10:00:00+00:00,1860.376,1864.522,1841.314,1844.298,34606.0,12,1,5,1
2022-05-10 14:00:00+00:00,1844.258,1847.382,1835.392,1836.882,25200.0,16,1,5,3
2022-05-10 18:00:00+00:00,1836.92,1840.526,1833.108,1833.584,7663.0,20,1,5,0
2022-05-10 22:00:00+00:00,1833.614,1839.802,1831.974,1836.457,14946.0,0,2,5,0
2022-05-11 02:00:00+00:00,1836.427,1850.776,1835.891,1848.677,18914.0,4,2,5,0
2022-05-11 06:00:00+00:00,1848.697,1854.172,1846.685,1850.316,14608.0,8,2,5,0
2022-05-11 10:00:00+00:00,1850.285,1857.973,1834.797,1852.242,52769.0,12,2,5,1
2022-05-11 14:00:00+00:00,1852.257,1856.439,1850.022,1853.02,23790.0,16,2,5,3
2022-05-11 18:00:00+00:00,1853.051,1856.153,1850.948,1854.064,4708.0,20,2,5,0
2022-05-11 22:00:00+00:00,1854.063,1858.745,1851.79,1852.977,15944.0,0,3,5,0
2022-05-12 02:00:00+00:00,1852.997,1854.11,1843.757,1850.809,22197.0,4,3,5,0
2022-05-12 06:00:00+00:00,1850.778,1852.323,1839.881,1842.461,28453.0,8,3,5,0
2022-05-12 10:00:00+00:00,1842.43,1849.083,1833.205,1835.574,35544.0,12,3,5,1
2022-05-12 14:00:00+00:00,1835.543,1837.146,1821.446,1823.954,24542.0,16,3,5,3
2022-05-12 18:00:00+00:00,1823.921,1823.921,1810.519,1821.379,11540.0,20,3,5,0
2022-05-12 22:00:00+00:00,1821.414,1827.015,1820.854,1824.9,16855.0,0,4,5,0
2022-05-13 02:00:00+00:00,1824.873,1828.472,1821.008,1824.247,16543.0,4,4,5,0
2022-05-13 06:00:00+00:00,1824.271,1826.576,1812.712,1813.911,17490.0,8,4,5,0
2022-05-13 10:00:00+00:00,1813.881,1818.457,1798.81,1809.006,35618.0,12,4,5,1
2022-05-13 14:00:00+00:00,1809.039,1813.028,1806.865,1809.714,17302.0,16,4,5,3
2022-05-13 18:00:00+00:00,1809.679,1812.333,1809.071,1811.491,1704.0,20,4,5,0
2022-05-15 18:00:00+00:00,1813.943,1814.561,1809.718,1813.161,5868.0,20,6,5,0
2022-05-15 22:00:00+00:00,1813.19,1817.573,1809.54,1810.736,17094.0,0,0,5,0
2022-05-16 02:00:00+00:00,1810.742,1811.259,1786.381,1792.949,20090.0,4,0,5,0
2022-05-16 06:00:00+00:00,1792.918,1807.306,1792.65,1800.502,20785.0,8,0,5,0
2022-05-16 10:00:00+00:00,1800.485,1815.685,1798.075,1813.788,28314.0,12,0,5,1
2022-05-16 14:00:00+00:00,1813.82,1826.863,1811.859,1826.283,17331.0,16,0,5,3
2022-05-16 18:00:00+00:00,1826.315,1829.184,1822.097,1826.353,6243.0,20,0,5,0
2022-05-16 22:00:00+00:00,1826.388,1828.897,1821.832,1822.632,14639.0,0,1,5,0
2022-05-17 02:00:00+00:00,1822.631,1830.23,1822.617,1824.102,13511.0,4,1,5,0
2022-05-17 06:00:00+00:00,1824.071,1836.051,1823.696,1834.589,17831.0,8,1,5,0
2022-05-17 10:00:00+00:00,1834.583,1835.872,1817.846,1818.715,30108.0,12,1,5,1
2022-05-17 14:00:00+00:00,1818.688,1823.124,1813.625,1815.944,20965.0,16,1,5,3
2022-05-17 18:00:00+00:00,1815.913,1816.254,1812.886,1814.521,5763.0,20,1,5,0
2022-05-17 22:00:00+00:00,1814.49,1817.122,1807.678,1808.478,14065.0,0,2,5,0
2022-05-18 02:00:00+00:00,1808.465,1816.55,1807.889,1815.543,14230.0,4,2,5,0
2022-05-18 06:00:00+00:00,1815.531,1820.403,1807.507,1808.841,15805.0,8,2,5,0
2022-05-18 10:00:00+00:00,1808.872,1824.673,1807.231,1823.412,28653.0,12,2,5,1
2022-05-18 14:00:00+00:00,1823.442,1823.599,1815.332,1816.136,17602.0,16,2,5,3
2022-05-18 18:00:00+00:00,1816.106,1817.351,1815.364,1816.015,5736.0,20,2,5,0
2022-05-18 22:00:00+00:00,1816.029,1817.682,1813.877,1816.055,13390.0,0,3,5,0
2022-05-19 02:00:00+00:00,1816.065,1817.358,1810.833,1813.166,14720.0,4,3,5,0
2022-05-19 06:00:00+00:00,1813.165,1832.347,1810.919,1830.476,22755.0,8,3,5,0
2022-05-19 10:00:00+00:00,1830.453,1849.115,1827.345,1842.335,37453.0,12,3,5,1
2022-05-19 14:00:00+00:00,1842.366,1844.075,1839.898,1842.663,17637.0,16,3,5,3
2022-05-19 18:00:00+00:00,1842.696,1844.5,1840.896,1842.072,5143.0,20,3,5,0
2022-05-19 22:00:00+00:00,1842.064,1843.29,1836.471,1841.564,12772.0,0,4,5,0
2022-05-20 02:00:00+00:00,1841.571,1849.365,1840.957,1844.123,16683.0,4,4,5,0
2022-05-20 06:00:00+00:00,1844.09,1847.773,1841.154,1842.48,15111.0,8,4,5,0
2022-05-20 10:00:00+00:00,1842.463,1846.701,1832.312,1842.426,29022.0,12,4,5,1
2022-05-20 14:00:00+00:00,1842.395,1845.418,1839.589,1844.646,15430.0,16,4,5,3
2022-05-20 18:00:00+00:00,1844.615,1846.556,1844.449,1846.487,1579.0,20,4,5,0
2022-05-22 18:00:00+00:00,1848.976,1849.587,1843.478,1846.283,5062.0,20,6,5,0
2022-05-22 22:00:00+00:00,1846.284,1854.883,1845.756,1854.336,13158.0,0,0,5,0
2022-05-23 02:00:00+00:00,1854.339,1858.086,1851.954,1856.452,14312.0,4,0,5,0
2022-05-23 06:00:00+00:00,1856.433,1865.372,1855.988,1862.192,16945.0,8,0,5,0
2022-05-23 10:00:00+00:00,1862.218,1864.52,1850.474,1851.941,25950.0,12,0,5,1
2022-05-23 14:00:00+00:00,1851.926,1858.757,1847.034,1853.017,12937.0,16,0,5,3
2022-05-23 18:00:00+00:00,1853.055,1854.992,1852.904,1853.883,3785.0,20,0,5,0
2022-05-23 22:00:00+00:00,1853.919,1855.886,1849.303,1855.731,10486.0,0,1,5,0
2022-05-24 02:00:00+00:00,1855.733,1860.048,1850.392,1860.048,13007.0,4,1,5,0
2022-05-24 06:00:00+00:00,1860.111,1860.611,1854.606,1858.062,12184.0,8,1,5,0
2022-05-24 10:00:00+00:00,1858.076,1869.619,1854.011,1869.207,27568.0,12,1,5,1
2022-05-24 14:00:00+00:00,1869.19,1869.656,1862.716,1866.833,13141.0,16,1,5,3
2022-05-24 18:00:00+00:00,1866.797,1867.824,1864.906,1867.329,4290.0,20,1,5,0
2022-05-24 22:00:00+00:00,1867.361,1867.995,1859.557,1862.575,11434.0,0,2,5,0
2022-05-25 02:00:00+00:00,1862.612,1863.32,1855.882,1858.58,11429.0,4,2,5,0
2022-05-25 06:00:00+00:00,1858.575,1860.029,1851.056,1855.08,13951.0,8,2,5,0
2022-05-25 10:00:00+00:00,1855.127,1857.091,1841.3,1845.805,25298.0,12,2,5,1
2022-05-25 14:00:00+00:00,1845.782,1856.285,1843.264,1855.08,16049.0,16,2,5,3
2022-05-25 18:00:00+00:00,1855.113,1855.302,1852.763,1853.974,4178.0,20,2,5,0
2022-05-25 22:00:00+00:00,1853.944,1854.26,1848.847,1850.795,11512.0,0,3,5,0
2022-05-26 02:00:00+00:00,1850.799,1851.508,1842.656,1847.872,15071.0,4,3,5,0
2022-05-26 06:00:00+00:00,1847.84,1849.683,1840.804,1846.552,15755.0,8,3,5,0
2022-05-26 10:00:00+00:00,1846.53,1853.406,1841.332,1846.418,24820.0,12,3,5,1
2022-05-26 14:00:00+00:00,1846.451,1853.711,1846.062,1852.037,12042.0,16,3,5,3
2022-05-26 18:00:00+00:00,1852.071,1853.713,1850.208,1852.779,3904.0,20,3,5,0
2022-05-26 22:00:00+00:00,1852.748,1856.391,1847.933,1854.508,13180.0,0,4,5,0
2022-05-27 02:00:00+00:00,1854.503,1858.659,1851.913,1858.269,11556.0,4,4,5,0
2022-05-27 06:00:00+00:00,1858.299,1860.399,1856.674,1858.272,13652.0,8,4,5,0
2022-05-27 10:00:00+00:00,1858.304,1862.113,1850.393,1854.659,27560.0,12,4,5,1
2022-05-27 14:00:00+00:00,1854.676,1854.998,1851.958,1853.383,10032.0,16,4,5,3
2022-05-27 18:00:00+00:00,1853.419,1854.411,1852.651,1853.024,1193.0,20,4,5,0
2022-05-29 18:00:00+00:00,1852.618,1853.909,1848.158,1849.849,3394.0,20,6,5,0
2022-05-29 22:00:00+00:00,1849.872,1860.867,1848.661,1860.564,12018.0,0,0,5,0
2022-05-30 02:00:00+00:00,1860.562,1863.953,1858.415,1858.669,12403.0,4,0,5,0
2022-05-30 06:00:00+00:00,1858.677,1860.06,1854.115,1854.421,11397.0,8,0,5,0
2022-05-30 10:00:00+00:00,1854.41,1861.061,1854.031,1855.659,12814.0,12,0,5,1
2022-05-30 14:00:00+00:00,1855.628,1856.808,1855.164,1855.265,1926.0,16,0,5,3
2022-05-30 18:00:00+00:00,1855.907,1856.885,1851.813,1852.384,3113.0,20,0,5,0
2022-05-30 22:00:00+00:00,1852.416,1852.984,1845.564,1852.198,14372.0,0,1,5,0
2022-05-31 02:00:00+00:00,1852.196,1856.16,1850.871,1854.747,12071.0,4,1,5,0
2022-05-31 06:00:00+00:00,1854.744,1857.07,1844.516,1848.805,15885.0,8,1,5,0
2022-05-31 10:00:00+00:00,1848.766,1855.38,1839.843,1843.613,29916.0,12,1,5,1
2022-05-31 14:00:00+00:00,1843.587,1846.223,1835.015,1836.037,15288.0,16,1,5,3
2022-05-31 18:00:00+00:00,1836.006,1838.427,1835.387,1836.404,5319.0,20,1,5,0
2022-05-31 22:00:00+00:00,1836.437,1837.954,1833.268,1836.72,13728.0,0,2,6,0
2022-06-01 02:00:00+00:00,1836.721,1836.819,1829.502,1833.685,14846.0,4,2,6,0
2022-06-01 06:00:00+00:00,1833.681,1837.121,1828.429,1829.712,14974.0,8,2,6,0
2022-06-01 10:00:00+00:00,1829.679,1849.048,1828.9,1845.561,33759.0,12,2,6,1
2022-06-01 14:00:00+00:00,1845.593,1849.923,1844.686,1847.203,14613.0,16,2,6,3
2022-06-01 18:00:00+00:00,1847.235,1847.776,1845.376,1845.949,4201.0,20,2,6,0
2022-06-01 22:00:00+00:00,1845.953,1848.917,1844.074,1844.785,10921.0,0,3,6,0
2022-06-02 02:00:00+00:00,1844.816,1853.267,1844.065,1851.159,12213.0,4,3,6,0
2022-06-02 06:00:00+00:00,1851.16,1856.947,1850.538,1855.817,12168.0,8,3,6,0
2022-06-02 10:00:00+00:00,1855.851,1869.698,1850.852,1867.937,32174.0,12,3,6,1
2022-06-02 14:00:00+00:00,1867.914,1870.36,1866.424,1869.581,11541.0,16,3,6,3
2022-06-02 18:00:00+00:00,1869.612,1870.543,1868.003,1869.855,3896.0,20,3,6,0
2022-06-02 22:00:00+00:00,1869.886,1873.967,1867.74,1868.865,10998.0,0,4,6,0
2022-06-03 02:00:00+00:00,1868.832,1869.165,1864.156,1864.605,10374.0,4,4,6,0
2022-06-03 06:00:00+00:00,1864.572,1867.842,1863.31,1863.747,11176.0,8,4,6,0
2022-06-03 10:00:00+00:00,1863.78,1866.884,1851.596,1851.884,30579.0,12,4,6,1
2022-06-03 14:00:00+00:00,1851.851,1851.851,1847.249,1850.659,12662.0,16,4,6,3
2022-06-03 18:00:00+00:00,1850.627,1851.623,1850.004,1850.96,1597.0,20,4,6,0
2022-06-05 18:00:00+00:00,1850.955,1853.237,1850.103,1851.478,2805.0,20,6,6,0
2022-06-05 22:00:00+00:00,1851.48,1856.249,1850.413,1856.078,11313.0,0,0,6,0
2022-06-06 02:00:00+00:00,1856.073,1856.626,1851.524,1852.203,10865.0,4,0,6,0
2022-06-06 06:00:00+00:00,1852.234,1855.517,1850.93,1853.812,12471.0,8,0,6,0
2022-06-06 10:00:00+00:00,1853.82,1857.898,1841.781,1843.508,23078.0,12,0,6,1
2022-06-06 14:00:00+00:00,1843.538,1844.052,1840.639,1842.092,11484.0,16,0,6,3
2022-06-06 18:00:00+00:00,1842.06,1842.463,1837.957,1839.385,4646.0,20,0,6,0
2022-06-06 22:00:00+00:00,1839.404,1842.484,1836.939,1840.163,12429.0,0,1,6,0
2022-06-07 02:00:00+00:00,1840.154,1846.173,1838.426,1842.06,13329.0,4,1,6,0
2022-06-07 06:00:00+00:00,1842.05,1851.875,1842.05,1847.236,13909.0,8,1,6,0
2022-06-07 10:00:00+00:00,1847.198,1853.522,1842.341,1851.346,22992.0,12,1,6,1
2022-06-07 14:00:00+00:00,1851.352,1855.484,1848.709,1854.328,11908.0,16,1,6,3
2022-06-07 18:00:00+00:00,1854.332,1854.587,1851.126,1853.566,4921.0,20,1,6,0
2022-06-07 22:00:00+00:00,1853.569,1853.728,1846.724,1846.762,12145.0,0,2,6,0
2022-06-08 02:00:00+00:00,1846.76,1851.266,1845.722,1849.944,11565.0,4,2,6,0
2022-06-08 06:00:00+00:00,1849.95,1851.683,1846.688,1851.501,12922.0,8,2,6,0
2022-06-08 10:00:00+00:00,1851.47,1859.61,1844.488,1858.383,22401.0,12,2,6,1
2022-06-08 14:00:00+00:00,1858.353,1858.823,1852.025,1852.431,11214.0,16,2,6,3
2022-06-08 18:00:00+00:00,1852.468,1854.389,1848.91,1852.692,4164.0,20,2,6,0
2022-06-08 22:00:00+00:00,1852.695,1855.255,1850.854,1855.058,10495.0,0,3,6,0
2022-06-09 02:00:00+00:00,1855.026,1855.172,1848.946,1850.043,12243.0,4,3,6,0
2022-06-09 06:00:00+00:00,1850.077,1850.889,1844.603,1846.164,14666.0,8,3,6,0
2022-06-09 10:00:00+00:00,1846.196,1852.433,1840.008,1845.726,27693.0,12,3,6,1
2022-06-09 14:00:00+00:00,1845.696,1850.467,1845.069,1846.962,12693.0,16,3,6,3
2022-06-09 18:00:00+00:00,1846.993,1848.184,1846.243,1846.918,3625.0,20,3,6,0
2022-06-09 22:00:00+00:00,1846.945,1848.212,1844.495,1844.763,10227.0,0,4,6,0
2022-06-10 02:00:00+00:00,1844.778,1847.568,1843.142,1845.488,12316.0,4,4,6,0
2022-06-10 06:00:00+00:00,1845.489,1846.881,1833.542,1834.881,15468.0,8,4,6,0
2022-06-10 10:00:00+00:00,1834.862,1867.746,1825.079,1867.268,54453.0,12,4,6,1
2022-06-10 14:00:00+00:00,1867.3,1875.847,1865.927,1872.124,21064.0,16,4,6,3
2022-06-10 18:00:00+00:00,1872.094,1872.377,1870.422,1871.532,1914.0,20,4,6,0
2022-06-12 18:00:00+00:00,1878.07,1878.832,1874.666,1876.949,6102.0,20,6,6,0
2022-06-12 22:00:00+00:00,1876.93,1877.351,1860.171,1863.518,18309.0,0,0,6,0
2022-06-13 02:00:00+00:00,1863.485,1867.165,1855.594,1857.213,17320.0,4,0,6,0
2022-06-13 06:00:00+00:00,1857.192,1858.935,1852.666,1854.709,20028.0,8,0,6,0
2022-06-13 10:00:00+00:00,1854.741,1857.63,1823.264,1828.955,45616.0,12,0,6,1
2022-06-13 14:00:00+00:00,1828.956,1833.543,1819.266,1822.772,25432.0,16,0,6,3
2022-06-13 18:00:00+00:00,1822.741,1823.689,1809.14,1821.013,11556.0,20,0,6,0
2022-06-13 22:00:00+00:00,1820.98,1827.986,1819.243,1825.389,17463.0,0,1,6,0
2022-06-14 02:00:00+00:00,1825.391,1831.57,1823.94,1827.903,18434.0,4,1,6,0
2022-06-14 06:00:00+00:00,1827.9,1830.172,1816.02,1817.195,24163.0,8,1,6,0
2022-06-14 10:00:00+00:00,1817.177,1822.572,1809.397,1810.431,35984.0,12,1,6,1
2022-06-14 14:00:00+00:00,1810.399,1814.642,1805.064,1808.432,19632.0,16,1,6,3
2022-06-14 18:00:00+00:00,1808.391,1811.006,1806.686,1810.902,7546.0,20,1,6,0
2022-06-14 22:00:00+00:00,1810.872,1819.262,1808.642,1815.604,15660.0,0,2,6,0
2022-06-15 02:00:00+00:00,1815.639,1824.004,1813.225,1820.753,18484.0,4,2,6,0
2022-06-15 06:00:00+00:00,1820.765,1835.504,1817.36,1831.054,22467.0,8,2,6,0
2022-06-15 10:00:00+00:00,1831.084,1836.474,1818.627,1821.252,35428.0,12,2,6,1
2022-06-15 14:00:00+00:00,1821.274,1841.828,1813.637,1831.763,50415.0,16,2,6,3
2022-06-15 18:00:00+00:00,1831.799,1835.543,1831.235,1833.827,8642.0,20,2,6,0
2022-06-15 22:00:00+00:00,1833.811,1836.433,1829.728,1832.759,15193.0,0,3,6,0
2022-06-16 02:00:00+00:00,1832.735,1833.494,1826.464,1830.238,18148.0,4,3,6,0
2022-06-16 06:00:00+00:00,1830.231,1836.06,1815.391,1819.165,29231.0,8,3,6,0
2022-06-16 10:00:00+00:00,1819.197,1846.862,1819.197,1845.261,37100.0,12,3,6,1
2022-06-16 14:00:00+00:00,1845.293,1852.702,1844.59,1852.221,22745.0,16,3,6,3
2022-06-16 18:00:00+00:00,1852.191,1857.493,1849.856,1850.809,8022.0,20,3,6,0
2022-06-16 22:00:00+00:00,1850.821,1851.456,1841.629,1842.158,17720.0,0,4,6,0
2022-06-17 02:00:00+00:00,1842.163,1849.985,1841.929,1848.678,16419.0,4,4,6,0
2022-06-17 06:00:00+00:00,1848.69,1852.496,1844.511,1847.855,19908.0,8,4,6,0
2022-06-17 10:00:00+00:00,1847.884,1852.917,1836.653,1841.135,37232.0,12,4,6,1
2022-06-17 14:00:00+00:00,1841.165,1842.333,1833.817,1836.961,15879.0,16,4,6,3
2022-06-17 18:00:00+00:00,1836.994,1841.862,1836.343,1840.248,1943.0,20,4,6,0
2022-06-19 18:00:00+00:00,1836.197,1840.32,1834.725,1838.432,5130.0,20,6,6,0
2022-06-19 22:00:00+00:00,1838.436,1846.093,1835.153,1843.852,16566.0,0,0,6,0
2022-06-20 02:00:00+00:00,1843.858,1845.049,1839.351,1839.996,13303.0,4,0,6,0
2022-06-20 06:00:00+00:00,1839.982,1843.735,1836.444,1838.017,13705.0,8,0,6,0
2022-06-20 10:00:00+00:00,1838.047,1843.124,1835.914,1838.235,14540.0,12,0,6,1
2022-06-20 14:00:00+00:00,1838.232,1838.428,1835.472,1835.725,2273.0,16,0,6,3
2022-06-20 18:00:00+00:00,1838.122,1839.124,1837.199,1839.091,3365.0,20,0,6,0
2022-06-20 22:00:00+00:00,1839.053,1842.357,1838.539,1840.238,11753.0,0,1,6,0
2022-06-21 02:00:00+00:00,1840.207,1840.675,1832.472,1838.382,13912.0,4,1,6,0
2022-06-21 06:00:00+00:00,1838.358,1838.45,1830.783,1833.492,16893.0,8,1,6,0
2022-06-21 10:00:00+00:00,1833.522,1843.581,1832.731,1835.207,26415.0,12,1,6,1
2022-06-21 14:00:00+00:00,1835.175,1837.035,1828.531,1830.592,13674.0,16,1,6,3
2022-06-21 18:00:00+00:00,1830.623,1834.755,1829.085,1831.32,7758.0,20,1,6,0
2022-06-21 22:00:00+00:00,1831.288,1831.53,1825.571,1827.559,14890.0,0,2,6,0
2022-06-22 02:00:00+00:00,1827.545,1830.177,1823.772,1826.724,15614.0,4,2,6,0
2022-06-22 06:00:00+00:00,1826.755,1842.758,1823.291,1836.321,19245.0,8,2,6,0
2022-06-22 10:00:00+00:00,1836.354,1847.815,1835.286,1837.982,35306.0,12,2,6,1
2022-06-22 14:00:00+00:00,1837.98,1841.676,1835.696,1837.687,13429.0,16,2,6,3
2022-06-22 18:00:00+00:00,1837.718,1838.366,1836.227,1836.562,4540.0,20,2,6,0
2022-06-22 22:00:00+00:00,1836.593,1838.687,1832.389,1832.776,14073.0,0,3,6,0
2022-06-23 02:00:00+00:00,1832.751,1838.067,1831.038,1837.857,14920.0,4,3,6,0
2022-06-23 06:00:00+00:00,1837.89,1837.965,1823.862,1829.359,17828.0,8,3,6,0
2022-06-23 10:00:00+00:00,1829.326,1846.058,1828.431,1833.173,30825.0,12,3,6,1
2022-06-23 14:00:00+00:00,1833.165,1834.53,1822.481,1826.361,19410.0,16,3,6,3
2022-06-23 18:00:00+00:00,1826.394,1826.394,1822.588,1824.582,5378.0,20,3,6,0
2022-06-23 22:00:00+00:00,1824.585,1826.426,1821.66,1825.191,14047.0,0,4,6,0
2022-06-24 02:00:00+00:00,1825.152,1831.621,1821.152,1830.064,15982.0,4,4,6,0
2022-06-24 06:00:00+00:00,1830.055,1830.123,1822.098,1824.874,16705.0,8,4,6,0
2022-06-24 10:00:00+00:00,1824.881,1831.272,1816.879,1827.058,33606.0,12,4,6,1
2022-06-24 14:00:00+00:00,1827.017,1830.857,1823.533,1824.113,12260.0,16,4,6,3
2022-06-24 18:00:00+00:00,1824.082,1827.606,1824.082,1827.1,1525.0,20,4,6,0
2022-06-26 18:00:00+00:00,1836.268,1836.298,1829.99,1831.005,7001.0,20,6,6,0
2022-06-26 22:00:00+00:00,1830.973,1836.843,1828.189,1834.879,13630.0,0,0,6,0
2022-06-27 02:00:00+00:00,1834.855,1840.818,1834.324,1834.937,13957.0,4,0,6,0
2022-06-27 06:00:00+00:00,1834.907,1840.461,1833.314,1833.815,15101.0,8,0,6,0
2022-06-27 10:00:00+00:00,1833.852,1834.539,1820.729,1825.101,26406.0,12,0,6,1
2022-06-27 14:00:00+00:00,1825.089,1826.999,1821.834,1822.494,14241.0,16,0,6,3
2022-06-27 18:00:00+00:00,1822.528,1823.589,1821.631,1823.494,4635.0,20,0,6,0
2022-06-27 22:00:00+00:00,1823.506,1826.418,1822.365,1825.923,10920.0,0,1,6,0
2022-06-28 02:00:00+00:00,1825.93,1829.129,1824.769,1826.941,11901.0,4,1,6,0
2022-06-28 06:00:00+00:00,1826.908,1829.452,1820.212,1825.493,14684.0,8,1,6,0
2022-06-28 10:00:00+00:00,1825.463,1826.754,1818.583,1820.706,24155.0,12,1,6,1
2022-06-28 14:00:00+00:00,1820.722,1823.725,1818.328,1819.673,13267.0,16,1,6,3
2022-06-28 18:00:00+00:00,1819.641,1820.89,1818.256,1818.377,4696.0,20,1,6,0
2022-06-28 22:00:00+00:00,1818.347,1822.909,1818.327,1820.709,9481.0,0,2,6,0
2022-06-29 02:00:00+00:00,1820.721,1822.388,1815.767,1816.827,14865.0,4,2,6,0
2022-06-29 06:00:00+00:00,1816.821,1827.326,1811.898,1824.925,17554.0,8,2,6,0
2022-06-29 10:00:00+00:00,1824.893,1833.03,1814.853,1818.504,31688.0,12,2,6,1
2022-06-29 14:00:00+00:00,1818.535,1819.635,1815.627,1818.38,11281.0,16,2,6,3
2022-06-29 18:00:00+00:00,1818.413,1819.218,1817.18,1818.883,4524.0,20,2,6,0
2022-06-29 22:00:00+00:00,1818.896,1821.913,1817.172,1817.322,10207.0,0,3,6,0
2022-06-30 02:00:00+00:00,1817.314,1817.792,1812.024,1815.056,13469.0,4,3,6,0
2022-06-30 06:00:00+00:00,1815.025,1817.02,1802.627,1805.321,17969.0,8,3,6,0
2022-06-30 10:00:00+00:00,1805.282,1825.133,1802.723,1814.309,37488.0,12,3,6,1
2022-06-30 14:00:00+00:00,1814.275,1814.797,1805.415,1806.888,15920.0,16,3,6,3
2022-06-30 18:00:00+00:00,1806.854,1807.549,1804.524,1806.548,5775.0,20,3,6,0
2022-06-30 22:00:00+00:00,1806.552,1807.215,1801.13,1801.388,13912.0,0,4,7,0
2022-07-01 02:00:00+00:00,1801.42,1803.092,1792.033,1794.641,19120.0,4,4,7,0
2022-07-01 06:00:00+00:00,1794.66,1797.002,1784.947,1790.47,21231.0,8,4,7,0
2022-07-01 10:00:00+00:00,1790.439,1808.807,1784.473,1806.292,40474.0,12,4,7,1
2022-07-01 14:00:00+00:00,1806.322,1809.304,1797.847,1805.313,15706.0,16,4,7,3
2022-07-01 18:00:00+00:00,1805.344,1809.394,1805.344,1809.341,1658.0,20,4,7,0
2022-07-03 18:00:00+00:00,1810.342,1810.937,1808.034,1808.071,4033.0,20,6,7,0
2022-07-03 22:00:00+00:00,1808.062,1814.091,1805.487,1811.416,13271.0,0,0,7,0
2022-07-04 02:00:00+00:00,1811.414,1813.405,1808.198,1808.785,11786.0,4,0,7,0
2022-07-04 06:00:00+00:00,1808.754,1809.239,1803.948,1805.246,12240.0,8,0,7,0
2022-07-04 10:00:00+00:00,1805.231,1810.861,1805.065,1806.483,13747.0,12,0,7,1
2022-07-04 14:00:00+00:00,1806.516,1807.134,1805.466,1806.942,2021.0,16,0,7,3
2022-07-04 18:00:00+00:00,1807.669,1809.84,1807.274,1809.285,3374.0,20,0,7,0
2022-07-04 22:00:00+00:00,1809.287,1812.081,1806.523,1810.846,11854.0,0,1,7,0
2022-07-05 02:00:00+00:00,1810.814,1812.037,1805.501,1806.113,13468.0,4,1,7,0
2022-07-05 06:00:00+00:00,1806.098,1806.098,1797.454,1798.11,18022.0,8,1,7,0
2022-07-05 10:00:00+00:00,1798.14,1804.692,1765.012,1768.91,42641.0,12,1,7,1
2022-07-05 14:00:00+00:00,1768.937,1771.267,1763.729,1766.951,17745.0,16,1,7,3
2022-07-05 18:00:00+00:00,1766.92,1770.029,1764.896,1769.527,5861.0,20,1,7,0
2022-07-05 22:00:00+00:00,1769.524,1772.784,1768.281,1769.207,15297.0,0,2,7,0
2022-07-06 02:00:00+00:00,1769.201,1770.234,1763.037,1767.813,19084.0,4,2,7,0
2022-07-06 06:00:00+00:00,1767.805,1771.787,1760.065,1763.197,18348.0,8,2,7,0
2022-07-06 10:00:00+00:00,1763.166,1767.914,1732.553,1733.709,42684.0,12,2,7,1
2022-07-06 14:00:00+00:00,1733.696,1743.86,1732.221,1739.363,23544.0,16,2,7,3
2022-07-06 18:00:00+00:00,1739.403,1740.755,1738.228,1739.958,5592.0,20,2,7,0
2022-07-06 22:00:00+00:00,1739.989,1746.914,1736.482,1745.81,14639.0,0,3,7,0
2022-07-07 02:00:00+00:00,1745.809,1747.652,1741.189,1744.641,14451.0,4,3,7,0
2022-07-07 06:00:00+00:00,1744.622,1745.228,1740.026,1743.669,17307.0,8,3,7,0
2022-07-07 10:00:00+00:00,1743.674,1748.998,1737.937,1739.785,27564.0,12,3,7,1
2022-07-07 14:00:00+00:00,1739.798,1742.977,1738.665,1740.657,11429.0,16,3,7,3
2022-07-07 18:00:00+00:00,1740.693,1741.819,1738.882,1741.722,3961.0,20,3,7,0
2022-07-07 22:00:00+00:00,1741.754,1746.56,1740.63,1742.435,13115.0,0,4,7,0
2022-07-08 02:00:00+00:00,1742.43,1743.835,1733.1,1736.521,14704.0,4,4,7,0
2022-07-08 06:00:00+00:00,1736.523,1743.304,1734.821,1740.913,15945.0,8,4,7,0
2022-07-08 10:00:00+00:00,1740.915,1752.349,1732.813,1742.414,36813.0,12,4,7,1
2022-07-08 14:00:00+00:00,1742.448,1744.488,1740.526,1741.286,11393.0,16,4,7,3
2022-07-08 18:00:00+00:00,1741.317,1742.697,1741.197,1742.249,1361.0,20,4,7,0
2022-07-10 18:00:00+00:00,1741.119,1744.589,1740.873,1741.965,3889.0,20,6,7,0
2022-07-10 22:00:00+00:00,1741.998,1743.548,1738.474,1742.585,14594.0,0,0,7,0
2022-07-11 02:00:00+00:00,1742.584,1742.734,1735.926,1736.735,13463.0,4,0,7,0
2022-07-11 06:00:00+00:00,1736.733,1739.915,1733.596,1734.874,13455.0,8,0,7,0
2022-07-11 10:00:00+00:00,1734.844,1742.646,1734.11,1738.033,23367.0,12,0,7,1
2022-07-11 14:00:00+00:00,1738.065,1738.161,1731.223,1732.196,11641.0,16,0,7,3
2022-07-11 18:00:00+00:00,1732.164,1734.45,1732.0,1733.238,3633.0,20,0,7,0
2022-07-11 22:00:00+00:00,1733.236,1743.94,1723.036,1733.39,21316.0,0,1,7,0
2022-07-12 02:00:00+00:00,1733.359,1737.758,1725.504,1734.293,16918.0,4,1,7,0
2022-07-12 06:00:00+00:00,1734.261,1739.355,1731.501,1735.463,17365.0,8,1,7,0
2022-07-12 10:00:00+00:00,1735.499,1736.815,1726.073,1731.889,25997.0,12,1,7,1
2022-07-12 14:00:00+00:00,1731.919,1732.461,1724.491,1725.649,13348.0,16,1,7,3
2022-07-12 18:00:00+00:00,1725.676,1726.392,1724.88,1725.287,4181.0,20,1,7,0
2022-07-12 22:00:00+00:00,1725.317,1728.716,1722.615,1727.209,13889.0,0,2,7,0
2022-07-13 02:00:00+00:00,1727.178,1728.327,1722.496,1726.84,15161.0,4,2,7,0
2022-07-13 06:00:00+00:00,1726.817,1731.823,1725.284,1729.396,12986.0,8,2,7,0
2022-07-13 10:00:00+00:00,1729.419,1745.318,1707.071,1737.43,55168.0,12,2,7,1
2022-07-13 14:00:00+00:00,1737.461,1739.987,1732.444,1733.038,20448.0,16,2,7,3
2022-07-13 18:00:00+00:00,1733.008,1736.448,1730.08,1731.99,6446.0,20,2,7,0
2022-07-13 22:00:00+00:00,1731.972,1733.521,1725.444,1731.992,15305.0,0,3,7,0
2022-07-14 02:00:00+00:00,1731.977,1732.268,1714.927,1718.259,19159.0,4,3,7,0
2022-07-14 06:00:00+00:00,1718.293,1718.852,1709.888,1713.575,20954.0,8,3,7,0
2022-07-14 10:00:00+00:00,1713.613,1714.935,1697.565,1711.474,47602.0,12,3,7,1
2022-07-14 14:00:00+00:00,1711.505,1712.275,1704.858,1708.985,21835.0,16,3,7,3
2022-07-14 18:00:00+00:00,1709.015,1711.893,1708.838,1711.655,4694.0,20,3,7,0
2022-07-14 22:00:00+00:00,1711.692,1716.563,1708.431,1708.439,14788.0,0,4,7,0
2022-07-15 02:00:00+00:00,1708.437,1712.274,1700.427,1703.435,18033.0,4,4,7,0
2022-07-15 06:00:00+00:00,1703.468,1707.927,1701.194,1704.476,16105.0,8,4,7,0
2022-07-15 10:00:00+00:00,1704.508,1714.048,1698.927,1704.644,37386.0,12,4,7,1
2022-07-15 14:00:00+00:00,1704.631,1705.797,1703.127,1705.537,11353.0,16,4,7,3
2022-07-15 18:00:00+00:00,1705.503,1707.579,1704.857,1707.44,1451.0,20,4,7,0
2022-07-17 18:00:00+00:00,1706.571,1710.646,1706.536,1710.292,4179.0,20,6,7,0
2022-07-17 22:00:00+00:00,1710.261,1717.681,1707.415,1715.988,12522.0,0,0,7,0
2022-07-18 02:00:00+00:00,1715.974,1720.611,1711.851,1718.692,14591.0,4,0,7,0
2022-07-18 06:00:00+00:00,1718.69,1723.834,1712.962,1715.462,15339.0,8,0,7,0
2022-07-18 10:00:00+00:00,1715.499,1721.247,1708.853,1710.446,27287.0,12,0,7,1
2022-07-18 14:00:00+00:00,1710.478,1712.837,1706.616,1707.425,13263.0,16,0,7,3
2022-07-18 18:00:00+00:00,1707.455,1710.116,1706.816,1708.215,4735.0,20,0,7,0
2022-07-18 22:00:00+00:00,1708.198,1709.603,1705.3,1709.426,11132.0,0,1,7,0
2022-07-19 02:00:00+00:00,1709.41,1711.612,1707.327,1711.612,13818.0,4,1,7,0
2022-07-19 06:00:00+00:00,1711.582,1718.373,1710.745,1713.996,15269.0,8,1,7,0
2022-07-19 10:00:00+00:00,1713.999,1715.253,1708.498,1714.32,22964.0,12,1,7,1
2022-07-19 14:00:00+00:00,1714.351,1714.443,1709.71,1712.103,11129.0,16,1,7,3
2022-07-19 18:00:00+00:00,1712.072,1712.364,1709.528,1709.954,4061.0,20,1,7,0
2022-07-19 22:00:00+00:00,1709.924,1713.344,1709.515,1712.091,10418.0,0,2,7,0
2022-07-20 02:00:00+00:00,1712.08,1713.38,1705.936,1707.463,12667.0,4,2,7,0
2022-07-20 06:00:00+00:00,1707.474,1713.933,1706.327,1708.162,14343.0,8,2,7,0
2022-07-20 10:00:00+00:00,1708.157,1714.476,1706.273,1707.864,24151.0,12,2,7,1
2022-07-20 14:00:00+00:00,1707.856,1707.972,1695.577,1695.695,16879.0,16,2,7,3
2022-07-20 18:00:00+00:00,1695.729,1697.316,1692.191,1695.406,5441.0,20,2,7,0
2022-07-20 22:00:00+00:00,1695.357,1695.433,1689.786,1691.452,12541.0,0,3,7,0
2022-07-21 02:00:00+00:00,1691.45,1693.796,1684.71,1689.465,14113.0,4,3,7,0
2022-07-21 06:00:00+00:00,1689.45,1689.512,1680.811,1684.834,17088.0,8,3,7,0
2022-07-21 10:00:00+00:00,1684.839,1718.321,1683.776,1713.188,53657.0,12,3,7,1
2022-07-21 14:00:00+00:00,1713.189,1719.896,1710.394,1719.629,14328.0,16,3,7,3
2022-07-21 18:00:00+00:00,1719.598,1720.269,1717.039,1718.076,5730.0,20,3,7,0
2022-07-21 22:00:00+00:00,1718.046,1719.011,1712.809,1713.575,11088.0,0,4,7,0
2022-07-22 02:00:00+00:00,1713.583,1720.426,1713.073,1716.2,13637.0,4,4,7,0
2022-07-22 06:00:00+00:00,1716.233,1730.139,1715.983,1728.487,18569.0,8,4,7,0
2022-07-22 10:00:00+00:00,1728.519,1739.229,1722.143,1731.03,32317.0,12,4,7,1
2022-07-22 14:00:00+00:00,1731.062,1731.31,1720.387,1724.079,17466.0,16,4,7,3
2022-07-22 18:00:00+00:00,1724.111,1727.716,1723.49,1727.469,1848.0,20,4,7,0
2022-07-24 18:00:00+00:00,1726.25,1727.089,1724.282,1724.673,3980.0,20,6,7,0
2022-07-24 22:00:00+00:00,1724.676,1728.844,1719.868,1727.458,13282.0,0,0,7,0
2022-07-25 02:00:00+00:00,1727.463,1729.138,1723.738,1725.593,13345.0,4,0,7,0
2022-07-25 06:00:00+00:00,1725.626,1736.012,1725.317,1725.973,15763.0,8,0,7,0
2022-07-25 10:00:00+00:00,1726.005,1727.395,1714.721,1716.407,23585.0,12,0,7,1
2022-07-25 14:00:00+00:00,1716.406,1721.323,1715.466,1719.03,11377.0,16,0,7,3
2022-07-25 18:00:00+00:00,1719.06,1719.79,1717.972,1718.99,4028.0,20,0,7,0
2022-07-25 22:00:00+00:00,1719.03,1728.145,1718.705,1724.049,12766.0,0,1,7,0
2022-07-26 02:00:00+00:00,1724.033,1727.866,1721.018,1724.791,12192.0,4,1,7,0
2022-07-26 06:00:00+00:00,1724.759,1725.755,1716.109,1717.759,15155.0,8,1,7,0
2022-07-26 10:00:00+00:00,1717.79,1721.827,1713.605,1716.934,23565.0,12,1,7,1
2022-07-26 14:00:00+00:00,1716.965,1720.183,1716.249,1717.588,11740.0,16,1,7,3
2022-07-26 18:00:00+00:00,1717.558,1718.582,1716.852,1717.929,4454.0,20,1,7,0
2022-07-26 22:00:00+00:00,1717.896,1720.1,1715.767,1716.733,10376.0,0,2,7,0
2022-07-27 02:00:00+00:00,1716.731,1721.673,1713.648,1719.734,11441.0,4,2,7,0
2022-07-27 06:00:00+00:00,1719.769,1725.118,1719.631,1720.594,12894.0,8,2,7,0
2022-07-27 10:00:00+00:00,1720.606,1723.161,1711.358,1718.826,20602.0,12,2,7,1
2022-07-27 14:00:00+00:00,1718.84,1740.307,1718.472,1734.421,33022.0,16,2,7,3
2022-07-27 18:00:00+00:00,1734.461,1739.875,1733.138,1738.764,7271.0,20,2,7,0
2022-07-27 22:00:00+00:00,1738.733,1741.669,1733.993,1736.904,15322.0,0,3,7,0
2022-07-28 02:00:00+00:00,1736.935,1744.638,1735.346,1744.232,15607.0,4,3,7,0
2022-07-28 06:00:00+00:00,1744.202,1748.472,1737.808,1740.204,18227.0,8,3,7,0
2022-07-28 10:00:00+00:00,1740.168,1756.831,1736.077,1752.966,44277.0,12,3,7,1
2022-07-28 14:00:00+00:00,1752.952,1755.575,1750.267,1755.299,14849.0,16,3,7,3
2022-07-28 18:00:00+00:00,1755.329,1757.039,1754.209,1754.908,5507.0,20,3,7,0
2022-07-28 22:00:00+00:00,1754.898,1763.592,1752.66,1762.85,13286.0,0,4,7,0
2022-07-29 02:00:00+00:00,1762.855,1767.905,1760.584,1766.44,15842.0,4,4,7,0
2022-07-29 06:00:00+00:00,1766.408,1766.408,1756.269,1761.197,16790.0,8,4,7,0
2022-07-29 10:00:00+00:00,1761.239,1767.116,1752.116,1765.865,33765.0,12,4,7,1
2022-07-29 14:00:00+00:00,1765.884,1766.641,1760.861,1761.378,13597.0,16,4,7,3
2022-07-29 18:00:00+00:00,1761.41,1766.289,1761.407,1766.178,2090.0,20,4,7,0
2022-07-31 18:00:00+00:00,1765.356,1765.39,1760.893,1762.141,3687.0,20,6,7,0
2022-07-31 22:00:00+00:00,1762.172,1765.814,1760.499,1762.018,12636.0,0,0,8,0
2022-08-01 02:00:00+00:00,1761.987,1767.374,1758.22,1764.438,12603.0,4,0,8,0
2022-08-01 06:00:00+00:00,1764.426,1774.836,1762.276,1772.621,15970.0,8,0,8,0
2022-08-01 10:00:00+00:00,1772.648,1775.302,1764.204,1768.765,30553.0,12,0,8,1
2022-08-01 14:00:00+00:00,1768.733,1773.374,1766.476,1770.893,12867.0,16,0,8,3
2022-08-01 18:00:00+00:00,1770.895,1772.575,1770.769,1772.228,4126.0,20,0,8,0
2022-08-01 22:00:00+00:00,1772.261,1780.405,1770.84,1774.618,15036.0,0,1,8,0
2022-08-02 02:00:00+00:00,1774.636,1776.077,1768.674,1772.122,14468.0,4,1,8,0
2022-08-02 06:00:00+00:00,1772.089,1779.738,1770.392,1778.61,15080.0,8,1,8,0
2022-08-02 10:00:00+00:00,1778.604,1787.973,1774.523,1778.061,38988.0,12,1,8,1
2022-08-02 14:00:00+00:00,1778.053,1778.326,1760.423,1760.578,20859.0,16,1,8,3
2022-08-02 18:00:00+00:00,1760.552,1763.632,1754.784,1756.675,7969.0,20,1,8,0
2022-08-02 22:00:00+00:00,1756.669,1769.327,1755.493,1768.895,14931.0,0,2,8,0
2022-08-03 02:00:00+00:00,1768.883,1770.596,1764.83,1766.129,14704.0,4,2,8,0
2022-08-03 06:00:00+00:00,1766.162,1768.31,1760.232,1765.529,14327.0,8,2,8,0
2022-08-03 10:00:00+00:00,1765.508,1772.769,1754.321,1758.447,31547.0,12,2,8,1
2022-08-03 14:00:00+00:00,1758.46,1766.192,1757.437,1765.19,12827.0,16,2,8,3
2022-08-03 18:00:00+00:00,1765.156,1765.985,1763.254,1763.586,4109.0,20,2,8,0
2022-08-03 22:00:00+00:00,1763.617,1771.47,1763.358,1770.731,11020.0,0,3,8,0
2022-08-04 02:00:00+00:00,1770.699,1774.763,1769.038,1773.005,12311.0,4,3,8,0
2022-08-04 06:00:00+00:00,1772.973,1786.471,1772.72,1785.613,15595.0,8,3,8,0
2022-08-04 10:00:00+00:00,1785.634,1790.147,1774.267,1787.68,29144.0,12,3,8,1
2022-08-04 14:00:00+00:00,1787.691,1794.882,1787.122,1793.544,13557.0,16,3,8,3
2022-08-04 18:00:00+00:00,1793.512,1793.661,1789.692,1793.38,5027.0,20,3,8,0
2022-08-04 22:00:00+00:00,1793.347,1794.863,1788.773,1792.114,11675.0,0,4,8,0
2022-08-05 02:00:00+00:00,1792.124,1792.884,1788.517,1790.502,12180.0,4,4,8,0
2022-08-05 06:00:00+00:00,1790.469,1790.729,1783.832,1787.828,13865.0,8,4,8,0
2022-08-05 10:00:00+00:00,1787.862,1789.161,1764.955,1773.561,44568.0,12,4,8,1
2022-08-05 14:00:00+00:00,1773.528,1776.059,1771.547,1773.471,14606.0,16,4,8,3
2022-08-05 18:00:00+00:00,1773.503,1775.715,1772.963,1775.628,1479.0,20,4,8,0
2022-08-07 18:00:00+00:00,1773.369,1775.046,1772.643,1774.558,3684.0,20,6,8,0
2022-08-07 22:00:00+00:00,1774.562,1775.452,1771.119,1773.323,10998.0,0,0,8,0
2022-08-08 02:00:00+00:00,1773.356,1779.14,1771.265,1777.692,11572.0,4,0,8,0
2022-08-08 06:00:00+00:00,1777.698,1783.173,1772.54,1782.853,13445.0,8,0,8,0
2022-08-08 10:00:00+00:00,1782.833,1789.96,1780.612,1787.158,22773.0,12,0,8,1
2022-08-08 14:00:00+00:00,1787.191,1789.333,1785.635,1788.486,10904.0,16,0,8,3
2022-08-08 18:00:00+00:00,1788.517,1790.631,1787.854,1789.176,4289.0,20,0,8,0
2022-08-08 22:00:00+00:00,1789.146,1790.141,1783.177,1785.661,10480.0,0,1,8,0
2022-08-09 02:00:00+00:00,1785.692,1789.256,1783.531,1787.086,9933.0,4,1,8,0
2022-08-09 06:00:00+00:00,1787.056,1794.653,1786.39,1789.402,15562.0,8,1,8,0
2022-08-09 10:00:00+00:00,1789.435,1800.41,1787.961,1796.146,25049.0,12,1,8,1
2022-08-09 14:00:00+00:00,1796.164,1798.261,1793.278,1793.969,11177.0,16,1,8,3
2022-08-09 18:00:00+00:00,1794.0,1794.919,1793.261,1794.082,3515.0,20,1,8,0
2022-08-09 22:00:00+00:00,1794.086,1794.569,1790.954,1791.208,8999.0,0,2,8,0
2022-08-10 02:00:00+00:00,1791.24,1791.75,1787.574,1790.441,10542.0,4,2,8,0
2022-08-10 06:00:00+00:00,1790.446,1795.267,1788.635,1792.329,12781.0,8,2,8,0
2022-08-10 10:00:00+00:00,1792.362,1807.831,1787.59,1797.971,39575.0,12,2,8,1
2022-08-10 14:00:00+00:00,1798.004,1800.079,1788.084,1790.24,15217.0,16,2,8,3
2022-08-10 18:00:00+00:00,1790.273,1792.881,1789.935,1791.66,4359.0,20,2,8,0
2022-08-10 22:00:00+00:00,1791.675,1792.399,1784.466,1785.797,10904.0,0,3,8,0
2022-08-11 02:00:00+00:00,1785.808,1788.304,1783.471,1788.013,12110.0,4,3,8,0
2022-08-11 06:00:00+00:00,1788.0,1795.166,1785.622,1794.841,13337.0,8,3,8,0
2022-08-11 10:00:00+00:00,1794.848,1799.215,1786.324,1790.343,28951.0,12,3,8,1
2022-08-11 14:00:00+00:00,1790.365,1791.896,1784.963,1785.638,12965.0,16,3,8,3
2022-08-11 18:00:00+00:00,1785.602,1790.133,1785.538,1788.95,4629.0,20,3,8,0
2022-08-11 22:00:00+00:00,1788.923,1791.4,1786.187,1791.099,9962.0,0,4,8,0
2022-08-12 02:00:00+00:00,1791.096,1794.095,1787.256,1788.752,11155.0,4,4,8,0
2022-08-12 06:00:00+00:00,1788.728,1789.731,1784.86,1785.321,13840.0,8,4,8,0
2022-08-12 10:00:00+00:00,1785.289,1798.69,1784.934,1794.862,26656.0,12,4,8,1
2022-08-12 14:00:00+00:00,1794.874,1802.068,1794.874,1801.406,11583.0,16,4,8,3
2022-08-12 18:00:00+00:00,1801.439,1802.198,1800.219,1801.884,1338.0,20,4,8,0
2022-08-14 18:00:00+00:00,1801.505,1801.765,1798.969,1799.103,3025.0,20,6,8,0
2022-08-14 22:00:00+00:00,1799.072,1801.693,1793.925,1795.358,10504.0,0,0,8,0
2022-08-15 02:00:00+00:00,1795.359,1795.401,1786.008,1786.877,11211.0,4,0,8,0
2022-08-15 06:00:00+00:00,1786.875,1788.116,1772.949,1775.082,18184.0,8,0,8,0
2022-08-15 10:00:00+00:00,1775.112,1786.218,1772.992,1780.759,28242.0,12,0,8,1
2022-08-15 14:00:00+00:00,1780.767,1784.074,1777.405,1778.941,11495.0,16,0,8,3
2022-08-15 18:00:00+00:00,1778.91,1780.399,1777.742,1778.509,5157.0,20,0,8,0
2022-08-15 22:00:00+00:00,1778.547,1783.068,1776.815,1781.249,9800.0,0,1,8,0
2022-08-16 02:00:00+00:00,1781.242,1782.071,1775.759,1775.941,9698.0,4,1,8,0
2022-08-16 06:00:00+00:00,1775.909,1777.86,1773.846,1775.991,13754.0,8,1,8,0
2022-08-16 10:00:00+00:00,1776.023,1778.551,1771.198,1774.258,25380.0,12,1,8,1
2022-08-16 14:00:00+00:00,1774.264,1777.515,1772.754,1775.766,11186.0,16,1,8,3
2022-08-16 18:00:00+00:00,1775.733,1775.984,1775.025,1775.556,3470.0,20,1,8,0
2022-08-16 22:00:00+00:00,1775.564,1776.945,1773.813,1775.779,9329.0,0,2,8,0
2022-08-17 02:00:00+00:00,1775.777,1782.159,1773.447,1773.533,12240.0,4,2,8,0
2022-08-17 06:00:00+00:00,1773.516,1776.925,1767.012,1769.289,15136.0,8,2,8,0
2022-08-17 10:00:00+00:00,1769.32,1773.609,1761.312,1762.038,29770.0,12,2,8,1
2022-08-17 14:00:00+00:00,1762.056,1770.214,1759.7,1764.476,20494.0,16,2,8,3
2022-08-17 18:00:00+00:00,1764.443,1765.285,1761.72,1764.909,4824.0,20,2,8,0
2022-08-17 22:00:00+00:00,1764.911,1767.497,1761.804,1762.27,9842.0,0,3,8,0
2022-08-18 02:00:00+00:00,1762.288,1765.378,1760.838,1762.726,11782.0,4,3,8,0
2022-08-18 06:00:00+00:00,1762.701,1772.362,1762.593,1770.424,14466.0,8,3,8,0
2022-08-18 10:00:00+00:00,1770.455,1771.969,1757.635,1759.715,26550.0,12,3,8,1
2022-08-18 14:00:00+00:00,1759.747,1761.214,1755.304,1759.567,13033.0,16,3,8,3
2022-08-18 18:00:00+00:00,1759.6,1759.659,1757.18,1758.387,4453.0,20,3,8,0
2022-08-18 22:00:00+00:00,1758.39,1758.55,1753.432,1754.135,11873.0,0,4,8,0
2022-08-19 02:00:00+00:00,1754.148,1757.331,1751.663,1753.894,12412.0,4,4,8,0
2022-08-19 06:00:00+00:00,1753.889,1754.551,1749.808,1752.968,14587.0,8,4,8,0
2022-08-19 10:00:00+00:00,1752.937,1758.047,1745.646,1749.045,25340.0,12,4,8,1
2022-08-19 14:00:00+00:00,1749.056,1750.885,1745.49,1746.5,11674.0,16,4,8,3
2022-08-19 18:00:00+00:00,1746.469,1747.485,1746.254,1747.376,1337.0,20,4,8,0
2022-08-21 18:00:00+00:00,1745.586,1748.094,1744.969,1745.664,3670.0,20,6,8,0
2022-08-21 22:00:00+00:00,1745.668,1748.992,1744.879,1746.504,11088.0,0,0,8,0
2022-08-22 02:00:00+00:00,1746.502,1746.506,1736.17,1736.953,13200.0,4,0,8,0
2022-08-22 06:00:00+00:00,1736.923,1738.209,1730.418,1733.295,17171.0,8,0,8,0
2022-08-22 10:00:00+00:00,1733.264,1739.971,1727.749,1736.797,26941.0,12,0,8,1
2022-08-22 14:00:00+00:00,1736.773,1737.756,1733.751,1734.926,11713.0,16,0,8,3
2022-08-22 18:00:00+00:00,1734.895,1736.099,1734.354,1735.22,3950.0,20,0,8,0
2022-08-22 22:00:00+00:00,1735.227,1740.469,1734.177,1738.445,11294.0,0,1,8,0
2022-08-23 02:00:00+00:00,1738.448,1738.844,1734.682,1738.27,12907.0,4,1,8,0
2022-08-23 06:00:00+00:00,1738.24,1743.813,1734.396,1738.028,14503.0,8,1,8,0
2022-08-23 10:00:00+00:00,1738.023,1754.057,1730.786,1749.703,30108.0,12,1,8,1
2022-08-23 14:00:00+00:00,1749.738,1750.484,1745.879,1747.219,12385.0,16,1,8,3
2022-08-23 18:00:00+00:00,1747.189,1748.496,1745.376,1745.97,4145.0,20,1,8,0
2022-08-23 22:00:00+00:00,1745.972,1747.679,1744.041,1745.447,9823.0,0,2,8,0
2022-08-24 02:00:00+00:00,1745.436,1748.103,1744.186,1747.882,11792.0,4,2,8,0
2022-08-24 06:00:00+00:00,1747.885,1753.604,1742.431,1745.417,15823.0,8,2,8,0
2022-08-24 10:00:00+00:00,1745.448,1755.904,1742.897,1751.177,25987.0,12,2,8,1
2022-08-24 14:00:00+00:00,1751.194,1752.98,1747.612,1752.085,11633.0,16,2,8,3
2022-08-24 18:00:00+00:00,1752.055,1752.702,1750.58,1750.98,3480.0,20,2,8,0
2022-08-24 22:00:00+00:00,1750.974,1757.682,1749.921,1756.393,10348.0,0,3,8,0
2022-08-25 02:00:00+00:00,1756.392,1763.597,1755.448,1762.418,13080.0,4,3,8,0
2022-08-25 06:00:00+00:00,1762.425,1765.437,1761.786,1762.451,15026.0,8,3,8,0
2022-08-25 10:00:00+00:00,1762.482,1762.738,1752.222,1755.295,24377.0,12,3,8,1
2022-08-25 14:00:00+00:00,1755.327,1759.871,1754.308,1757.297,11791.0,16,3,8,3
2022-08-25 18:00:00+00:00,1757.333,1758.925,1756.056,1756.377,3629.0,20,3,8,0
2022-08-25 22:00:00+00:00,1756.379,1757.433,1752.254,1757.41,8767.0,0,4,8,0
2022-08-26 02:00:00+00:00,1757.378,1758.757,1751.562,1753.127,12269.0,4,4,8,0
2022-08-26 06:00:00+00:00,1753.141,1753.141,1743.696,1744.964,15907.0,8,4,8,0
2022-08-26 10:00:00+00:00,1744.98,1756.091,1734.299,1737.058,48065.0,12,4,8,1
2022-08-26 14:00:00+00:00,1737.088,1739.553,1734.13,1736.762,15113.0,16,4,8,3
2022-08-26 18:00:00+00:00,1736.732,1738.779,1736.581,1737.998,1648.0,20,4,8,0
2022-08-28 18:00:00+00:00,1734.774,1738.525,1733.125,1734.735,6173.0,20,6,8,0
2022-08-28 22:00:00+00:00,1734.741,1736.159,1723.341,1724.495,15031.0,0,0,8,0
2022-08-29 02:00:00+00:00,1724.493,1725.81,1720.434,1721.557,15030.0,4,0,8,0
2022-08-29 06:00:00+00:00,1721.554,1729.696,1720.28,1727.698,15396.0,8,0,8,0
2022-08-29 10:00:00+00:00,1727.667,1745.407,1725.607,1740.483,28639.0,12,0,8,1
2022-08-29 14:00:00+00:00,1740.517,1740.776,1735.849,1737.744,12131.0,16,0,8,3
2022-08-29 18:00:00+00:00,1737.711,1739.806,1736.469,1739.526,4563.0,20,0,8,0
2022-08-29 22:00:00+00:00,1739.51,1740.474,1733.866,1734.937,10974.0,0,1,8,0
2022-08-30 02:00:00+00:00,1734.946,1736.945,1728.958,1731.351,13492.0,4,1,8,0
2022-08-30 06:00:00+00:00,1731.384,1737.851,1730.975,1732.956,15366.0,8,1,8,0
2022-08-30 10:00:00+00:00,1732.949,1733.392,1721.131,1726.082,27574.0,12,1,8,1
2022-08-30 14:00:00+00:00,1726.052,1727.049,1722.973,1723.173,13348.0,16,1,8,3
2022-08-30 18:00:00+00:00,1723.143,1724.472,1722.275,1723.304,3453.0,20,1,8,0
2022-08-30 22:00:00+00:00,1723.302,1724.434,1720.557,1723.951,9986.0,0,2,8,0
2022-08-31 02:00:00+00:00,1723.959,1726.483,1719.391,1720.928,12770.0,4,2,8,0
2022-08-31 06:00:00+00:00,1720.893,1721.819,1709.559,1713.931,19396.0,8,2,8,0
2022-08-31 10:00:00+00:00,1713.9,1723.459,1709.784,1718.681,30478.0,12,2,8,1
2022-08-31 14:00:00+00:00,1718.712,1719.076,1709.713,1710.096,13617.0,16,2,8,3
2022-08-31 18:00:00+00:00,1710.13,1711.372,1705.48,1708.952,6821.0,20,2,8,0
2022-08-31 22:00:00+00:00,1708.919,1708.919,1702.251,1704.638,13147.0,0,3,9,0
2022-09-01 02:00:00+00:00,1704.606,1708.488,1702.653,1705.017,12963.0,4,3,9,0
2022-09-01 06:00:00+00:00,1704.986,1708.603,1699.95,1701.764,17094.0,8,3,9,0
2022-09-01 10:00:00+00:00,1701.732,1704.06,1688.723,1695.483,35059.0,12,3,9,1
2022-09-01 14:00:00+00:00,1695.452,1699.602,1694.402,1694.657,14858.0,16,3,9,3
2022-09-01 18:00:00+00:00,1694.623,1697.848,1694.295,1697.174,4043.0,20,3,9,0
2022-09-01 22:00:00+00:00,1697.165,1700.293,1696.266,1699.513,10415.0,0,4,9,0
2022-09-02 02:00:00+00:00,1699.518,1704.475,1698.585,1703.644,11664.0,4,4,9,0
2022-09-02 06:00:00+00:00,1703.626,1707.3,1702.065,1705.79,12840.0,8,4,9,0
2022-09-02 10:00:00+00:00,1705.772,1717.932,1704.121,1716.129,38925.0,12,4,9,1
2022-09-02 14:00:00+00:00,1716.13,1716.414,1708.787,1709.577,15869.0,16,4,9,3
2022-09-02 18:00:00+00:00,1709.547,1712.892,1709.254,1712.532,1537.0,20,4,9,0
2022-09-04 18:00:00+00:00,1711.024,1711.509,1707.899,1707.958,3100.0,20,6,9,0
2022-09-04 22:00:00+00:00,1707.929,1712.766,1707.72,1711.997,11247.0,0,0,9,0
2022-09-05 02:00:00+00:00,1712.011,1714.015,1708.156,1710.772,12258.0,4,0,9,0
2022-09-05 06:00:00+00:00,1710.706,1715.705,1710.463,1713.617,12586.0,8,0,9,0
2022-09-05 10:00:00+00:00,1713.585,1713.763,1709.987,1710.449,11276.0,12,0,9,1
2022-09-05 14:00:00+00:00,1710.414,1712.045,1710.151,1711.551,1629.0,16,0,9,3
2022-09-05 18:00:00+00:00,1709.695,1714.353,1709.663,1713.927,2598.0,20,0,9,0
2022-09-05 22:00:00+00:00,1713.921,1726.337,1713.563,1717.745,13709.0,0,1,9,0
2022-09-06 02:00:00+00:00,1717.78,1720.703,1713.417,1715.743,14202.0,4,1,9,0
2022-09-06 06:00:00+00:00,1715.721,1716.021,1710.649,1714.553,15297.0,8,1,9,0
2022-09-06 10:00:00+00:00,1714.586,1714.97,1701.116,1703.011,31966.0,12,1,9,1
2022-09-06 14:00:00+00:00,1703.007,1704.338,1699.751,1700.08,15314.0,16,1,9,3
2022-09-06 18:00:00+00:00,1700.05,1703.837,1699.924,1703.478,4977.0,20,1,9,0
2022-09-06 22:00:00+00:00,1703.475,1703.801,1692.42,1693.365,16206.0,0,2,9,0
2022-09-07 02:00:00+00:00,1693.332,1703.51,1691.358,1703.182,16114.0,4,2,9,0
2022-09-07 06:00:00+00:00,1703.214,1707.165,1700.273,1701.064,17697.0,8,2,9,0
2022-09-07 10:00:00+00:00,1701.062,1713.411,1697.023,1710.456,26271.0,12,2,9,1
2022-09-07 14:00:00+00:00,1710.426,1719.193,1709.488,1717.233,14645.0,16,2,9,3
2022-09-07 18:00:00+00:00,1717.198,1719.426,1716.043,1716.553,4705.0,20,2,9,0
2022-09-07 22:00:00+00:00,1716.548,1719.265,1713.491,1714.414,13105.0,0,3,9,0
2022-09-08 02:00:00+00:00,1714.417,1722.778,1713.856,1717.592,15217.0,4,3,9,0
2022-09-08 06:00:00+00:00,1717.611,1728.138,1716.151,1723.762,18185.0,8,3,9,0
2022-09-08 10:00:00+00:00,1723.759,1726.585,1703.864,1707.148,40701.0,12,3,9,1
2022-09-08 14:00:00+00:00,1707.119,1711.573,1704.803,1706.764,15267.0,16,3,9,3
2022-09-08 18:00:00+00:00,1706.766,1710.889,1706.766,1710.648,3695.0,20,3,9,0
2022-09-08 22:00:00+00:00,1710.618,1720.582,1709.683,1719.224,12203.0,0,4,9,0
2022-09-09 02:00:00+00:00,1719.259,1729.238,1718.179,1727.24,15500.0,4,4,9,0
2022-09-09 06:00:00+00:00,1727.208,1729.336,1719.747,1720.931,19355.0,8,4,9,0
2022-09-09 10:00:00+00:00,1720.899,1722.471,1711.327,1716.801,27613.0,12,4,9,1
2022-09-09 14:00:00+00:00,1716.832,1720.27,1714.539,1715.661,11171.0,16,4,9,3
2022-09-09 18:00:00+00:00,1715.626,1718.016,1715.371,1717.186,1380.0,20,4,9,0
2022-09-11 18:00:00+00:00,1718.402,1720.155,1716.742,1718.396,3416.0,20,6,9,0
2022-09-11 22:00:00+00:00,1718.365,1718.694,1712.226,1713.598,9984.0,0,0,9,0
2022-09-12 02:00:00+00:00,1713.589,1726.47,1711.946,1724.353,15270.0,4,0,9,0
2022-09-12 06:00:00+00:00,1724.344,1729.866,1721.868,1729.537,18068.0,8,0,9,0
2022-09-12 10:00:00+00:00,1729.57,1735.081,1723.626,1734.214,30000.0,12,0,9,1
2022-09-12 14:00:00+00:00,1734.244,1734.806,1723.719,1724.433,15021.0,16,0,9,3
2022-09-12 18:00:00+00:00,1724.403,1726.375,1724.052,1725.246,4151.0,20,0,9,0
2022-09-12 22:00:00+00:00,1725.236,1727.54,1720.712,1721.335,12958.0,0,1,9,0
2022-09-13 02:00:00+00:00,1721.331,1725.324,1719.994,1723.83,12896.0,4,1,9,0
2022-09-13 06:00:00+00:00,1723.862,1731.429,1721.89,1729.708,16034.0,8,1,9,0
2022-09-13 10:00:00+00:00,1729.676,1731.772,1696.993,1700.93,51044.0,12,1,9,1
2022-09-13 14:00:00+00:00,1700.947,1707.259,1700.573,1702.499,16111.0,16,1,9,3
2022-09-13 18:00:00+00:00,1702.466,1703.274,1700.646,1702.097,5537.0,20,1,9,0
2022-09-13 22:00:00+00:00,1702.141,1703.559,1697.196,1700.376,15307.0,0,2,9,0
2022-09-14 02:00:00+00:00,1700.4,1705.068,1698.832,1703.143,19031.0,4,2,9,0
2022-09-14 06:00:00+00:00,1703.113,1706.089,1701.007,1701.591,18372.0,8,2,9,0
2022-09-14 10:00:00+00:00,1701.568,1707.068,1698.993,1703.606,28082.0,12,2,9,1
2022-09-14 14:00:00+00:00,1703.636,1703.774,1693.596,1695.587,14561.0,16,2,9,3
2022-09-14 18:00:00+00:00,1695.556,1698.167,1695.193,1697.512,4209.0,20,2,9,0
2022-09-14 22:00:00+00:00,1697.494,1697.775,1690.201,1692.699,10371.0,0,3,9,0
2022-09-15 02:00:00+00:00,1692.702,1693.242,1685.335,1689.789,13996.0,4,3,9,0
2022-09-15 06:00:00+00:00,1689.758,1691.204,1683.765,1686.315,17031.0,8,3,9,0
2022-09-15 10:00:00+00:00,1686.332,1692.127,1663.34,1664.369,39660.0,12,3,9,1
2022-09-15 14:00:00+00:00,1664.339,1669.239,1660.181,1663.87,17119.0,16,3,9,3
2022-09-15 18:00:00+00:00,1663.9,1665.375,1661.286,1662.336,5687.0,20,3,9,0
2022-09-15 22:00:00+00:00,1662.338,1667.659,1661.231,1664.318,12552.0,0,4,9,0
2022-09-16 02:00:00+00:00,1664.323,1665.408,1654.095,1655.707,14696.0,4,4,9,0
2022-09-16 06:00:00+00:00,1655.718,1667.826,1654.107,1665.406,17798.0,8,4,9,0
2022-09-16 10:00:00+00:00,1665.364,1680.361,1657.129,1673.903,34742.0,12,4,9,1
2022-09-16 14:00:00+00:00,1673.867,1677.674,1671.05,1673.196,14039.0,16,4,9,3
2022-09-16 18:00:00+00:00,1673.165,1676.25,1673.035,1675.286,1754.0,20,4,9,0
2022-09-18 18:00:00+00:00,1674.412,1679.963,1673.966,1677.946,4036.0,20,6,9,0
2022-09-18 22:00:00+00:00,1677.914,1678.74,1668.178,1669.19,10944.0,0,0,9,0
2022-09-19 02:00:00+00:00,1669.189,1669.668,1659.457,1662.702,12714.0,4,0,9,0
2022-09-19 06:00:00+00:00,1662.726,1666.657,1660.646,1661.9,15900.0,8,0,9,0
2022-09-19 10:00:00+00:00,1661.936,1675.291,1661.284,1670.616,27739.0,12,0,9,1
2022-09-19 14:00:00+00:00,1670.648,1674.725,1668.839,1674.523,13141.0,16,0,9,3
2022-09-19 18:00:00+00:00,1674.491,1676.043,1674.146,1675.752,4212.0,20,0,9,0
2022-09-19 22:00:00+00:00,1675.744,1679.43,1673.35,1676.951,12029.0,0,1,9,0
2022-09-20 02:00:00+00:00,1676.955,1677.185,1670.166,1672.554,14209.0,4,1,9,0
2022-09-20 06:00:00+00:00,1672.52,1672.52,1666.092,1668.769,15687.0,8,1,9,0
2022-09-20 10:00:00+00:00,1668.801,1669.228,1659.913,1665.545,26700.0,12,1,9,1
2022-09-20 14:00:00+00:00,1665.575,1666.242,1661.539,1664.98,14481.0,16,1,9,3
2022-09-20 18:00:00+00:00,1664.976,1666.661,1664.144,1666.4,4072.0,20,1,9,0
2022-09-20 22:00:00+00:00,1666.392,1667.433,1662.848,1663.743,11087.0,0,2,9,0
2022-09-21 02:00:00+00:00,1663.736,1675.903,1661.686,1670.981,17586.0,4,2,9,0
2022-09-21 06:00:00+00:00,1670.95,1677.344,1669.413,1675.13,14752.0,8,2,9,0
2022-09-21 10:00:00+00:00,1675.138,1676.267,1665.724,1667.489,23665.0,12,2,9,1
2022-09-21 14:00:00+00:00,1667.475,1688.033,1653.772,1672.449,66943.0,16,2,9,3
2022-09-21 18:00:00+00:00,1672.418,1674.76,1665.847,1667.043,7303.0,20,2,9,0
2022-09-21 22:00:00+00:00,1667.04,1667.143,1656.743,1660.488,17773.0,0,3,9,0
2022-09-22 02:00:00+00:00,1660.491,1663.66,1655.368,1658.849,18160.0,4,3,9,0
2022-09-22 06:00:00+00:00,1658.88,1677.91,1657.913,1672.165,37490.0,8,3,9,0
2022-09-22 10:00:00+00:00,1672.196,1684.833,1667.916,1671.452,42421.0,12,3,9,1
2022-09-22 14:00:00+00:00,1671.485,1676.339,1669.322,1671.802,18749.0,16,3,9,3
2022-09-22 18:00:00+00:00,1671.832,1672.904,1670.488,1672.724,4292.0,20,3,9,0
2022-09-22 22:00:00+00:00,1672.737,1675.933,1668.558,1669.122,11137.0,0,4,9,0
2022-09-23 02:00:00+00:00,1669.154,1674.125,1666.332,1667.355,15182.0,4,4,9,0
2022-09-23 06:00:00+00:00,1667.388,1668.282,1640.973,1647.682,31100.0,8,4,9,0
2022-09-23 10:00:00+00:00,1647.649,1657.733,1641.403,1646.197,40097.0,12,4,9,1
2022-09-23 14:00:00+00:00,1646.208,1648.439,1639.714,1642.989,18940.0,16,4,9,3
2022-09-23 18:00:00+00:00,1643.025,1645.147,1642.957,1643.877,2084.0,20,4,9,0
2022-09-25 18:00:00+00:00,1643.172,1645.673,1640.355,1644.085,5575.0,20,6,9,0
2022-09-25 22:00:00+00:00,1644.082,1645.873,1626.434,1638.445,34738.0,0,0,9,0
2022-09-26 02:00:00+00:00,1638.462,1649.598,1634.622,1644.04,25129.0,4,0,9,0
2022-09-26 06:00:00+00:00,1644.071,1647.525,1636.211,1639.939,22684.0,8,0,9,0
2022-09-26 10:00:00+00:00,1639.972,1648.276,1634.134,1634.363,34182.0,12,0,9,1
2022-09-26 14:00:00+00:00,1634.335,1635.179,1621.563,1624.22,26418.0,16,0,9,3
2022-09-26 18:00:00+00:00,1624.251,1628.649,1621.048,1627.669,7605.0,20,0,9,0
2022-09-26 22:00:00+00:00,1627.637,1632.975,1627.554,1631.177,15306.0,0,1,9,0
2022-09-27 02:00:00+00:00,1631.174,1640.572,1630.911,1637.287,16314.0,4,1,9,0
2022-09-27 06:00:00+00:00,1637.255,1642.384,1632.429,1636.677,19550.0,8,1,9,0
2022-09-27 10:00:00+00:00,1636.646,1640.462,1631.841,1634.075,35406.0,12,1,9,1
2022-09-27 14:00:00+00:00,1634.105,1634.125,1626.649,1627.256,21774.0,16,1,9,3
2022-09-27 18:00:00+00:00,1627.287,1630.331,1627.287,1628.797,5880.0,20,1,9,0
2022-09-27 22:00:00+00:00,1628.795,1630.54,1623.008,1624.619,15853.0,0,2,9,0
2022-09-28 02:00:00+00:00,1624.623,1625.661,1614.427,1621.862,18590.0,4,2,9,0
2022-09-28 06:00:00+00:00,1621.898,1631.56,1615.856,1624.394,36588.0,8,2,9,0
2022-09-28 10:00:00+00:00,1624.403,1659.818,1624.165,1658.727,48591.0,12,2,9,1
2022-09-28 14:00:00+00:00,1658.761,1662.66,1655.215,1660.609,21868.0,16,2,9,3
2022-09-28 18:00:00+00:00,1660.64,1660.676,1656.115,1656.115,6095.0,20,2,9,0
2022-09-28 22:00:00+00:00,1656.147,1659.33,1651.978,1654.333,16072.0,0,3,9,0
2022-09-29 02:00:00+00:00,1654.372,1654.473,1641.435,1644.88,20463.0,4,3,9,0
2022-09-29 06:00:00+00:00,1644.849,1652.178,1643.411,1651.396,24099.0,8,3,9,0
2022-09-29 10:00:00+00:00,1651.43,1661.925,1644.461,1659.882,43727.0,12,3,9,1
2022-09-29 14:00:00+00:00,1659.848,1664.803,1657.199,1661.092,20687.0,16,3,9,3
2022-09-29 18:00:00+00:00,1661.061,1665.171,1659.574,1664.567,7500.0,20,3,9,0
2022-09-29 22:00:00+00:00,1664.576,1665.252,1659.198,1662.181,15602.0,0,4,9,0
2022-09-30 02:00:00+00:00,1662.183,1674.177,1661.167,1673.113,18864.0,4,4,9,0
2022-09-30 06:00:00+00:00,1673.098,1674.056,1662.617,1663.26,23146.0,8,4,9,0
2022-09-30 10:00:00+00:00,1663.293,1675.424,1661.952,1671.29,41378.0,12,4,9,1
2022-09-30 14:00:00+00:00,1671.32,1671.676,1660.055,1661.745,20184.0,16,4,9,3
2022-09-30 18:00:00+00:00,1661.699,1662.489,1660.54,1660.963,2323.0,20,4,9,0
2022-10-02 18:00:00+00:00,1664.009,1665.394,1663.255,1664.152,4625.0,20,6,10,0
2022-10-02 22:00:00+00:00,1664.122,1669.448,1663.445,1663.917,12432.0,0,0,10,0
2022-10-03 02:00:00+00:00,1663.925,1668.288,1661.676,1663.732,18360.0,4,0,10,0
2022-10-03 06:00:00+00:00,1663.689,1666.832,1659.578,1666.146,19772.0,8,0,10,0
2022-10-03 10:00:00+00:00,1666.178,1694.092,1663.788,1690.313,46622.0,12,0,10,1
2022-10-03 14:00:00+00:00,1690.344,1701.434,1687.257,1700.604,21453.0,16,0,10,3
2022-10-03 18:00:00+00:00,1700.573,1702.553,1698.168,1700.996,7546.0,20,0,10,0
2022-10-03 22:00:00+00:00,1701.0,1701.155,1695.125,1699.695,13603.0,0,1,10,0
2022-10-04 02:00:00+00:00,1699.717,1710.488,1697.434,1708.084,20129.0,4,1,10,0
2022-10-04 06:00:00+00:00,1708.067,1712.432,1700.399,1705.833,22167.0,8,1,10,0
2022-10-04 10:00:00+00:00,1705.802,1728.85,1703.976,1725.718,38251.0,12,1,10,1
2022-10-04 14:00:00+00:00,1725.749,1729.469,1719.98,1724.85,21196.0,16,1,10,3
2022-10-04 18:00:00+00:00,1724.817,1726.401,1723.73,1725.563,5175.0,20,1,10,0
2022-10-04 22:00:00+00:00,1725.562,1725.646,1717.838,1719.319,14554.0,0,2,10,0
2022-10-05 02:00:00+00:00,1719.315,1727.552,1715.019,1716.296,17404.0,4,2,10,0
2022-10-05 06:00:00+00:00,1716.326,1716.435,1703.12,1706.154,21909.0,8,2,10,0
2022-10-05 10:00:00+00:00,1706.12,1714.136,1700.495,1709.047,39741.0,12,2,10,1
2022-10-05 14:00:00+00:00,1709.081,1718.603,1707.579,1716.216,19193.0,16,2,10,3
2022-10-05 18:00:00+00:00,1716.251,1718.839,1714.782,1718.379,5407.0,20,2,10,0
2022-10-05 22:00:00+00:00,1718.416,1724.201,1717.977,1722.21,14538.0,0,3,10,0
2022-10-06 02:00:00+00:00,1722.199,1725.491,1719.695,1724.598,16455.0,4,3,10,0
2022-10-06 06:00:00+00:00,1724.564,1724.798,1710.844,1714.881,20679.0,8,3,10,0
2022-10-06 10:00:00+00:00,1714.844,1719.422,1708.167,1708.184,34799.0,12,3,10,1
2022-10-06 14:00:00+00:00,1708.171,1715.13,1706.888,1714.342,17576.0,16,3,10,3
2022-10-06 18:00:00+00:00,1714.311,1714.609,1710.871,1711.869,4834.0,20,3,10,0
2022-10-06 22:00:00+00:00,1711.89,1713.357,1709.101,1709.821,12864.0,0,4,10,0
2022-10-07 02:00:00+00:00,1709.806,1714.03,1708.378,1710.847,15322.0,4,4,10,0
2022-10-07 06:00:00+00:00,1710.863,1714.764,1706.192,1709.188,16508.0,8,4,10,0
2022-10-07 10:00:00+00:00,1709.144,1713.339,1690.453,1703.144,51315.0,12,4,10,1
2022-10-07 14:00:00+00:00,1703.136,1707.178,1693.165,1695.588,18147.0,16,4,10,3
2022-10-07 18:00:00+00:00,1695.558,1695.888,1694.369,1695.001,1888.0,20,4,10,0
2022-10-09 18:00:00+00:00,1696.236,1699.857,1695.794,1696.694,4572.0,20,6,10,0
2022-10-09 22:00:00+00:00,1696.695,1697.232,1686.847,1688.871,15712.0,0,0,10,0
2022-10-10 02:00:00+00:00,1688.857,1689.566,1682.119,1682.724,15787.0,4,0,10,0
2022-10-10 06:00:00+00:00,1682.722,1684.477,1673.812,1676.987,19656.0,8,0,10,0
2022-10-10 10:00:00+00:00,1676.981,1679.131,1665.618,1666.868,30515.0,12,0,10,1
2022-10-10 14:00:00+00:00,1666.841,1671.589,1666.748,1668.964,15815.0,16,0,10,3
2022-10-10 18:00:00+00:00,1668.995,1670.221,1667.45,1670.131,4052.0,20,0,10,0
2022-10-10 22:00:00+00:00,1670.1,1673.527,1661.051,1664.134,16824.0,0,1,10,0
2022-10-11 02:00:00+00:00,1664.126,1669.53,1661.757,1664.656,19274.0,4,1,10,0
2022-10-11 06:00:00+00:00,1664.633,1670.621,1660.867,1670.197,22328.0,8,1,10,0
2022-10-11 10:00:00+00:00,1670.154,1681.728,1663.399,1681.555,33967.0,12,1,10,1
2022-10-11 14:00:00+00:00,1681.585,1683.879,1663.72,1666.43,25362.0,16,1,10,3
2022-10-11 18:00:00+00:00,1666.399,1667.449,1663.881,1664.037,4971.0,20,1,10,0
2022-10-11 22:00:00+00:00,1664.015,1666.831,1661.379,1665.308,16213.0,0,2,10,0
2022-10-12 02:00:00+00:00,1665.318,1675.068,1664.761,1668.944,23165.0,4,2,10,0
2022-10-12 06:00:00+00:00,1668.913,1673.289,1667.734,1668.465,19265.0,8,2,10,0
2022-10-12 10:00:00+00:00,1668.496,1673.159,1664.727,1669.458,34074.0,12,2,10,1
2022-10-12 14:00:00+00:00,1669.452,1678.298,1667.663,1675.111,21554.0,16,2,10,3
2022-10-12 18:00:00+00:00,1675.08,1675.579,1672.523,1674.483,3851.0,20,2,10,0
2022-10-12 22:00:00+00:00,1674.46,1675.422,1668.988,1669.253,10707.0,0,3,10,0
2022-10-13 02:00:00+00:00,1669.255,1672.275,1666.987,1672.078,12036.0,4,3,10,0
2022-10-13 06:00:00+00:00,1672.263,1682.36,1670.637,1678.743,18991.0,8,3,10,0
2022-10-13 10:00:00+00:00,1678.712,1678.88,1642.337,1665.758,77249.0,12,3,10,1
2022-10-13 14:00:00+00:00,1665.727,1672.46,1662.883,1663.87,28232.0,16,3,10,3
2022-10-13 18:00:00+00:00,1663.839,1666.587,1662.894,1663.441,5164.0,20,3,10,0
2022-10-13 22:00:00+00:00,1663.418,1670.208,1658.996,1668.996,16486.0,0,4,10,0
2022-10-14 02:00:00+00:00,1669.022,1671.694,1663.518,1667.013,17726.0,4,4,10,0
2022-10-14 06:00:00+00:00,1667.023,1667.117,1650.189,1654.923,25309.0,8,4,10,0
2022-10-14 10:00:00+00:00,1654.892,1663.959,1644.686,1644.686,44070.0,12,4,10,1
2022-10-14 14:00:00+00:00,1644.652,1648.855,1640.123,1642.876,20855.0,16,4,10,3
2022-10-14 18:00:00+00:00,1642.906,1644.72,1642.654,1644.267,1860.0,20,4,10,0
2022-10-16 18:00:00+00:00,1646.163,1647.656,1644.094,1647.47,4635.0,20,6,10,0
2022-10-16 22:00:00+00:00,1647.455,1652.606,1646.361,1650.155,12524.0,0,0,10,0
2022-10-17 02:00:00+00:00,1650.186,1657.392,1648.33,1655.983,16339.0,4,0,10,0
2022-10-17 06:00:00+00:00,1655.919,1660.601,1652.91,1657.972,18382.0,8,0,10,0
2022-10-17 10:00:00+00:00,1657.939,1668.389,1657.032,1663.282,29124.0,12,0,10,1
2022-10-17 14:00:00+00:00,1663.248,1663.393,1646.581,1647.926,15888.0,16,0,10,3
2022-10-17 18:00:00+00:00,1647.934,1651.469,1647.702,1650.698,5037.0,20,0,10,0
2022-10-17 22:00:00+00:00,1650.73,1653.508,1648.91,1652.452,12269.0,0,1,10,0
2022-10-18 02:00:00+00:00,1652.464,1660.853,1651.148,1656.356,18362.0,4,1,10,0
2022-10-18 06:00:00+00:00,1656.325,1657.537,1648.524,1652.866,20841.0,8,1,10,0
2022-10-18 10:00:00+00:00,1652.9,1657.334,1645.81,1649.755,29482.0,12,1,10,1
2022-10-18 14:00:00+00:00,1649.725,1652.721,1648.116,1651.365,18728.0,16,1,10,3
2022-10-18 18:00:00+00:00,1651.333,1654.466,1650.673,1652.305,4714.0,20,1,10,0
2022-10-18 22:00:00+00:00,1652.304,1653.366,1649.026,1649.241,11843.0,0,2,10,0
2022-10-19 02:00:00+00:00,1649.273,1649.456,1637.395,1644.742,16784.0,4,2,10,0
2022-10-19 06:00:00+00:00,1644.772,1644.814,1631.849,1635.249,21325.0,8,2,10,0
2022-10-19 10:00:00+00:00,1635.216,1637.703,1630.342,1630.492,31815.0,12,2,10,1
2022-10-19 14:00:00+00:00,1630.508,1631.199,1627.661,1629.564,17293.0,16,2,10,3
2022-10-19 18:00:00+00:00,1629.531,1630.302,1626.464,1627.097,4928.0,20,2,10,0
2022-10-19 22:00:00+00:00,1627.064,1629.339,1622.403,1626.219,13177.0,0,3,10,0
2022-10-20 02:00:00+00:00,1626.217,1634.975,1625.126,1632.732,19222.0,4,3,10,0
2022-10-20 06:00:00+00:00,1632.775,1639.244,1628.718,1637.331,18637.0,8,3,10,0
2022-10-20 10:00:00+00:00,1637.34,1645.57,1630.348,1641.274,33349.0,12,3,10,1
2022-10-20 14:00:00+00:00,1641.278,1641.45,1624.715,1626.877,18421.0,16,3,10,3
2022-10-20 18:00:00+00:00,1626.836,1628.397,1625.347,1626.98,5068.0,20,3,10,0
2022-10-20 22:00:00+00:00,1626.979,1628.266,1620.34,1621.594,12185.0,0,4,10,0
2022-10-21 02:00:00+00:00,1621.593,1627.102,1616.856,1623.781,16098.0,4,4,10,0
2022-10-21 06:00:00+00:00,1623.773,1627.999,1619.183,1623.141,19563.0,8,4,10,0
2022-10-21 10:00:00+00:00,1623.13,1650.951,1619.148,1650.842,72232.0,12,4,10,1
2022-10-21 14:00:00+00:00,1650.873,1657.042,1647.339,1655.202,31429.0,16,4,10,3
2022-10-21 18:00:00+00:00,1655.169,1658.087,1654.011,1657.806,2836.0,20,4,10,0
2022-10-23 18:00:00+00:00,1659.975,1670.606,1656.61,1661.251,20029.0,20,6,10,0
2022-10-23 22:00:00+00:00,1661.219,1663.306,1651.907,1654.01,22096.0,0,0,10,0
2022-10-24 02:00:00+00:00,1654.012,1658.65,1648.863,1649.232,20313.0,4,0,10,0
2022-10-24 06:00:00+00:00,1649.263,1652.302,1644.181,1650.034,24534.0,8,0,10,0
2022-10-24 10:00:00+00:00,1650.003,1654.4,1643.903,1651.789,39526.0,12,0,10,1
2022-10-24 14:00:00+00:00,1651.755,1652.632,1647.724,1650.295,14658.0,16,0,10,3
2022-10-24 18:00:00+00:00,1650.262,1652.547,1648.887,1651.742,5185.0,20,0,10,0
2022-10-24 22:00:00+00:00,1651.773,1654.862,1647.173,1651.593,16732.0,0,1,10,0
2022-10-25 02:00:00+00:00,1651.562,1652.19,1644.435,1645.149,14746.0,4,1,10,0
2022-10-25 06:00:00+00:00,1645.153,1648.283,1638.121,1643.788,17848.0,8,1,10,0
2022-10-25 10:00:00+00:00,1643.793,1662.281,1639.014,1656.011,35142.0,12,1,10,1
2022-10-25 14:00:00+00:00,1655.981,1657.091,1652.079,1653.967,16108.0,16,1,10,3
2022-10-25 18:00:00+00:00,1653.931,1653.931,1651.066,1652.755,6532.0,20,1,10,0
2022-10-25 22:00:00+00:00,1652.765,1657.577,1649.733,1657.007,14364.0,0,2,10,0
2022-10-26 02:00:00+00:00,1657.009,1671.325,1655.14,1670.899,17672.0,4,2,10,0
2022-10-26 06:00:00+00:00,1670.934,1674.834,1666.645,1668.456,20261.0,8,2,10,0
2022-10-26 10:00:00+00:00,1668.447,1672.607,1660.561,1667.116,33815.0,12,2,10,1
2022-10-26 14:00:00+00:00,1667.145,1668.947,1663.54,1664.709,17906.0,16,2,10,3
2022-10-26 18:00:00+00:00,1664.748,1667.555,1663.237,1667.513,6045.0,20,2,10,0
2022-10-26 22:00:00+00:00,1667.524,1670.754,1662.268,1664.586,14779.0,0,3,10,0
2022-10-27 02:00:00+00:00,1664.587,1669.652,1658.779,1662.684,16979.0,4,3,10,0
2022-10-27 06:00:00+00:00,1662.715,1666.66,1659.822,1661.968,17307.0,8,3,10,0
2022-10-27 10:00:00+00:00,1661.936,1665.7,1654.798,1661.206,47331.0,12,3,10,1
2022-10-27 14:00:00+00:00,1661.175,1662.57,1656.722,1662.295,17478.0,16,3,10,3
2022-10-27 18:00:00+00:00,1662.264,1663.441,1661.003,1661.862,8529.0,20,3,10,0
2022-10-27 22:00:00+00:00,1661.861,1666.992,1660.504,1664.725,14912.0,0,4,10,0
2022-10-28 02:00:00+00:00,1664.756,1665.391,1651.224,1652.673,17608.0,4,4,10,0
2022-10-28 06:00:00+00:00,1652.695,1653.797,1646.282,1650.372,20150.0,8,4,10,0
2022-10-28 10:00:00+00:00,1650.404,1652.797,1637.811,1639.6,41295.0,12,4,10,1
2022-10-28 14:00:00+00:00,1639.607,1645.203,1638.854,1645.152,14133.0,16,4,10,3
2022-10-28 18:00:00+00:00,1645.115,1645.872,1643.762,1644.628,1833.0,20,4,10,0
2022-10-30 18:00:00+00:00,1643.727,1645.373,1643.003,1643.446,4695.0,20,6,10,0
2022-10-30 22:00:00+00:00,1643.413,1645.054,1640.63,1644.333,11280.0,0,0,10,0
2022-10-31 02:00:00+00:00,1644.323,1645.56,1640.426,1641.125,11701.0,4,0,10,0
2022-10-31 06:00:00+00:00,1641.132,1642.019,1635.609,1639.742,16576.0,8,0,10,0
2022-10-31 10:00:00+00:00,1639.699,1642.036,1633.354,1638.937,25708.0,12,0,10,1
2022-10-31 14:00:00+00:00,1638.969,1640.282,1631.677,1632.107,15599.0,16,0,10,3
2022-10-31 18:00:00+00:00,1632.137,1633.786,1631.787,1632.419,5470.0,20,0,10,0
2022-10-31 22:00:00+00:00,1632.452,1639.949,1630.689,1637.515,13775.0,0,1,11,0
2022-11-01 02:00:00+00:00,1637.532,1649.861,1636.485,1645.208,16663.0,4,1,11,0
2022-11-01 06:00:00+00:00,1645.242,1655.241,1645.206,1652.188,18375.0,8,1,11,0
2022-11-01 10:00:00+00:00,1652.221,1656.969,1642.026,1644.387,36989.0,12,1,11,1
2022-11-01 14:00:00+00:00,1644.35,1651.059,1642.868,1648.154,19211.0,16,1,11,3
2022-11-01 18:00:00+00:00,1648.123,1648.355,1645.988,1646.772,4633.0,20,1,11,0
2022-11-01 22:00:00+00:00,1646.804,1653.288,1646.624,1650.692,13634.0,0,2,11,0
2022-11-02 02:00:00+00:00,1650.736,1653.353,1649.288,1652.783,12736.0,4,2,11,0
2022-11-02 06:00:00+00:00,1652.796,1656.907,1651.869,1655.176,15564.0,8,2,11,0
2022-11-02 10:00:00+00:00,1655.206,1658.829,1645.625,1646.384,25103.0,12,2,11,1
2022-11-02 14:00:00+00:00,1646.391,1669.428,1635.653,1636.9,62503.0,16,2,11,3
2022-11-02 18:00:00+00:00,1636.865,1638.141,1631.8,1633.721,7685.0,20,2,11,0
2022-11-02 22:00:00+00:00,1633.718,1640.911,1632.747,1637.63,13527.0,0,3,11,0
2022-11-03 02:00:00+00:00,1637.661,1638.844,1628.338,1629.926,14408.0,4,3,11,0
2022-11-03 06:00:00+00:00,1629.913,1629.987,1616.624,1619.817,22585.0,8,3,11,0
2022-11-03 10:00:00+00:00,1619.783,1631.572,1617.074,1625.864,44138.0,12,3,11,1
2022-11-03 14:00:00+00:00,1625.861,1632.292,1624.869,1630.847,16290.0,16,3,11,3
2022-11-03 18:00:00+00:00,1630.903,1631.198,1628.616,1629.737,4119.0,20,3,11,0
2022-11-03 22:00:00+00:00,1629.771,1640.044,1629.315,1639.144,12995.0,0,4,11,0
2022-11-04 02:00:00+00:00,1639.114,1649.705,1638.568,1644.869,19156.0,4,4,11,0
2022-11-04 06:00:00+00:00,1644.905,1653.416,1643.71,1651.369,21798.0,8,4,11,0
2022-11-04 10:00:00+00:00,1651.344,1675.381,1641.511,1671.102,53569.0,12,4,11,1
2022-11-04 14:00:00+00:00,1671.133,1681.665,1667.702,1680.768,23564.0,16,4,11,3
2022-11-04 18:00:00+00:00,1680.737,1681.614,1679.623,1680.966,2114.0,20,4,11,0
2022-11-06 18:00:00+00:00,1675.168,1680.309,1672.277,1672.66,5338.0,20,6,11,0
2022-11-06 22:00:00+00:00,1672.698,1675.299,1670.319,1673.506,17469.0,0,0,11,0
2022-11-07 02:00:00+00:00,1673.499,1674.787,1666.852,1668.089,14784.0,4,0,11,0
2022-11-07 06:00:00+00:00,1668.068,1680.35,1667.01,1676.972,19285.0,8,0,11,0
2022-11-07 10:00:00+00:00,1676.939,1681.865,1673.468,1678.932,28813.0,12,0,11,1
2022-11-07 14:00:00+00:00,1678.964,1680.225,1675.08,1675.377,16424.0,16,0,11,3
2022-11-07 18:00:00+00:00,1675.425,1676.218,1673.584,1674.072,6353.0,20,0,11,0
2022-11-07 22:00:00+00:00,1674.084,1676.67,1672.138,1672.815,12156.0,0,1,11,0
2022-11-08 02:00:00+00:00,1672.82,1673.408,1668.123,1670.292,12464.0,4,1,11,0
2022-11-08 06:00:00+00:00,1670.326,1673.309,1664.665,1672.572,16873.0,8,1,11,0
2022-11-08 10:00:00+00:00,1672.598,1714.146,1669.983,1713.058,38336.0,12,1,11,1
2022-11-08 14:00:00+00:00,1713.091,1716.901,1708.272,1711.62,28488.0,16,1,11,3
2022-11-08 18:00:00+00:00,1711.652,1713.346,1710.692,1711.587,10207.0,20,1,11,0
2022-11-08 22:00:00+00:00,1711.583,1712.48,1706.969,1709.252,15642.0,0,2,11,0
2022-11-09 02:00:00+00:00,1709.226,1712.699,1707.407,1711.618,16103.0,4,2,11,0
2022-11-09 06:00:00+00:00,1711.652,1715.772,1703.868,1708.774,21824.0,8,2,11,0
2022-11-09 10:00:00+00:00,1708.735,1722.291,1702.905,1711.506,37918.0,12,2,11,1
2022-11-09 14:00:00+00:00,1711.539,1714.36,1702.124,1703.74,23073.0,16,2,11,3
2022-11-09 18:00:00+00:00,1703.759,1707.436,1703.349,1706.45,9856.0,20,2,11,0
2022-11-09 22:00:00+00:00,1706.469,1710.094,1705.077,1709.354,14598.0,0,3,11,0
2022-11-10 02:00:00+00:00,1709.362,1712.527,1705.264,1705.846,14742.0,4,3,11,0
2022-11-10 06:00:00+00:00,1705.877,1710.162,1703.98,1707.36,20167.0,8,3,11,0
2022-11-10 10:00:00+00:00,1707.397,1753.262,1706.85,1750.944,58706.0,12,3,11,1
2022-11-10 14:00:00+00:00,1750.912,1754.735,1743.508,1754.088,25890.0,16,3,11,3
2022-11-10 18:00:00+00:00,1754.058,1757.196,1752.043,1752.196,11316.0,20,3,11,0
2022-11-10 22:00:00+00:00,1752.192,1753.383,1747.23,1751.292,16936.0,0,4,11,0
2022-11-11 02:00:00+00:00,1751.294,1764.308,1749.759,1760.985,23368.0,4,4,11,0
2022-11-11 06:00:00+00:00,1760.954,1766.541,1755.023,1759.276,29098.0,8,4,11,0
2022-11-11 10:00:00+00:00,1759.31,1766.046,1755.506,1763.677,33479.0,12,4,11,1
2022-11-11 14:00:00+00:00,1763.707,1768.042,1759.618,1768.042,19929.0,16,4,11,3
2022-11-11 18:00:00+00:00,1768.008,1772.822,1765.394,1771.096,6830.0,20,4,11,0
2022-11-13 18:00:00+00:00,1763.488,1764.891,1761.422,1763.439,4142.0,20,6,11,0
2022-11-13 22:00:00+00:00,1763.447,1766.277,1760.828,1763.414,19986.0,0,0,11,0
2022-11-14 02:00:00+00:00,1763.423,1763.705,1757.904,1762.279,17587.0,4,0,11,0
2022-11-14 06:00:00+00:00,1762.247,1766.126,1753.101,1756.305,22209.0,8,0,11,0
2022-11-14 10:00:00+00:00,1756.267,1775.007,1755.473,1771.461,29419.0,12,0,11,1
2022-11-14 14:00:00+00:00,1771.483,1773.885,1766.5,1772.86,18145.0,16,0,11,3
2022-11-14 18:00:00+00:00,1772.89,1774.395,1769.181,1769.481,7284.0,20,0,11,0
2022-11-14 22:00:00+00:00,1769.516,1772.299,1767.047,1771.229,14331.0,0,1,11,0
2022-11-15 02:00:00+00:00,1771.197,1784.208,1768.673,1782.84,16509.0,4,1,11,0
2022-11-15 06:00:00+00:00,1782.874,1783.011,1772.941,1776.819,21999.0,8,1,11,0
2022-11-15 10:00:00+00:00,1776.861,1786.472,1768.195,1771.076,45018.0,12,1,11,1
2022-11-15 14:00:00+00:00,1771.106,1785.724,1767.952,1778.494,44645.0,16,1,11,3
2022-11-15 18:00:00+00:00,1778.524,1781.192,1776.695,1780.746,11947.0,20,1,11,0
2022-11-15 22:00:00+00:00,1780.774,1781.399,1771.691,1771.834,20593.0,0,2,11,0
2022-11-16 02:00:00+00:00,1771.845,1777.691,1770.272,1776.719,18818.0,4,2,11,0
2022-11-16 06:00:00+00:00,1776.75,1784.992,1775.883,1783.452,21137.0,8,2,11,0
2022-11-16 10:00:00+00:00,1783.417,1783.486,1772.927,1779.604,34865.0,12,2,11,1
2022-11-16 14:00:00+00:00,1779.635,1779.994,1770.898,1774.443,18687.0,16,2,11,3
2022-11-16 18:00:00+00:00,1774.434,1776.128,1772.977,1773.843,7811.0,20,2,11,0
2022-11-16 22:00:00+00:00,1773.862,1774.762,1763.04,1763.884,13639.0,0,3,11,0
2022-11-17 02:00:00+00:00,1763.916,1768.993,1761.256,1766.932,14781.0,4,3,11,0
2022-11-17 06:00:00+00:00,1766.964,1770.99,1761.455,1765.534,22166.0,8,3,11,0
2022-11-17 10:00:00+00:00,1765.565,1767.519,1754.443,1760.195,35717.0,12,3,11,1
2022-11-17 14:00:00+00:00,1760.204,1762.301,1755.417,1760.787,17838.0,16,3,11,3
2022-11-17 18:00:00+00:00,1760.756,1761.365,1759.341,1760.058,7128.0,20,3,11,0
2022-11-17 22:00:00+00:00,1760.026,1765.626,1759.935,1764.81,12283.0,0,4,11,0
2022-11-18 02:00:00+00:00,1764.812,1766.857,1761.111,1765.532,12811.0,4,4,11,0
2022-11-18 06:00:00+00:00,1765.498,1767.674,1759.912,1760.31,19425.0,8,4,11,0
2022-11-18 10:00:00+00:00,1760.268,1764.116,1749.882,1757.28,27830.0,12,4,11,1
2022-11-18 14:00:00+00:00,1757.246,1757.908,1747.487,1748.368,16148.0,16,4,11,3
2022-11-18 18:00:00+00:00,1748.331,1751.078,1747.592,1750.852,4844.0,20,4,11,0
2022-11-20 18:00:00+00:00,1751.196,1752.595,1750.869,1752.261,2432.0,20,6,11,0
2022-11-20 22:00:00+00:00,1752.256,1752.986,1743.817,1746.782,14968.0,0,0,11,0
2022-11-21 02:00:00+00:00,1746.807,1747.418,1741.968,1742.496,16463.0,4,0,11,0
2022-11-21 06:00:00+00:00,1742.531,1744.132,1736.953,1740.001,18841.0,8,0,11,0
2022-11-21 10:00:00+00:00,1740.041,1746.988,1735.876,1736.659,26636.0,12,0,11,1
2022-11-21 14:00:00+00:00,1736.626,1739.619,1732.473,1735.379,17444.0,16,0,11,3
2022-11-21 18:00:00+00:00,1735.411,1739.282,1735.411,1738.506,6800.0,20,0,11,0
2022-11-21 22:00:00+00:00,1738.513,1744.987,1738.021,1744.184,12134.0,0,1,11,0
2022-11-22 02:00:00+00:00,1744.171,1745.59,1740.288,1743.093,14730.0,4,1,11,0
2022-11-22 06:00:00+00:00,1743.062,1749.613,1741.933,1748.512,21389.0,8,1,11,0
2022-11-22 10:00:00+00:00,1748.549,1748.549,1741.51,1741.833,22481.0,12,1,11,1
2022-11-22 14:00:00+00:00,1741.841,1742.166,1737.008,1738.221,13944.0,16,1,11,3
2022-11-22 18:00:00+00:00,1738.17,1741.237,1737.246,1741.139,5022.0,20,1,11,0
2022-11-22 22:00:00+00:00,1741.14,1742.851,1736.674,1737.174,11189.0,0,2,11,0
2022-11-23 02:00:00+00:00,1737.166,1745.727,1732.665,1744.199,13801.0,4,2,11,0
2022-11-23 06:00:00+00:00,1744.161,1744.649,1734.374,1739.445,16503.0,8,2,11,0
2022-11-23 10:00:00+00:00,1739.476,1747.658,1726.349,1743.371,34524.0,12,2,11,1
2022-11-23 14:00:00+00:00,1743.407,1753.378,1741.101,1751.841,22283.0,16,2,11,3
2022-11-23 18:00:00+00:00,1751.871,1752.647,1749.077,1752.271,7794.0,20,2,11,0
2022-11-23 22:00:00+00:00,1752.302,1756.54,1752.297,1756.248,13728.0,0,3,11,0
2022-11-24 02:00:00+00:00,1756.281,1757.599,1752.577,1753.798,12468.0,4,3,11,0
2022-11-24 06:00:00+00:00,1753.78,1758.565,1752.402,1758.252,16009.0,8,3,11,0
2022-11-24 10:00:00+00:00,1758.271,1758.537,1755.099,1756.79,14929.0,12,3,11,1
2022-11-24 14:00:00+00:00,1756.77,1757.322,1753.592,1755.182,4795.0,16,3,11,3
2022-11-24 18:00:00+00:00,1754.313,1755.82,1754.313,1755.189,988.0,20,3,11,0
2022-11-24 22:00:00+00:00,1755.375,1759.644,1752.352,1759.516,14227.0,0,4,11,0
2022-11-25 02:00:00+00:00,1759.54,1761.12,1751.358,1751.419,13835.0,4,4,11,0
2022-11-25 06:00:00+00:00,1751.385,1754.362,1749.224,1751.011,16971.0,8,4,11,0
2022-11-25 10:00:00+00:00,1751.024,1752.552,1745.947,1750.301,20501.0,12,4,11,1
2022-11-25 14:00:00+00:00,1750.327,1756.076,1749.492,1755.969,8665.0,16,4,11,3
2022-11-27 18:00:00+00:00,1753.479,1754.215,1749.919,1750.9,1548.0,20,6,11,0
2022-11-27 22:00:00+00:00,1750.883,1753.907,1745.981,1749.618,15537.0,0,0,11,0
2022-11-28 02:00:00+00:00,1749.633,1754.057,1748.405,1750.758,14612.0,4,0,11,0
2022-11-28 06:00:00+00:00,1750.728,1763.703,1749.877,1758.64,19599.0,8,0,11,0
2022-11-28 10:00:00+00:00,1758.679,1759.113,1742.844,1745.444,28665.0,12,0,11,1
2022-11-28 14:00:00+00:00,1745.408,1746.762,1739.607,1740.238,18176.0,16,0,11,3
2022-11-28 18:00:00+00:00,1740.274,1742.039,1739.601,1741.231,7065.0,20,0,11,0
2022-11-28 22:00:00+00:00,1741.252,1750.498,1740.23,1750.434,14459.0,0,1,11,0
2022-11-29 02:00:00+00:00,1750.409,1755.029,1750.022,1753.903,15230.0,4,1,11,0
2022-11-29 06:00:00+00:00,1753.896,1758.929,1752.169,1757.304,18201.0,8,1,11,0
2022-11-29 10:00:00+00:00,1757.273,1757.979,1746.897,1755.147,25505.0,12,1,11,1
2022-11-29 14:00:00+00:00,1755.136,1755.494,1748.827,1750.227,17113.0,16,1,11,3
2022-11-29 18:00:00+00:00,1750.242,1750.386,1747.829,1748.884,5864.0,20,1,11,0
2022-11-29 22:00:00+00:00,1748.92,1754.754,1747.742,1754.744,12196.0,0,2,11,0
2022-11-30 02:00:00+00:00,1754.741,1756.776,1752.887,1755.141,12590.0,4,2,11,0
2022-11-30 06:00:00+00:00,1755.11,1763.097,1754.836,1762.171,17060.0,8,2,11,0
2022-11-30 10:00:00+00:00,1762.203,1764.696,1749.108,1752.565,33252.0,12,2,11,1
2022-11-30 14:00:00+00:00,1752.592,1768.811,1744.645,1767.739,34540.0,16,2,11,3
2022-11-30 18:00:00+00:00,1767.77,1773.44,1766.279,1773.332,12391.0,20,2,11,0
2022-11-30 22:00:00+00:00,1773.354,1780.006,1771.933,1776.573,18565.0,0,3,12,0
2022-12-01 02:00:00+00:00,1776.543,1783.658,1774.618,1775.374,16541.0,4,3,12,0
2022-12-01 06:00:00+00:00,1775.41,1781.299,1774.727,1780.469,18320.0,8,3,12,0
2022-12-01 10:00:00+00:00,1780.476,1804.091,1780.476,1796.444,40323.0,12,3,12,1
2022-12-01 14:00:00+00:00,1796.476,1803.323,1796.139,1803.295,20794.0,16,3,12,3
2022-12-01 18:00:00+00:00,1803.265,1804.439,1801.116,1802.253,7751.0,20,3,12,0
2022-12-01 22:00:00+00:00,1802.284,1802.49,1795.526,1798.165,13380.0,0,4,12,0
2022-12-02 02:00:00+00:00,1798.18,1802.506,1795.794,1801.664,14552.0,4,4,12,0
2022-12-02 06:00:00+00:00,1801.665,1802.96,1797.914,1798.449,17978.0,8,4,12,0
2022-12-02 10:00:00+00:00,1798.455,1800.937,1778.425,1785.69,45528.0,12,4,12,1
2022-12-02 14:00:00+00:00,1785.722,1798.59,1784.546,1798.516,20928.0,16,4,12,3
2022-12-02 18:00:00+00:00,1798.485,1799.446,1797.141,1797.945,5522.0,20,4,12,0
2022-12-04 18:00:00+00:00,1795.131,1799.341,1794.397,1798.946,3012.0,20,6,12,0
2022-12-04 22:00:00+00:00,1798.977,1808.989,1798.631,1808.575,16058.0,0,0,12,0
2022-12-05 02:00:00+00:00,1808.577,1809.868,1797.294,1799.861,14436.0,4,0,12,0
2022-12-05 06:00:00+00:00,1799.85,1800.466,1793.249,1793.825,18645.0,8,0,12,0
2022-12-05 10:00:00+00:00,1793.856,1798.347,1773.007,1777.89,33492.0,12,0,12,1
2022-12-05 14:00:00+00:00,1777.921,1779.367,1765.756,1768.129,19874.0,16,0,12,3
2022-12-05 18:00:00+00:00,1768.098,1770.278,1766.618,1769.348,7579.0,20,0,12,0
2022-12-05 22:00:00+00:00,1769.314,1776.251,1768.255,1771.976,15468.0,0,1,12,0
2022-12-06 02:00:00+00:00,1771.978,1774.85,1767.277,1771.542,14577.0,4,1,12,0
2022-12-06 06:00:00+00:00,1771.539,1778.922,1769.275,1778.908,17632.0,8,1,12,0
2022-12-06 10:00:00+00:00,1778.858,1780.835,1770.751,1772.522,23767.0,12,1,12,1
2022-12-06 14:00:00+00:00,1772.511,1776.273,1767.201,1771.336,17077.0,16,1,12,3
2022-12-06 18:00:00+00:00,1771.368,1772.711,1770.236,1770.915,6161.0,20,1,12,0
2022-12-06 22:00:00+00:00,1770.918,1775.166,1768.683,1773.149,13444.0,0,2,12,0
2022-12-07 02:00:00+00:00,1773.148,1775.136,1769.611,1772.79,14571.0,4,2,12,0
2022-12-07 06:00:00+00:00,1772.76,1775.877,1771.112,1771.408,16641.0,8,2,12,0
2022-12-07 10:00:00+00:00,1771.42,1787.701,1770.766,1780.546,34371.0,12,2,12,1
2022-12-07 14:00:00+00:00,1780.516,1790.489,1776.284,1789.797,19541.0,16,2,12,3
2022-12-07 18:00:00+00:00,1789.765,1790.104,1785.417,1786.964,6608.0,20,2,12,0
2022-12-07 22:00:00+00:00,1786.974,1788.067,1781.372,1783.872,13295.0,0,3,12,0
2022-12-08 02:00:00+00:00,1783.866,1787.104,1781.819,1785.908,12008.0,4,3,12,0
2022-12-08 06:00:00+00:00,1785.915,1785.915,1781.624,1783.678,14437.0,8,3,12,0
2022-12-08 10:00:00+00:00,1783.657,1794.813,1783.385,1790.21,26489.0,12,3,12,1
2022-12-08 14:00:00+00:00,1790.179,1792.074,1786.57,1789.531,15946.0,16,3,12,3
2022-12-08 18:00:00+00:00,1789.499,1790.221,1787.644,1789.207,5287.0,20,3,12,0
2022-12-08 22:00:00+00:00,1789.21,1795.654,1788.466,1795.186,12859.0,0,4,12,0
2022-12-09 02:00:00+00:00,1795.191,1797.668,1790.955,1792.727,12343.0,4,4,12,0
2022-12-09 06:00:00+00:00,1792.694,1801.045,1788.899,1800.377,15066.0,8,4,12,0
2022-12-09 10:00:00+00:00,1800.41,1805.55,1790.136,1796.796,35241.0,12,4,12,1
2022-12-09 14:00:00+00:00,1796.827,1806.043,1795.985,1799.687,17650.0,16,4,12,3
2022-12-09 18:00:00+00:00,1799.653,1799.696,1794.761,1797.455,4966.0,20,4,12,0
2022-12-11 18:00:00+00:00,1795.942,1796.635,1794.757,1794.954,2137.0,20,6,12,0
2022-12-11 22:00:00+00:00,1794.938,1794.949,1786.757,1787.474,13350.0,0,0,12,0
2022-12-12 02:00:00+00:00,1787.476,1791.935,1785.437,1791.216,12511.0,4,0,12,0
2022-12-12 06:00:00+00:00,1791.219,1795.446,1788.954,1794.344,14401.0,8,0,12,0
2022-12-12 10:00:00+00:00,1794.369,1794.678,1783.035,1784.871,22414.0,12,0,12,1
2022-12-12 14:00:00+00:00,1784.901,1785.331,1777.541,1781.518,17682.0,16,0,12,3
2022-12-12 18:00:00+00:00,1781.486,1782.071,1779.484,1781.893,6228.0,20,0,12,0
2022-12-12 22:00:00+00:00,1781.894,1786.0,1780.983,1782.452,10893.0,0,1,12,0
2022-12-13 02:00:00+00:00,1782.483,1788.586,1781.091,1787.932,11302.0,4,1,12,0
2022-12-13 06:00:00+00:00,1787.963,1788.336,1782.555,1787.493,15171.0,8,1,12,0
2022-12-13 10:00:00+00:00,1787.483,1824.45,1786.576,1809.694,56098.0,12,1,12,1
2022-12-13 14:00:00+00:00,1809.725,1815.123,1805.3,1811.366,28150.0,16,1,12,3
2022-12-13 18:00:00+00:00,1811.345,1812.576,1809.364,1809.588,8260.0,20,1,12,0
2022-12-13 22:00:00+00:00,1809.586,1812.618,1808.813,1809.935,12138.0,0,2,12,0
2022-12-14 02:00:00+00:00,1809.924,1813.195,1807.402,1808.943,11355.0,4,2,12,0
2022-12-14 06:00:00+00:00,1808.98,1810.106,1805.248,1806.645,16382.0,8,2,12,0
2022-12-14 10:00:00+00:00,1806.676,1812.976,1804.27,1811.898,21630.0,12,2,12,1
2022-12-14 14:00:00+00:00,1811.926,1812.286,1795.718,1805.085,49590.0,16,2,12,3
2022-12-14 18:00:00+00:00,1805.12,1814.085,1804.191,1807.616,18040.0,20,2,12,0
2022-12-14 22:00:00+00:00,1807.617,1807.818,1792.286,1793.096,14427.0,0,3,12,0
2022-12-15 02:00:00+00:00,1793.085,1796.383,1787.514,1788.881,15056.0,4,3,12,0
2022-12-15 06:00:00+00:00,1788.916,1789.788,1773.434,1778.913,23687.0,8,3,12,0
2022-12-15 10:00:00+00:00,1778.849,1786.044,1773.879,1778.905,40956.0,12,3,12,1
2022-12-15 14:00:00+00:00,1778.935,1779.903,1774.432,1777.823,19789.0,16,3,12,3
2022-12-15 18:00:00+00:00,1777.803,1778.928,1775.553,1776.49,6765.0,20,3,12,0
2022-12-15 22:00:00+00:00,1776.456,1784.085,1775.986,1779.47,13239.0,0,4,12,0
2022-12-16 02:00:00+00:00,1779.473,1784.889,1776.483,1777.268,12998.0,4,4,12,0
2022-12-16 06:00:00+00:00,1777.305,1785.422,1774.271,1782.426,19210.0,8,4,12,0
2022-12-16 10:00:00+00:00,1782.461,1793.818,1782.135,1787.821,28165.0,12,4,12,1
2022-12-16 14:00:00+00:00,1787.852,1793.091,1787.108,1792.874,16328.0,16,4,12,3
2022-12-16 18:00:00+00:00,1792.863,1794.228,1791.792,1793.062,5377.0,20,4,12,0
2022-12-18 18:00:00+00:00,1792.453,1793.006,1790.95,1791.017,2246.0,20,6,12,0
2022-12-18 22:00:00+00:00,1790.997,1796.869,1790.865,1793.805,13902.0,0,0,12,0
2022-12-19 02:00:00+00:00,1793.836,1794.7,1790.267,1793.271,11442.0,4,0,12,0
2022-12-19 06:00:00+00:00,1793.302,1798.712,1793.27,1794.849,14819.0,8,0,12,0
2022-12-19 10:00:00+00:00,1794.782,1795.902,1785.75,1786.091,21130.0,12,0,12,1
2022-12-19 14:00:00+00:00,1786.085,1790.858,1783.783,1786.794,15623.0,16,0,12,3
2022-12-19 18:00:00+00:00,1786.83,1788.106,1786.256,1787.255,5268.0,20,0,12,0
2022-12-19 22:00:00+00:00,1787.224,1795.97,1784.563,1792.234,22907.0,0,1,12,0
2022-12-20 02:00:00+00:00,1792.226,1795.675,1786.914,1794.072,21808.0,4,1,12,0
2022-12-20 06:00:00+00:00,1794.042,1809.384,1793.947,1807.678,23002.0,8,1,12,0
2022-12-20 10:00:00+00:00,1807.637,1821.02,1798.052,1815.245,31662.0,12,1,12,1
2022-12-20 14:00:00+00:00,1815.278,1820.84,1813.775,1818.619,19233.0,16,1,12,3
2022-12-20 18:00:00+00:00,1818.633,1819.247,1816.844,1817.199,6926.0,20,1,12,0
2022-12-20 22:00:00+00:00,1817.168,1819.792,1814.348,1815.112,15022.0,0,2,12,0
2022-12-21 02:00:00+00:00,1815.121,1816.323,1811.868,1816.323,13884.0,4,2,12,0
2022-12-21 06:00:00+00:00,1816.355,1817.273,1811.854,1813.676,16648.0,8,2,12,0
2022-12-21 10:00:00+00:00,1813.707,1823.76,1813.201,1817.813,23550.0,12,2,12,1
2022-12-21 14:00:00+00:00,1817.783,1818.343,1813.453,1814.337,15789.0,16,2,12,3
2022-12-21 18:00:00+00:00,1814.368,1815.548,1812.782,1814.892,6023.0,20,2,12,0
2022-12-21 22:00:00+00:00,1814.856,1820.106,1814.583,1819.477,13122.0,0,3,12,0
2022-12-22 02:00:00+00:00,1819.476,1820.365,1813.626,1816.943,11627.0,4,3,12,0
2022-12-22 06:00:00+00:00,1816.908,1819.565,1813.734,1815.855,14909.0,8,3,12,0
2022-12-22 10:00:00+00:00,1815.848,1819.864,1794.476,1795.557,31632.0,12,3,12,1
2022-12-22 14:00:00+00:00,1795.577,1797.461,1784.764,1788.995,20042.0,16,3,12,3
2022-12-22 18:00:00+00:00,1788.998,1795.049,1788.501,1793.44,8082.0,20,3,12,0
2022-12-22 22:00:00+00:00,1793.461,1795.519,1791.269,1792.746,12162.0,0,4,12,0
2022-12-23 02:00:00+00:00,1792.773,1798.22,1792.479,1797.621,11181.0,4,4,12,0
2022-12-23 06:00:00+00:00,1797.595,1799.592,1795.021,1797.736,13793.0,8,4,12,0
2022-12-23 10:00:00+00:00,1797.74,1801.104,1791.14,1800.527,29092.0,12,4,12,1
2022-12-23 14:00:00+00:00,1800.523,1803.194,1793.58,1797.186,15240.0,16,4,12,3
2022-12-23 18:00:00+00:00,1797.191,1798.785,1795.53,1798.469,3945.0,20,4,12,0
2022-12-26 18:00:00+00:00,1799.575,1803.087,1799.248,1800.842,1600.0,20,0,12,0
2022-12-26 22:00:00+00:00,1800.845,1806.41,1800.238,1804.517,11117.0,0,1,12,0
2022-12-27 02:00:00+00:00,1804.531,1808.346,1803.707,1805.569,10924.0,4,1,12,0
2022-12-27 06:00:00+00:00,1805.6,1810.479,1805.563,1809.79,13016.0,8,1,12,0
2022-12-27 10:00:00+00:00,1809.759,1833.269,1802.291,1824.588,29536.0,12,1,12,1
2022-12-27 14:00:00+00:00,1824.619,1826.289,1810.481,1812.975,21548.0,16,1,12,3
2022-12-27 18:00:00+00:00,1812.977,1814.791,1812.27,1812.353,5731.0,20,1,12,0
2022-12-27 22:00:00+00:00,1812.377,1814.566,1809.548,1810.109,12247.0,0,2,12,0
2022-12-28 02:00:00+00:00,1810.105,1812.239,1807.328,1810.305,11450.0,4,2,12,0
2022-12-28 06:00:00+00:00,1810.337,1811.38,1799.236,1803.194,17178.0,8,2,12,0
2022-12-28 10:00:00+00:00,1803.216,1809.412,1798.135,1798.22,24082.0,12,2,12,1
2022-12-28 14:00:00+00:00,1798.189,1809.19,1796.946,1805.338,17227.0,16,2,12,3
2022-12-28 18:00:00+00:00,1805.306,1805.937,1802.77,1805.765,5993.0,20,2,12,0
2022-12-28 22:00:00+00:00,1805.728,1809.34,1805.094,1807.547,10861.0,0,3,12,0
2022-12-29 02:00:00+00:00,1807.579,1810.106,1804.8,1806.281,10602.0,4,3,12,0
2022-12-29 06:00:00+00:00,1806.312,1811.985,1804.34,1806.651,14153.0,8,3,12,0
2022-12-29 10:00:00+00:00,1806.683,1818.09,1805.193,1813.519,24590.0,12,3,12,1
2022-12-29 14:00:00+00:00,1813.549,1820.145,1811.876,1817.264,15713.0,16,3,12,3
2022-12-29 18:00:00+00:00,1817.23,1817.232,1813.706,1815.096,6080.0,20,3,12,0
2022-12-29 22:00:00+00:00,1815.108,1819.076,1814.722,1816.893,10199.0,0,4,12,0
2022-12-30 02:00:00+00:00,1816.89,1822.25,1815.257,1816.697,10819.0,4,4,12,0
2022-12-30 06:00:00+00:00,1816.728,1820.202,1813.339,1818.917,15087.0,8,4,12,0
2022-12-30 10:00:00+00:00,1818.948,1825.19,1814.271,1818.458,26747.0,12,4,12,1
2022-12-30 14:00:00+00:00,1818.414,1825.985,1814.286,1821.677,20345.0,16,4,12,3
2022-12-30 18:00:00+00:00,1821.681,1824.68,1821.405,1823.51,5118.0,20,4,12,0
2023-01-02 18:00:00+00:00,1825.968,1830.46,1823.998,1829.131,2383.0,20,0,1,0
2023-01-02 22:00:00+00:00,1829.11,1843.079,1826.747,1841.151,16480.0,0,1,1,0
2023-01-03 02:00:00+00:00,1841.153,1849.902,1837.936,1847.464,16763.0,4,1,1,0
2023-01-03 06:00:00+00:00,1847.494,1847.972,1830.798,1833.158,24885.0,8,1,1,0
2023-01-03 10:00:00+00:00,1833.127,1849.777,1827.552,1833.189,34679.0,12,1,1,1
2023-01-03 14:00:00+00:00,1833.171,1840.181,1828.196,1839.036,22381.0,16,1,1,3
2023-01-03 18:00:00+00:00,1839.045,1839.853,1836.484,1836.522,8048.0,20,1,1,0
2023-01-03 22:00:00+00:00,1836.501,1847.142,1836.185,1845.591,13743.0,0,2,1,0
2023-01-04 02:00:00+00:00,1845.623,1858.602,1844.636,1858.272,15423.0,4,2,1,0
2023-01-04 06:00:00+00:00,1858.237,1865.086,1856.936,1860.105,21308.0,8,2,1,0
2023-01-04 10:00:00+00:00,1860.137,1862.676,1848.989,1857.722,37316.0,12,2,1,1
2023-01-04 14:00:00+00:00,1857.725,1860.354,1847.026,1852.451,27862.0,16,2,1,3
2023-01-04 18:00:00+00:00,1852.427,1857.144,1851.319,1854.827,8667.0,20,2,1,0
2023-01-04 22:00:00+00:00,1854.794,1858.971,1853.295,1853.296,14433.0,0,3,1,0
2023-01-05 02:00:00+00:00,1853.292,1855.609,1847.863,1849.323,14347.0,4,3,1,0
2023-01-05 06:00:00+00:00,1849.355,1851.309,1843.787,1846.247,19635.0,8,3,1,0
2023-01-05 10:00:00+00:00,1846.253,1848.762,1825.035,1826.851,40648.0,12,3,1,1
2023-01-05 14:00:00+00:00,1826.824,1837.435,1825.666,1834.276,20422.0,16,3,1,3
2023-01-05 18:00:00+00:00,1834.246,1834.246,1831.544,1832.799,7088.0,20,3,1,0
2023-01-05 22:00:00+00:00,1832.8,1840.824,1831.265,1839.281,13351.0,0,4,1,0
2023-01-06 02:00:00+00:00,1839.277,1840.649,1835.731,1838.339,12906.0,4,4,1,0
2023-01-06 06:00:00+00:00,1838.372,1840.472,1833.233,1836.638,16271.0,8,4,1,0
2023-01-06 10:00:00+00:00,1836.625,1863.121,1834.604,1862.213,51145.0,12,4,1,1
2023-01-06 14:00:00+00:00,1862.243,1869.783,1859.883,1868.842,20469.0,16,4,1,3
2023-01-06 18:00:00+00:00,1868.811,1869.312,1865.636,1865.989,5508.0,20,4,1,0
2023-01-08 18:00:00+00:00,1866.736,1869.889,1866.716,1869.602,3665.0,20,6,1,0
2023-01-08 22:00:00+00:00,1869.595,1879.494,1867.099,1877.167,17930.0,0,0,1,0
2023-01-09 02:00:00+00:00,1877.144,1880.837,1873.728,1875.028,14379.0,4,0,1,0
2023-01-09 06:00:00+00:00,1875.059,1876.916,1870.49,1873.012,18113.0,8,0,1,0
2023-01-09 10:00:00+00:00,1873.019,1881.406,1872.006,1874.666,29115.0,12,0,1,1
2023-01-09 14:00:00+00:00,1874.696,1878.449,1869.008,1875.188,20947.0,16,0,1,3
2023-01-09 18:00:00+00:00,1875.158,1875.158,1869.176,1870.49,7765.0,20,0,1,0
2023-01-09 22:00:00+00:00,1870.477,1875.925,1867.789,1871.82,15889.0,0,1,1,0
2023-01-10 02:00:00+00:00,1871.853,1875.18,1870.587,1872.018,12666.0,4,1,1,0
2023-01-10 06:00:00+00:00,1871.987,1877.221,1871.581,1875.153,18426.0,8,1,1,0
2023-01-10 10:00:00+00:00,1875.128,1880.719,1870.417,1875.668,32263.0,12,1,1,1
2023-01-10 14:00:00+00:00,1875.702,1877.342,1871.173,1876.61,18197.0,16,1,1,3
2023-01-10 18:00:00+00:00,1876.591,1878.673,1875.908,1877.167,6345.0,20,1,1,0
2023-01-10 22:00:00+00:00,1877.196,1878.396,1871.959,1877.662,12761.0,0,2,1,0
2023-01-11 02:00:00+00:00,1877.698,1884.555,1876.908,1881.597,14117.0,4,2,1,0
2023-01-11 06:00:00+00:00,1881.561,1886.576,1880.925,1883.006,18332.0,8,2,1,0
2023-01-11 10:00:00+00:00,1882.976,1883.268,1869.313,1871.973,29509.0,12,2,1,1
2023-01-11 14:00:00+00:00,1872.005,1878.463,1867.093,1877.694,19343.0,16,2,1,3
2023-01-11 18:00:00+00:00,1877.71,1878.045,1874.466,1876.939,6813.0,20,2,1,0
2023-01-11 22:00:00+00:00,1876.935,1884.711,1875.822,1883.556,13528.0,0,3,1,0
2023-01-12 02:00:00+00:00,1883.523,1884.961,1879.851,1882.439,12137.0,4,3,1,0
2023-01-12 06:00:00+00:00,1882.47,1886.221,1881.156,1885.168,14921.0,8,3,1,0
2023-01-12 10:00:00+00:00,1885.138,1901.591,1873.261,1888.811,60696.0,12,3,1,1
2023-01-12 14:00:00+00:00,1888.808,1899.509,1888.359,1897.745,23679.0,16,3,1,3
2023-01-12 18:00:00+00:00,1897.714,1899.478,1894.191,1898.022,8272.0,20,3,1,0
2023-01-12 22:00:00+00:00,1898.023,1900.916,1895.957,1897.826,16162.0,0,4,1,0
2023-01-13 02:00:00+00:00,1897.815,1899.863,1892.282,1899.525,15322.0,4,4,1,0
2023-01-13 06:00:00+00:00,1899.557,1909.644,1897.951,1899.742,21318.0,8,4,1,0
2023-01-13 10:00:00+00:00,1899.708,1916.406,1893.618,1913.666,33866.0,12,4,1,1
2023-01-13 14:00:00+00:00,1913.635,1921.854,1909.403,1919.966,19990.0,16,4,1,3
2023-01-13 18:00:00+00:00,1919.99,1921.422,1918.438,1920.251,4878.0,20,4,1,0
2023-01-15 18:00:00+00:00,1919.066,1920.45,1916.844,1916.893,2928.0,20,6,1,0
2023-01-15 22:00:00+00:00,1916.904,1928.751,1916.749,1926.338,15188.0,0,0,1,0
2023-01-16 02:00:00+00:00,1926.34,1926.994,1913.215,1917.11,13904.0,4,0,1,0
2023-01-16 06:00:00+00:00,1917.067,1919.275,1910.813,1916.532,15941.0,8,0,1,0
2023-01-16 10:00:00+00:00,1916.501,1917.18,1911.334,1915.965,16696.0,12,0,1,1
2023-01-16 14:00:00+00:00,1915.982,1916.066,1912.765,1915.082,6123.0,16,0,1,3
2023-01-16 18:00:00+00:00,1914.926,1918.284,1914.918,1917.856,1507.0,20,0,1,0
2023-01-16 22:00:00+00:00,1917.882,1918.996,1909.315,1910.221,14558.0,0,1,1,0
2023-01-17 02:00:00+00:00,1910.229,1913.205,1906.949,1910.003,13886.0,4,1,1,0
2023-01-17 06:00:00+00:00,1909.985,1912.726,1904.211,1912.646,16652.0,8,1,1,0
2023-01-17 10:00:00+00:00,1912.654,1916.58,1907.033,1911.007,30533.0,12,1,1,1
2023-01-17 14:00:00+00:00,1911.029,1913.284,1903.633,1907.881,18725.0,16,1,1,3
2023-01-17 18:00:00+00:00,1907.851,1910.752,1907.482,1908.691,7569.0,20,1,1,0
2023-01-17 22:00:00+00:00,1908.674,1910.319,1899.183,1900.092,20338.0,0,2,1,0
2023-01-18 02:00:00+00:00,1900.062,1908.934,1896.559,1907.739,19403.0,4,2,1,0
2023-01-18 06:00:00+00:00,1907.741,1916.735,1907.741,1915.647,18299.0,8,2,1,0
2023-01-18 10:00:00+00:00,1915.614,1925.862,1911.353,1912.264,39030.0,12,2,1,1
2023-01-18 14:00:00+00:00,1912.234,1912.739,1901.547,1905.061,24057.0,16,2,1,3
2023-01-18 18:00:00+00:00,1905.092,1907.306,1902.275,1906.818,8036.0,20,2,1,0
2023-01-18 22:00:00+00:00,1906.848,1910.692,1900.95,1908.98,16804.0,0,3,1,0
2023-01-19 02:00:00+00:00,1908.95,1912.855,1906.368,1911.28,14930.0,4,3,1,0
2023-01-19 06:00:00+00:00,1911.319,1916.715,1906.618,1908.096,17467.0,8,3,1,0
2023-01-19 10:00:00+00:00,1908.095,1923.253,1906.807,1918.032,32965.0,12,3,1,1
2023-01-19 14:00:00+00:00,1918.064,1931.358,1917.619,1929.653,22844.0,16,3,1,3
2023-01-19 18:00:00+00:00,1929.62,1935.129,1929.281,1931.68,9673.0,20,3,1,0
2023-01-19 22:00:00+00:00,1931.683,1934.797,1927.466,1927.535,13221.0,0,4,1,0
2023-01-20 02:00:00+00:00,1927.539,1933.047,1923.156,1933.026,14001.0,4,4,1,0
2023-01-20 06:00:00+00:00,1932.982,1937.401,1926.506,1927.021,19115.0,8,4,1,0
2023-01-20 10:00:00+00:00,1926.959,1930.914,1920.58,1926.318,28129.0,12,4,1,1
2023-01-20 14:00:00+00:00,1926.352,1930.959,1922.787,1929.653,18442.0,16,4,1,3
2023-01-20 18:00:00+00:00,1929.629,1929.944,1925.9,1925.916,5023.0,20,4,1,0
2023-01-22 18:00:00+00:00,1924.243,1927.327,1924.189,1927.258,2521.0,20,6,1,0
2023-01-22 22:00:00+00:00,1927.232,1935.466,1927.232,1930.603,11992.0,0,0,1,0
2023-01-23 02:00:00+00:00,1930.6,1931.158,1919.641,1920.224,13917.0,4,0,1,0
2023-01-23 06:00:00+00:00,1920.258,1929.315,1918.778,1925.518,17986.0,8,0,1,0
2023-01-23 10:00:00+00:00,1925.548,1927.785,1911.296,1922.923,33246.0,12,0,1,1
2023-01-23 14:00:00+00:00,1922.953,1929.596,1919.128,1926.375,20625.0,16,0,1,3
2023-01-23 18:00:00+00:00,1926.407,1932.692,1925.96,1931.325,7598.0,20,0,1,0
2023-01-23 22:00:00+00:00,1931.313,1937.001,1930.77,1933.435,9895.0,0,1,1,0
2023-01-24 02:00:00+00:00,1933.427,1941.383,1931.802,1940.313,12901.0,4,1,1,0
2023-01-24 06:00:00+00:00,1940.339,1942.395,1934.279,1937.19,17025.0,8,1,1,0
2023-01-24 10:00:00+00:00,1937.201,1939.386,1916.962,1934.973,35939.0,12,1,1,1
2023-01-24 14:00:00+00:00,1935.005,1938.202,1930.122,1938.056,18950.0,16,1,1,3
2023-01-24 18:00:00+00:00,1938.087,1938.191,1936.271,1936.963,6418.0,20,1,1,0
2023-01-24 22:00:00+00:00,1936.953,1939.66,1928.724,1931.738,12112.0,0,2,1,0
2023-01-25 02:00:00+00:00,1931.768,1933.736,1925.781,1928.702,15416.0,4,2,1,0
2023-01-25 06:00:00+00:00,1928.733,1932.348,1922.687,1925.905,18116.0,8,2,1,0
2023-01-25 10:00:00+00:00,1925.871,1938.701,1919.804,1932.976,31404.0,12,2,1,1
2023-01-25 14:00:00+00:00,1933.006,1943.164,1928.771,1942.317,20057.0,16,2,1,3
2023-01-25 18:00:00+00:00,1942.349,1948.739,1942.288,1948.321,9990.0,20,2,1,0
2023-01-25 22:00:00+00:00,1948.346,1949.116,1942.5,1947.663,11279.0,0,3,1,0
2023-01-26 02:00:00+00:00,1947.675,1948.919,1938.023,1942.906,14478.0,4,3,1,0
2023-01-26 06:00:00+00:00,1942.876,1945.04,1933.068,1936.961,17593.0,8,3,1,0
2023-01-26 10:00:00+00:00,1936.991,1942.332,1923.156,1924.812,39305.0,12,3,1,1
2023-01-26 14:00:00+00:00,1924.782,1933.09,1918.41,1931.185,23976.0,16,3,1,3
2023-01-26 18:00:00+00:00,1931.215,1931.215,1928.269,1930.718,6713.0,20,3,1,0
2023-01-26 22:00:00+00:00,1930.679,1934.79,1923.868,1924.694,11887.0,0,4,1,0
2023-01-27 02:00:00+00:00,1924.699,1925.706,1919.794,1923.093,13011.0,4,4,1,0
2023-01-27 06:00:00+00:00,1923.126,1931.398,1922.962,1930.093,14660.0,8,4,1,0
2023-01-27 10:00:00+00:00,1930.124,1935.025,1916.655,1924.088,29731.0,12,4,1,1
2023-01-27 14:00:00+00:00,1924.057,1932.128,1923.811,1929.886,18362.0,16,4,1,3
2023-01-27 18:00:00+00:00,1929.904,1930.54,1926.162,1928.265,5077.0,20,4,1,0
2023-01-29 18:00:00+00:00,1926.737,1928.918,1926.408,1928.854,2431.0,20,6,1,0
2023-01-29 22:00:00+00:00,1928.859,1931.002,1924.385,1926.269,14854.0,0,0,1,0
2023-01-30 02:00:00+00:00,1926.268,1934.425,1923.13,1924.485,17263.0,4,0,1,0
2023-01-30 06:00:00+00:00,1924.478,1930.707,1920.627,1923.154,19180.0,8,0,1,0
2023-01-30 10:00:00+00:00,1923.159,1930.325,1922.461,1925.602,21471.0,12,0,1,1
2023-01-30 14:00:00+00:00,1925.57,1925.776,1920.748,1923.276,16511.0,16,0,1,3
2023-01-30 18:00:00+00:00,1923.278,1923.598,1921.162,1922.089,6916.0,20,0,1,0
2023-01-30 22:00:00+00:00,1922.121,1927.356,1920.753,1921.003,13350.0,0,1,1,0
2023-01-31 02:00:00+00:00,1921.028,1921.858,1911.977,1914.494,14857.0,4,1,1,0
2023-01-31 06:00:00+00:00,1914.386,1914.849,1901.123,1904.174,19731.0,8,1,1,0
2023-01-31 10:00:00+00:00,1904.207,1929.248,1900.736,1928.572,37544.0,12,1,1,1
2023-01-31 14:00:00+00:00,1928.606,1931.088,1926.255,1928.614,17879.0,16,1,1,3
2023-01-31 18:00:00+00:00,1928.644,1929.101,1927.065,1927.336,6952.0,20,1,1,0
2023-01-31 22:00:00+00:00,1927.329,1928.752,1924.52,1926.785,11038.0,0,2,2,0
2023-02-01 02:00:00+00:00,1926.774,1929.214,1924.101,1924.947,12123.0,4,2,2,0
2023-02-01 06:00:00+00:00,1924.956,1930.2,1923.27,1928.759,15215.0,8,2,2,0
2023-02-01 10:00:00+00:00,1928.75,1933.176,1922.755,1931.843,28940.0,12,2,2,1
2023-02-01 14:00:00+00:00,1931.874,1944.003,1920.494,1942.948,47157.0,16,2,2,3
2023-02-01 18:00:00+00:00,1942.981,1955.951,1939.164,1953.043,24234.0,20,2,2,0
2023-02-01 22:00:00+00:00,1953.008,1957.251,1950.712,1952.341,17919.0,0,3,2,0
2023-02-02 02:00:00+00:00,1952.326,1959.639,1951.198,1955.475,14848.0,4,3,2,0
2023-02-02 06:00:00+00:00,1955.506,1959.588,1951.55,1954.682,18721.0,8,3,2,0
2023-02-02 10:00:00+00:00,1954.714,1955.928,1917.107,1926.115,52847.0,12,3,2,1
2023-02-02 14:00:00+00:00,1926.078,1926.273,1911.751,1913.204,27933.0,16,3,2,3
2023-02-02 18:00:00+00:00,1913.172,1915.405,1911.211,1915.002,12162.0,20,3,2,0
2023-02-02 22:00:00+00:00,1914.998,1918.515,1913.975,1916.279,14105.0,0,4,2,0
2023-02-03 02:00:00+00:00,1916.269,1918.17,1909.985,1913.638,15317.0,4,4,2,0
2023-02-03 06:00:00+00:00,1913.639,1916.117,1909.235,1914.384,18149.0,8,4,2,0
2023-02-03 10:00:00+00:00,1914.377,1917.009,1869.067,1873.034,70345.0,12,4,2,1
2023-02-03 14:00:00+00:00,1873.07,1874.987,1861.424,1865.677,22266.0,16,4,2,3
2023-02-03 18:00:00+00:00,1865.669,1866.993,1864.26,1865.705,6918.0,20,4,2,0
2023-02-05 18:00:00+00:00,1864.169,1869.894,1863.718,1865.462,4303.0,20,6,2,0
2023-02-05 22:00:00+00:00,1865.429,1876.663,1863.68,1876.537,19737.0,0,0,2,0
2023-02-06 02:00:00+00:00,1876.541,1878.78,1874.352,1875.897,14874.0,4,0,2,0
2023-02-06 06:00:00+00:00,1875.928,1881.296,1868.186,1871.599,21570.0,8,0,2,0
2023-02-06 10:00:00+00:00,1871.581,1875.738,1862.982,1865.912,27965.0,12,0,2,1
2023-02-06 14:00:00+00:00,1865.946,1871.246,1863.525,1865.66,20753.0,16,0,2,3
2023-02-06 18:00:00+00:00,1865.629,1869.742,1865.179,1868.476,7554.0,20,0,2,0
2023-02-06 22:00:00+00:00,1868.507,1875.555,1868.254,1872.704,13643.0,0,1,2,0
2023-02-07 02:00:00+00:00,1872.714,1876.859,1871.641,1876.211,13561.0,4,1,2,0
2023-02-07 06:00:00+00:00,1876.192,1877.943,1866.058,1867.411,20147.0,8,1,2,0
2023-02-07 10:00:00+00:00,1867.419,1879.841,1865.671,1879.378,26941.0,12,1,2,1
2023-02-07 14:00:00+00:00,1879.383,1884.428,1864.972,1871.714,53717.0,16,1,2,3
2023-02-07 18:00:00+00:00,1871.744,1878.021,1867.282,1872.894,9557.0,20,1,2,0
2023-02-07 22:00:00+00:00,1872.893,1878.398,1872.464,1876.356,12216.0,0,2,2,0
2023-02-08 02:00:00+00:00,1876.322,1886.237,1873.263,1886.237,13240.0,4,2,2,0
2023-02-08 06:00:00+00:00,1886.268,1886.342,1878.603,1880.181,19390.0,8,2,2,0
2023-02-08 10:00:00+00:00,1880.212,1883.608,1868.977,1873.895,29019.0,12,2,2,1
2023-02-08 14:00:00+00:00,1873.876,1879.825,1872.232,1876.174,21521.0,16,2,2,3
2023-02-08 18:00:00+00:00,1876.153,1876.259,1873.763,1874.989,6932.0,20,2,2,0
2023-02-08 22:00:00+00:00,1874.983,1880.278,1872.05,1878.62,12513.0,0,3,2,0
2023-02-09 02:00:00+00:00,1878.637,1881.991,1876.774,1880.553,14411.0,4,3,2,0
2023-02-09 06:00:00+00:00,1880.52,1886.103,1879.9,1882.1,17659.0,8,3,2,0
2023-02-09 10:00:00+00:00,1882.131,1890.17,1872.502,1874.158,29325.0,12,3,2,1
2023-02-09 14:00:00+00:00,1874.124,1875.646,1859.878,1861.888,30198.0,16,3,2,3
2023-02-09 18:00:00+00:00,1861.921,1863.115,1858.842,1862.322,9593.0,20,3,2,0
2023-02-09 22:00:00+00:00,1862.353,1865.386,1855.188,1855.252,16078.0,0,4,2,0
2023-02-10 02:00:00+00:00,1855.243,1866.792,1852.744,1866.165,20296.0,4,4,2,0
2023-02-10 06:00:00+00:00,1866.13,1872.159,1860.416,1864.728,25864.0,8,4,2,0
2023-02-10 10:00:00+00:00,1864.707,1868.454,1858.983,1859.842,29812.0,12,4,2,1
2023-02-10 14:00:00+00:00,1859.811,1864.661,1856.354,1863.658,18674.0,16,4,2,3
2023-02-10 18:00:00+00:00,1863.672,1865.685,1862.682,1865.314,4944.0,20,4,2,0
2023-02-12 18:00:00+00:00,1863.97,1865.29,1862.633,1862.705,2215.0,20,6,2,0
2023-02-12 22:00:00+00:00,1862.739,1863.808,1858.064,1858.809,14229.0,0,0,2,0
2023-02-13 02:00:00+00:00,1858.78,1866.533,1856.994,1863.868,14652.0,4,0,2,0
2023-02-13 06:00:00+00:00,1863.898,1864.124,1853.798,1862.116,17684.0,8,0,2,0
2023-02-13 10:00:00+00:00,1862.133,1862.955,1853.145,1855.201,23995.0,12,0,2,1
2023-02-13 14:00:00+00:00,1855.169,1855.888,1850.417,1852.767,16035.0,16,0,2,3
2023-02-13 18:00:00+00:00,1852.775,1854.527,1851.25,1854.376,6240.0,20,0,2,0
2023-02-13 22:00:00+00:00,1854.38,1858.508,1853.988,1858.093,11725.0,0,1,2,0
2023-02-14 02:00:00+00:00,1858.12,1864.858,1857.073,1858.701,12613.0,4,1,2,0
2023-02-14 06:00:00+00:00,1858.732,1863.822,1853.694,1857.238,16330.0,8,1,2,0
2023-02-14 10:00:00+00:00,1857.229,1870.322,1843.19,1852.265,75672.0,12,1,2,1
2023-02-14 14:00:00+00:00,1852.296,1858.794,1843.885,1855.456,31766.0,16,1,2,3
2023-02-14 18:00:00+00:00,1855.425,1856.231,1853.459,1854.865,7742.0,20,1,2,0
2023-02-14 22:00:00+00:00,1854.862,1860.066,1847.474,1848.243,15444.0,0,2,2,0
2023-02-15 02:00:00+00:00,1848.241,1848.799,1834.882,1835.631,18940.0,4,2,2,0
2023-02-15 06:00:00+00:00,1835.598,1837.679,1831.813,1834.908,21666.0,8,2,2,0
2023-02-15 10:00:00+00:00,1834.875,1838.871,1830.262,1834.088,35506.0,12,2,2,1
2023-02-15 14:00:00+00:00,1834.1,1837.997,1831.207,1835.388,18989.0,16,2,2,3
2023-02-15 18:00:00+00:00,1835.42,1838.582,1834.782,1836.361,7388.0,20,2,2,0
2023-02-15 22:00:00+00:00,1836.353,1842.578,1834.459,1840.426,14106.0,0,3,2,0
2023-02-16 02:00:00+00:00,1840.449,1841.636,1834.259,1841.294,14093.0,4,3,2,0
2023-02-16 06:00:00+00:00,1841.262,1844.774,1834.759,1837.34,16402.0,8,3,2,0
2023-02-16 10:00:00+00:00,1837.37,1840.34,1827.567,1834.53,34915.0,12,3,2,1
2023-02-16 14:00:00+00:00,1834.563,1845.266,1832.373,1842.731,23093.0,16,3,2,3
2023-02-16 18:00:00+00:00,1842.764,1842.95,1833.277,1834.272,12368.0,20,3,2,0
2023-02-16 22:00:00+00:00,1834.288,1834.288,1825.646,1828.188,14486.0,0,4,2,0
2023-02-17 02:00:00+00:00,1828.205,1828.488,1821.773,1824.051,14827.0,4,4,2,0
2023-02-17 06:00:00+00:00,1824.007,1828.016,1818.861,1824.653,19439.0,8,4,2,0
2023-02-17 10:00:00+00:00,1824.683,1840.889,1822.615,1834.369,32709.0,12,4,2,1
2023-02-17 14:00:00+00:00,1834.4,1843.518,1834.257,1842.683,20876.0,16,4,2,3
2023-02-17 18:00:00+00:00,1842.713,1843.547,1840.909,1842.499,5390.0,20,4,2,0
2023-02-19 18:00:00+00:00,1841.163,1841.687,1838.386,1838.659,2114.0,20,6,2,0
2023-02-19 22:00:00+00:00,1838.666,1843.138,1837.282,1842.815,11846.0,0,0,2,0
2023-02-20 02:00:00+00:00,1842.813,1846.277,1841.125,1845.983,11919.0,4,0,2,0
2023-02-20 06:00:00+00:00,1845.965,1847.39,1841.001,1844.706,11116.0,8,0,2,0
2023-02-20 10:00:00+00:00,1844.758,1846.897,1842.241,1843.193,10976.0,12,0,2,1
2023-02-20 14:00:00+00:00,1843.183,1843.978,1840.239,1841.069,4956.0,16,0,2,3
2023-02-20 18:00:00+00:00,1841.31,1842.561,1841.212,1841.674,1015.0,20,0,2,0
2023-02-20 22:00:00+00:00,1841.705,1843.651,1837.08,1838.407,12380.0,0,1,2,0
2023-02-21 02:00:00+00:00,1838.387,1839.693,1833.525,1834.777,12952.0,4,1,2,0
2023-02-21 06:00:00+00:00,1834.747,1836.748,1831.05,1833.791,19505.0,8,1,2,0
2023-02-21 10:00:00+00:00,1833.798,1843.801,1830.204,1838.71,30504.0,12,1,2,1
2023-02-21 14:00:00+00:00,1838.742,1839.461,1831.687,1834.017,19023.0,16,1,2,3
2023-02-21 18:00:00+00:00,1834.048,1836.484,1834.048,1835.548,5904.0,20,1,2,0
2023-02-21 22:00:00+00:00,1835.552,1838.384,1834.964,1836.15,12492.0,0,2,2,0
2023-02-22 02:00:00+00:00,1836.152,1839.931,1834.592,1839.882,10305.0,4,2,2,0
2023-02-22 06:00:00+00:00,1839.85,1841.137,1832.07,1838.851,17723.0,8,2,2,0
2023-02-22 10:00:00+00:00,1838.891,1845.972,1831.712,1836.029,25541.0,12,2,2,1
2023-02-22 14:00:00+00:00,1835.996,1837.033,1824.667,1824.916,25615.0,16,2,2,3
2023-02-22 18:00:00+00:00,1824.886,1827.336,1823.473,1825.075,9290.0,20,2,2,0
2023-02-22 22:00:00+00:00,1825.086,1830.414,1823.143,1827.855,12327.0,0,3,2,0
2023-02-23 02:00:00+00:00,1827.835,1833.723,1827.472,1829.709,12249.0,4,3,2,0
2023-02-23 06:00:00+00:00,1829.674,1829.674,1823.944,1826.383,14346.0,8,3,2,0
2023-02-23 10:00:00+00:00,1826.406,1830.094,1817.218,1823.527,32153.0,12,3,2,1
2023-02-23 14:00:00+00:00,1823.522,1824.11,1818.408,1822.92,21800.0,16,3,2,3
2023-02-23 18:00:00+00:00,1822.938,1824.086,1822.135,1823.166,5922.0,20,3,2,0
2023-02-23 22:00:00+00:00,1823.187,1827.755,1822.944,1825.692,14182.0,0,4,2,0
2023-02-24 02:00:00+00:00,1825.713,1826.364,1821.721,1822.036,11478.0,4,4,2,0
2023-02-24 06:00:00+00:00,1822.022,1825.579,1817.352,1819.104,16408.0,8,4,2,0
2023-02-24 10:00:00+00:00,1819.07,1819.143,1808.931,1810.625,36298.0,12,4,2,1
2023-02-24 14:00:00+00:00,1810.658,1814.126,1808.912,1810.941,17159.0,16,4,2,3
2023-02-24 18:00:00+00:00,1810.898,1813.395,1810.511,1810.778,5315.0,20,4,2,0
2023-02-26 18:00:00+00:00,1811.891,1813.078,1811.239,1811.74,2182.0,20,6,2,0
2023-02-26 22:00:00+00:00,1811.728,1814.149,1806.177,1807.91,13487.0,0,0,2,0
2023-02-27 02:00:00+00:00,1807.938,1812.352,1807.071,1810.638,13340.0,4,0,2,0
2023-02-27 06:00:00+00:00,1810.631,1813.658,1808.24,1811.409,15462.0,8,0,2,0
2023-02-27 10:00:00+00:00,1811.377,1820.088,1810.07,1815.38,24637.0,12,0,2,1
2023-02-27 14:00:00+00:00,1815.373,1820.071,1812.583,1817.366,15908.0,16,0,2,3
2023-02-27 18:00:00+00:00,1817.335,1818.014,1815.957,1817.137,6282.0,20,0,2,0
2023-02-27 22:00:00+00:00,1817.138,1819.356,1814.64,1814.818,10299.0,0,1,2,0
2023-02-28 02:00:00+00:00,1814.812,1816.775,1810.163,1810.413,12094.0,4,1,2,0
2023-02-28 06:00:00+00:00,1810.444,1812.982,1804.363,1809.027,17250.0,8,1,2,0
2023-02-28 10:00:00+00:00,1808.998,1826.727,1807.228,1824.07,27516.0,12,1,2,1
2023-02-28 14:00:00+00:00,1824.101,1831.104,1824.076,1828.939,19703.0,16,1,2,3
2023-02-28 18:00:00+00:00,1828.951,1829.283,1825.405,1825.551,7411.0,20,1,2,0
2023-02-28 22:00:00+00:00,1825.552,1831.122,1823.042,1830.963,13580.0,0,2,3,0
2023-03-01 02:00:00+00:00,1830.961,1836.724,1829.908,1835.555,14525.0,4,2,3,0
2023-03-01 06:00:00+00:00,1835.524,1838.486,1830.37,1835.249,18047.0,8,2,3,0
2023-03-01 10:00:00+00:00,1835.279,1844.574,1833.4,1842.018,32168.0,12,2,3,1
2023-03-01 14:00:00+00:00,1842.01,1842.17,1836.467,1838.268,19514.0,16,2,3,3
2023-03-01 18:00:00+00:00,1838.303,1838.901,1836.547,1836.554,6117.0,20,2,3,0
2023-03-01 22:00:00+00:00,1836.53,1838.189,1830.972,1833.444,13205.0,0,3,3,0
2023-03-02 02:00:00+00:00,1833.443,1834.792,1830.159,1831.633,11779.0,4,3,3,0
2023-03-02 06:00:00+00:00,1831.658,1837.288,1829.947,1836.662,17302.0,8,3,3,0
2023-03-02 10:00:00+00:00,1836.653,1838.932,1830.055,1836.594,29042.0,12,3,3,1
2023-03-02 14:00:00+00:00,1836.58,1838.645,1832.223,1835.589,18276.0,16,3,3,3
2023-03-02 18:00:00+00:00,1835.559,1838.106,1834.889,1837.818,6836.0,20,3,3,0
2023-03-02 22:00:00+00:00,1837.787,1841.455,1837.756,1838.742,13559.0,0,4,3,0
2023-03-03 02:00:00+00:00,1838.749,1844.774,1837.823,1842.722,11361.0,4,4,3,0
2023-03-03 06:00:00+00:00,1842.718,1849.188,1842.718,1848.416,15927.0,8,4,3,0
2023-03-03 10:00:00+00:00,1848.403,1848.59,1838.952,1844.588,26421.0,12,4,3,1
2023-03-03 14:00:00+00:00,1844.619,1853.646,1843.796,1853.275,17406.0,16,4,3,3
2023-03-03 18:00:00+00:00,1853.307,1856.278,1852.638,1855.265,6010.0,20,4,3,0
2023-03-05 18:00:00+00:00,1853.694,1854.076,1852.152,1852.294,1832.0,20,6,3,0
2023-03-05 22:00:00+00:00,1852.302,1855.848,1850.73,1854.94,12810.0,0,0,3,0
2023-03-06 02:00:00+00:00,1854.941,1858.123,1852.753,1856.228,11992.0,4,0,3,0
2023-03-06 06:00:00+00:00,1856.195,1857.092,1847.257,1848.452,15859.0,8,0,3,0
2023-03-06 10:00:00+00:00,1848.454,1853.923,1848.038,1850.982,21452.0,12,0,3,1
2023-03-06 14:00:00+00:00,1850.95,1852.756,1845.066,1846.09,16755.0,16,0,3,3
2023-03-06 18:00:00+00:00,1846.072,1847.252,1845.604,1846.323,5909.0,20,0,3,0
2023-03-06 22:00:00+00:00,1846.303,1850.432,1844.02,1847.538,12091.0,0,1,3,0
2023-03-07 02:00:00+00:00,1847.53,1851.468,1845.366,1848.436,10974.0,4,1,3,0
2023-03-07 06:00:00+00:00,1848.404,1849.626,1840.885,1841.913,14595.0,8,1,3,0
2023-03-07 10:00:00+00:00,1841.906,1841.906,1815.441,1817.951,38086.0,12,1,3,1
2023-03-07 14:00:00+00:00,1817.898,1823.141,1812.67,1813.844,27086.0,16,1,3,3
2023-03-07 18:00:00+00:00,1813.884,1815.958,1813.139,1813.936,7519.0,20,1,3,0
2023-03-07 22:00:00+00:00,1813.935,1814.096,1809.372,1809.82,12568.0,0,2,3,0
2023-03-08 02:00:00+00:00,1809.826,1815.03,1809.826,1814.197,11553.0,4,2,3,0
2023-03-08 06:00:00+00:00,1814.166,1816.576,1812.323,1815.0,13449.0,8,2,3,0
2023-03-08 10:00:00+00:00,1815.017,1824.235,1812.159,1820.599,33367.0,12,2,3,1
2023-03-08 14:00:00+00:00,1820.635,1821.851,1813.278,1816.233,19170.0,16,2,3,3
2023-03-08 18:00:00+00:00,1816.264,1816.312,1812.834,1815.196,5961.0,20,2,3,0
2023-03-08 22:00:00+00:00,1815.209,1816.446,1811.922,1813.708,10363.0,0,3,3,0
2023-03-09 02:00:00+00:00,1813.712,1816.008,1812.696,1814.774,10002.0,4,3,3,0
2023-03-09 06:00:00+00:00,1814.783,1820.308,1813.645,1818.733,13196.0,8,3,3,0
2023-03-09 10:00:00+00:00,1818.698,1835.548,1815.424,1828.626,27123.0,12,3,3,1
2023-03-09 14:00:00+00:00,1828.658,1834.998,1825.492,1830.512,21612.0,16,3,3,3
2023-03-09 18:00:00+00:00,1830.545,1832.295,1828.954,1831.569,8537.0,20,3,3,0
2023-03-09 22:00:00+00:00,1831.565,1834.83,1828.075,1829.2,16140.0,0,4,3,0
2023-03-10 02:00:00+00:00,1829.202,1834.654,1827.702,1833.516,13747.0,4,4,3,0
2023-03-10 06:00:00+00:00,1833.548,1837.226,1830.91,1834.91,16857.0,8,4,3,0
2023-03-10 10:00:00+00:00,1834.941,1867.404,1831.765,1863.028,52492.0,12,4,3,1
2023-03-10 14:00:00+00:00,1863.024,1865.369,1854.087,1863.818,33294.0,16,4,3,3
2023-03-10 18:00:00+00:00,1863.842,1870.031,1863.514,1867.109,9150.0,20,4,3,0
2023-03-12 18:00:00+00:00,1883.238,1894.368,1875.749,1877.746,25382.0,20,6,3,0
2023-03-12 22:00:00+00:00,1877.716,1888.766,1872.137,1882.539,25325.0,0,0,3,0
2023-03-13 02:00:00+00:00,1882.572,1883.653,1871.496,1876.235,18706.0,4,0,3,0
2023-03-13 06:00:00+00:00,1876.231,1893.764,1875.449,1889.662,37724.0,8,0,3,0
2023-03-13 10:00:00+00:00,1889.631,1913.016,1887.177,1904.91,75171.0,12,0,3,1
2023-03-13 14:00:00+00:00,1904.878,1914.577,1903.313,1913.301,32360.0,16,0,3,3
2023-03-13 18:00:00+00:00,1913.263,1914.07,1909.909,1912.025,7862.0,20,0,3,0
2023-03-13 22:00:00+00:00,1912.055,1914.113,1902.565,1902.877,16383.0,0,1,3,0
2023-03-14 02:00:00+00:00,1902.894,1913.398,1901.454,1912.592,21199.0,4,1,3,0
2023-03-14 06:00:00+00:00,1912.557,1913.297,1900.595,1904.116,24873.0,8,1,3,0
2023-03-14 10:00:00+00:00,1904.149,1911.855,1895.228,1904.119,57956.0,12,1,3,1
2023-03-14 14:00:00+00:00,1904.089,1910.288,1902.167,1902.42,26849.0,16,1,3,3
2023-03-14 18:00:00+00:00,1902.453,1904.913,1902.453,1903.064,5700.0,20,1,3,0
2023-03-14 22:00:00+00:00,1903.055,1905.638,1899.925,1902.849,14463.0,0,2,3,0
2023-03-15 02:00:00+00:00,1902.844,1903.416,1896.302,1896.456,14488.0,4,2,3,0
2023-03-15 06:00:00+00:00,1896.423,1918.94,1885.584,1918.108,40822.0,8,2,3,0
2023-03-15 10:00:00+00:00,1918.075,1930.328,1916.967,1927.151,68284.0,12,2,3,1
2023-03-15 14:00:00+00:00,1927.183,1937.287,1908.969,1916.717,49618.0,16,2,3,3
2023-03-15 18:00:00+00:00,1916.747,1922.796,1916.128,1921.155,8129.0,20,2,3,0
2023-03-15 22:00:00+00:00,1921.145,1924.344,1907.298,1913.197,24209.0,0,3,3,0
2023-03-16 02:00:00+00:00,1913.208,1920.675,1912.189,1916.643,20161.0,4,3,3,0
2023-03-16 06:00:00+00:00,1916.673,1927.035,1915.759,1926.878,21876.0,8,3,3,0
2023-03-16 10:00:00+00:00,1926.908,1933.443,1913.335,1918.692,64090.0,12,3,3,1
2023-03-16 14:00:00+00:00,1918.648,1921.126,1914.332,1920.549,29471.0,16,3,3,3
2023-03-16 18:00:00+00:00,1920.514,1922.06,1918.466,1921.294,5619.0,20,3,3,0
2023-03-16 22:00:00+00:00,1921.306,1929.655,1918.196,1927.635,16208.0,0,4,3,0
2023-03-17 02:00:00+00:00,1927.653,1934.278,1927.209,1930.287,16458.0,4,4,3,0
2023-03-17 06:00:00+00:00,1930.318,1937.136,1927.331,1935.014,19392.0,8,4,3,0
2023-03-17 10:00:00+00:00,1935.049,1964.892,1934.916,1959.269,49658.0,12,4,3,1
2023-03-17 14:00:00+00:00,1959.3,1987.718,1955.282,1976.229,43668.0,16,4,3,3
2023-03-17 18:00:00+00:00,1976.27,1988.311,1975.236,1988.129,5883.0,20,4,3,0
2023-03-19 18:00:00+00:00,1985.925,1988.132,1975.037,1976.936,11961.0,20,6,3,0
2023-03-19 22:00:00+00:00,1976.968,1978.387,1968.114,1973.311,22701.0,0,0,3,0
2023-03-20 02:00:00+00:00,1973.308,2009.668,1972.97,2003.415,34847.0,4,0,3,0
2023-03-20 06:00:00+00:00,2003.384,2006.137,1973.911,1983.78,44657.0,8,0,3,0
2023-03-20 10:00:00+00:00,1983.812,1986.561,1965.627,1973.763,55577.0,12,0,3,1
2023-03-20 14:00:00+00:00,1973.73,1984.349,1972.931,1977.152,26968.0,16,0,3,3
2023-03-20 18:00:00+00:00,1977.17,1980.021,1976.241,1976.585,6160.0,20,0,3,0
2023-03-20 22:00:00+00:00,1976.581,1985.121,1975.242,1983.76,15510.0,0,1,3,0
2023-03-21 02:00:00+00:00,1983.756,1983.756,1970.255,1970.316,19006.0,4,1,3,0
2023-03-21 06:00:00+00:00,1970.286,1970.819,1962.779,1966.283,24346.0,8,1,3,0
2023-03-21 10:00:00+00:00,1966.285,1967.068,1943.125,1948.149,48442.0,12,1,3,1
2023-03-21 14:00:00+00:00,1948.115,1948.97,1935.343,1940.163,26499.0,16,1,3,3
2023-03-21 18:00:00+00:00,1940.195,1943.918,1939.31,1943.106,6127.0,20,1,3,0
2023-03-21 22:00:00+00:00,1943.074,1946.169,1938.167,1939.602,17051.0,0,2,3,0
2023-03-22 02:00:00+00:00,1939.574,1943.485,1934.057,1939.791,18119.0,4,2,3,0
2023-03-22 06:00:00+00:00,1939.759,1945.611,1939.579,1942.411,20752.0,8,2,3,0
2023-03-22 10:00:00+00:00,1942.414,1951.888,1937.051,1947.214,31892.0,12,2,3,1
2023-03-22 14:00:00+00:00,1947.228,1978.802,1945.048,1972.71,65202.0,16,2,3,3
2023-03-22 18:00:00+00:00,1972.678,1975.103,1964.52,1969.706,11668.0,20,2,3,0
2023-03-22 22:00:00+00:00,1969.755,1977.588,1966.317,1976.875,22279.0,0,3,3,0
2023-03-23 02:00:00+00:00,1976.878,1983.618,1974.926,1976.814,22520.0,4,3,3,0
2023-03-23 06:00:00+00:00,1976.846,1980.642,1974.25,1978.413,21800.0,8,3,3,0
2023-03-23 10:00:00+00:00,1978.407,1987.033,1966.514,1984.001,37262.0,12,3,3,1
2023-03-23 14:00:00+00:00,1984.038,2003.277,1982.717,1997.711,43529.0,16,3,3,3
2023-03-23 18:00:00+00:00,1997.747,1998.875,1990.086,1991.324,8780.0,20,3,3,0
2023-03-23 22:00:00+00:00,1991.292,1994.827,1989.714,1992.815,19623.0,0,4,3,0
2023-03-24 02:00:00+00:00,1992.829,1993.329,1985.267,1989.406,17739.0,4,4,3,0
2023-03-24 06:00:00+00:00,1989.437,2000.245,1981.221,1995.789,31793.0,8,4,3,0
2023-03-24 10:00:00+00:00,1995.748,2002.989,1985.886,1987.25,55951.0,12,4,3,1
2023-03-24 14:00:00+00:00,1987.276,1990.57,1975.239,1975.967,30598.0,16,4,3,3
2023-03-24 18:00:00+00:00,1975.997,1979.348,1975.165,1978.777,3093.0,20,4,3,0
2023-03-26 18:00:00+00:00,1976.4,1976.735,1969.153,1975.691,7622.0,20,6,3,0
2023-03-26 22:00:00+00:00,1975.658,1978.691,1972.101,1974.584,18691.0,0,0,3,0
2023-03-27 02:00:00+00:00,1974.588,1975.462,1965.876,1970.923,19457.0,4,0,3,0
2023-03-27 06:00:00+00:00,1970.887,1972.116,1948.143,1954.14,25538.0,8,0,3,0
2023-03-27 10:00:00+00:00,1954.154,1958.695,1943.944,1956.844,35330.0,12,0,3,1
2023-03-27 14:00:00+00:00,1956.831,1959.385,1950.706,1956.897,18336.0,16,0,3,3
2023-03-27 18:00:00+00:00,1956.928,1958.27,1955.688,1958.071,5181.0,20,0,3,0
2023-03-27 22:00:00+00:00,1958.04,1963.955,1957.692,1959.685,15340.0,0,1,3,0
2023-03-28 02:00:00+00:00,1959.658,1960.81,1951.873,1953.902,18129.0,4,1,3,0
2023-03-28 06:00:00+00:00,1953.932,1958.518,1949.141,1956.994,17351.0,8,1,3,0
2023-03-28 10:00:00+00:00,1956.989,1969.897,1956.944,1966.619,30571.0,12,1,3,1
2023-03-28 14:00:00+00:00,1966.65,1975.255,1965.652,1973.314,18416.0,16,1,3,3
2023-03-28 18:00:00+00:00,1973.348,1974.423,1971.476,1971.867,5212.0,20,1,3,0
2023-03-28 22:00:00+00:00,1971.898,1972.854,1965.859,1966.469,13641.0,0,2,3,0
2023-03-29 02:00:00+00:00,1966.474,1968.826,1958.55,1961.645,16311.0,4,2,3,0
2023-03-29 06:00:00+00:00,1961.657,1969.117,1960.808,1966.687,15165.0,8,2,3,0
2023-03-29 10:00:00+00:00,1966.693,1971.684,1960.571,1961.812,27870.0,12,2,3,1
2023-03-29 14:00:00+00:00,1961.78,1969.171,1961.067,1963.132,16486.0,16,2,3,3
2023-03-29 18:00:00+00:00,1963.164,1964.862,1962.673,1963.197,5108.0,20,2,3,0
2023-03-29 22:00:00+00:00,1963.201,1963.503,1955.195,1959.566,14119.0,0,3,3,0
2023-03-30 02:00:00+00:00,1959.577,1971.274,1958.93,1966.63,16360.0,4,3,3,0
2023-03-30 06:00:00+00:00,1966.6,1971.186,1964.919,1968.603,15101.0,8,3,3,0
2023-03-30 10:00:00+00:00,1968.635,1975.29,1963.913,1974.699,30468.0,12,3,3,1
2023-03-30 14:00:00+00:00,1974.73,1984.251,1974.73,1981.297,18545.0,16,3,3,3
2023-03-30 18:00:00+00:00,1981.261,1981.944,1977.982,1978.386,5466.0,20,3,3,0
2023-03-30 22:00:00+00:00,1978.412,1983.578,1977.633,1981.181,14966.0,0,4,3,0
2023-03-31 02:00:00+00:00,1981.158,1985.017,1974.804,1975.261,14562.0,4,4,3,0
2023-03-31 06:00:00+00:00,1975.266,1981.907,1973.172,1980.192,16521.0,8,4,3,0
2023-03-31 10:00:00+00:00,1980.204,1987.544,1974.764,1979.658,33407.0,12,4,3,1
2023-03-31 14:00:00+00:00,1979.65,1979.747,1966.806,1970.931,20335.0,16,4,3,3
2023-03-31 18:00:00+00:00,1970.895,1970.96,1968.46,1969.376,2532.0,20,4,3,0
2023-04-02 18:00:00+00:00,1966.275,1967.407,1956.964,1957.027,9069.0,20,6,4,0
2023-04-02 22:00:00+00:00,1957.063,1964.465,1949.542,1951.794,20458.0,0,0,4,0
2023-04-03 02:00:00+00:00,1951.801,1961.934,1950.456,1961.794,15655.0,4,0,4,0
2023-04-03 06:00:00+00:00,1961.785,1978.705,1961.181,1978.632,17291.0,8,0,4,0
2023-04-03 10:00:00+00:00,1978.6,1990.476,1972.343,1987.944,35339.0,12,0,4,1
2023-04-03 14:00:00+00:00,1987.942,1990.44,1981.862,1985.126,18660.0,16,0,4,3
2023-04-03 18:00:00+00:00,1985.094,1985.901,1983.571,1984.935,4441.0,20,0,4,0
2023-04-03 22:00:00+00:00,1984.929,1985.266,1977.776,1978.088,12866.0,0,1,4,0
2023-04-04 02:00:00+00:00,1978.08,1983.739,1976.821,1982.139,14938.0,4,1,4,0
2023-04-04 06:00:00+00:00,1982.134,1984.312,1978.467,1981.952,15571.0,8,1,4,0
2023-04-04 10:00:00+00:00,1981.953,2024.947,1981.437,2020.205,52665.0,12,1,4,1
2023-04-04 14:00:00+00:00,2020.174,2024.953,2017.82,2021.824,21249.0,16,1,4,3
2023-04-04 18:00:00+00:00,2021.791,2023.585,2019.674,2021.734,6903.0,20,1,4,0
2023-04-04 22:00:00+00:00,2021.748,2025.233,2019.342,2023.002,13005.0,0,2,4,0
2023-04-05 02:00:00+00:00,2022.993,2028.381,2022.077,2025.362,15162.0,4,2,4,0
2023-04-05 06:00:00+00:00,2025.331,2028.122,2021.468,2022.892,15240.0,8,2,4,0
2023-04-05 10:00:00+00:00,2022.922,2032.027,2009.923,2021.694,50219.0,12,2,4,1
2023-04-05 14:00:00+00:00,2021.674,2023.894,2019.063,2021.012,18417.0,16,2,4,3
2023-04-05 18:00:00+00:00,2021.051,2021.642,2018.686,2020.287,4569.0,20,2,4,0
2023-04-05 22:00:00+00:00,2020.27,2020.436,2007.645,2011.302,15780.0,0,3,4,0
2023-04-06 02:00:00+00:00,2011.296,2018.078,2010.468,2016.346,15307.0,4,3,4,0
2023-04-06 06:00:00+00:00,2016.342,2020.907,2014.796,2018.469,15164.0,8,3,4,0
2023-04-06 10:00:00+00:00,2018.476,2020.695,2000.81,2011.174,33959.0,12,3,4,1
2023-04-06 14:00:00+00:00,2011.142,2014.899,2006.196,2006.412,15365.0,16,3,4,3
2023-04-06 18:00:00+00:00,2006.443,2008.116,2005.752,2007.761,2016.0,20,3,4,0
2023-04-09 18:00:00+00:00,1997.006,2006.495,1995.817,2005.497,5727.0,20,6,4,0
2023-04-09 22:00:00+00:00,2005.529,2005.86,1988.663,1990.856,15577.0,0,0,4,0
2023-04-10 02:00:00+00:00,1990.886,1997.57,1989.475,1997.433,12626.0,4,0,4,0
2023-04-10 06:00:00+00:00,1997.403,2002.935,1995.905,2001.556,12975.0,8,0,4,0
2023-04-10 10:00:00+00:00,2001.526,2001.961,1981.436,1988.632,36358.0,12,0,4,1
2023-04-10 14:00:00+00:00,1988.629,1992.794,1987.112,1991.527,15405.0,16,0,4,3
2023-04-10 18:00:00+00:00,1991.558,1992.486,1990.342,1992.389,3632.0,20,0,4,0
2023-04-10 22:00:00+00:00,1992.356,1998.128,1988.773,1997.518,14090.0,0,1,4,0
2023-04-11 02:00:00+00:00,1997.509,2003.621,1997.339,2002.035,14895.0,4,1,4,0
2023-04-11 06:00:00+00:00,2002.003,2007.41,1999.345,2000.429,15366.0,8,1,4,0
2023-04-11 10:00:00+00:00,2000.418,2006.195,1995.551,2004.132,23095.0,12,1,4,1
2023-04-11 14:00:00+00:00,2004.113,2006.714,2000.953,2004.051,13814.0,16,1,4,3
2023-04-11 18:00:00+00:00,2004.082,2005.02,2002.832,2004.659,3531.0,20,1,4,0
2023-04-11 22:00:00+00:00,2004.675,2019.17,2003.922,2017.187,15675.0,0,2,4,0
2023-04-12 02:00:00+00:00,2017.213,2021.072,2011.612,2012.953,14981.0,4,2,4,0
2023-04-12 06:00:00+00:00,2012.983,2013.681,2007.26,2007.697,15131.0,8,2,4,0
2023-04-12 10:00:00+00:00,2007.663,2028.184,2000.987,2005.779,50616.0,12,2,4,1
2023-04-12 14:00:00+00:00,2005.748,2018.065,2005.209,2013.651,21347.0,16,2,4,3
2023-04-12 18:00:00+00:00,2013.62,2018.453,2013.232,2018.149,4841.0,20,2,4,0
2023-04-12 22:00:00+00:00,2018.118,2019.731,2015.676,2017.423,14802.0,0,3,4,0
2023-04-13 02:00:00+00:00,2017.415,2025.619,2015.276,2024.477,14804.0,4,3,4,0
2023-04-13 06:00:00+00:00,2024.5,2029.098,2024.415,2028.573,15077.0,8,3,4,0
2023-04-13 10:00:00+00:00,2028.565,2048.597,2026.533,2038.9,42124.0,12,3,4,1
2023-04-13 14:00:00+00:00,2038.939,2044.078,2036.599,2040.717,17789.0,16,3,4,3
2023-04-13 18:00:00+00:00,2040.678,2041.05,2038.672,2039.713,4148.0,20,3,4,0
2023-04-13 22:00:00+00:00,2039.712,2047.392,2038.594,2045.022,15052.0,0,4,4,0
2023-04-14 02:00:00+00:00,2045.021,2046.461,2036.597,2039.196,16180.0,4,4,4,0
2023-04-14 06:00:00+00:00,2039.191,2042.173,2031.784,2033.224,17870.0,8,4,4,0
2023-04-14 10:00:00+00:00,2033.248,2039.987,1993.554,1995.625,60309.0,12,4,4,1
2023-04-14 14:00:00+00:00,1995.623,2007.954,1992.364,2005.279,20907.0,16,4,4,3
2023-04-14 18:00:00+00:00,2005.264,2005.615,2003.836,2004.252,2018.0,20,4,4,0
2023-04-16 18:00:00+00:00,2001.207,2005.006,1999.651,2002.848,5116.0,20,6,4,0
2023-04-16 22:00:00+00:00,2002.866,2006.273,1995.151,2004.506,17500.0,0,0,4,0
2023-04-17 02:00:00+00:00,2004.479,2014.998,2003.709,2010.848,18583.0,4,0,4,0
2023-04-17 06:00:00+00:00,2010.782,2012.673,2004.87,2009.074,16299.0,8,0,4,0
2023-04-17 10:00:00+00:00,2009.104,2010.572,1980.899,1989.921,37158.0,12,0,4,1
2023-04-17 14:00:00+00:00,1989.923,1997.078,1987.244,1996.233,15990.0,16,0,4,3
2023-04-17 18:00:00+00:00,1996.266,1996.435,1993.797,1993.906,3915.0,20,0,4,0
2023-04-17 22:00:00+00:00,1993.915,2001.75,1993.306,2000.21,14318.0,0,1,4,0
2023-04-18 02:00:00+00:00,2000.247,2004.072,1996.327,2002.28,14230.0,4,1,4,0
2023-04-18 06:00:00+00:00,2002.284,2005.114,1999.046,2003.851,15285.0,8,1,4,0
2023-04-18 10:00:00+00:00,2003.882,2011.823,1991.048,2008.391,33534.0,12,1,4,1
2023-04-18 14:00:00+00:00,2008.421,2008.496,2003.349,2004.032,15330.0,16,1,4,3
2023-04-18 18:00:00+00:00,2004.063,2006.236,2004.063,2005.718,4339.0,20,1,4,0
2023-04-18 22:00:00+00:00,2005.719,2008.077,2001.861,2003.359,13984.0,0,2,4,0
2023-04-19 02:00:00+00:00,2003.393,2004.405,1986.754,1991.288,19506.0,4,2,4,0
2023-04-19 06:00:00+00:00,1991.32,1991.35,1969.176,1970.545,24484.0,8,2,4,0
2023-04-19 10:00:00+00:00,1970.551,1995.928,1969.629,1990.705,33792.0,12,2,4,1
2023-04-19 14:00:00+00:00,1990.743,1996.797,1990.3,1994.418,16049.0,16,2,4,3
2023-04-19 18:00:00+00:00,1994.384,1995.661,1993.112,1993.616,5619.0,20,2,4,0
2023-04-19 22:00:00+00:00,1993.651,1998.445,1990.476,1992.724,15919.0,0,3,4,0
2023-04-20 02:00:00+00:00,1992.715,2000.955,1991.383,1997.129,16436.0,4,3,4,0
2023-04-20 06:00:00+00:00,1997.14,2004.723,1992.339,2001.044,17920.0,8,3,4,0
2023-04-20 10:00:00+00:00,2001.077,2012.347,1997.404,2002.549,36389.0,12,3,4,1
2023-04-20 14:00:00+00:00,2002.58,2008.319,2002.153,2003.083,16692.0,16,3,4,3
2023-04-20 18:00:00+00:00,2003.114,2005.737,2001.787,2005.313,6482.0,20,3,4,0
2023-04-20 22:00:00+00:00,2005.287,2005.508,2000.506,2002.059,14300.0,0,4,4,0
2023-04-21 02:00:00+00:00,2002.091,2002.269,1981.862,1986.72,20698.0,4,4,4,0
2023-04-21 06:00:00+00:00,1986.717,1992.429,1984.048,1987.949,19524.0,8,4,4,0
2023-04-21 10:00:00+00:00,1987.945,1997.939,1971.584,1975.808,45988.0,12,4,4,1
2023-04-21 14:00:00+00:00,1975.845,1982.964,1973.987,1982.637,15696.0,16,4,4,3
2023-04-21 18:00:00+00:00,1982.67,1983.577,1981.73,1982.886,2059.0,20,4,4,0
2023-04-23 18:00:00+00:00,1982.082,1985.343,1981.789,1984.62,3555.0,20,6,4,0
2023-04-23 22:00:00+00:00,1984.618,1984.618,1978.505,1980.787,16079.0,0,0,4,0
2023-04-24 02:00:00+00:00,1980.756,1983.123,1976.355,1982.662,17514.0,4,0,4,0
2023-04-24 06:00:00+00:00,1982.664,1986.882,1980.81,1983.039,15866.0,8,0,4,0
2023-04-24 10:00:00+00:00,1983.035,1987.176,1974.028,1984.768,29347.0,12,0,4,1
2023-04-24 14:00:00+00:00,1984.764,1990.819,1984.609,1988.711,15326.0,16,0,4,3
2023-04-24 18:00:00+00:00,1988.68,1996.42,1988.266,1995.016,5980.0,20,0,4,0
2023-04-24 22:00:00+00:00,1995.015,2000.795,1992.764,1992.766,17767.0,0,1,4,0
2023-04-25 02:00:00+00:00,1992.772,1997.2,1987.303,1990.198,18278.0,4,1,4,0
2023-04-25 06:00:00+00:00,1990.21,1991.029,1976.688,1977.545,21722.0,8,1,4,0
2023-04-25 10:00:00+00:00,1977.576,1994.512,1976.067,1989.93,36250.0,12,1,4,1
2023-04-25 14:00:00+00:00,1989.965,2003.83,1988.237,1999.144,24855.0,16,1,4,3
2023-04-25 18:00:00+00:00,1999.111,2001.656,1995.811,2000.172,6848.0,20,1,4,0
2023-04-25 22:00:00+00:00,2000.178,2002.415,1993.117,1994.025,20849.0,0,2,4,0
2023-04-26 02:00:00+00:00,1994.058,1999.262,1994.058,1997.888,15841.0,4,2,4,0
2023-04-26 06:00:00+00:00,1997.898,2001.707,1991.199,1995.747,19331.0,8,2,4,0
2023-04-26 10:00:00+00:00,1995.716,2009.322,1991.415,1991.446,41120.0,12,2,4,1
2023-04-26 14:00:00+00:00,1991.469,1992.427,1983.348,1988.012,23876.0,16,2,4,3
2023-04-26 18:00:00+00:00,1987.979,1991.911,1987.178,1991.647,6299.0,20,2,4,0
2023-04-26 22:00:00+00:00,1991.617,2000.683,1989.513,1999.791,16190.0,0,3,4,0
2023-04-27 02:00:00+00:00,1999.821,2003.178,1997.269,1999.344,17212.0,4,3,4,0
2023-04-27 06:00:00+00:00,1999.374,2001.176,1995.9,1996.844,15431.0,8,3,4,0
2023-04-27 10:00:00+00:00,1996.876,2003.246,1974.016,1982.223,50246.0,12,3,4,1
2023-04-27 14:00:00+00:00,1982.254,1991.016,1981.149,1988.097,16423.0,16,3,4,3
2023-04-27 18:00:00+00:00,1988.127,1988.571,1986.298,1986.914,5714.0,20,3,4,0
2023-04-27 22:00:00+00:00,1986.879,1991.396,1984.863,1988.894,17995.0,0,4,4,0
2023-04-28 02:00:00+00:00,1988.877,1990.372,1981.561,1982.316,23309.0,4,4,4,0
2023-04-28 06:00:00+00:00,1982.411,1984.795,1979.664,1983.233,16766.0,8,4,4,0
2023-04-28 10:00:00+00:00,1983.266,1994.994,1976.103,1991.693,43812.0,12,4,4,1
2023-04-28 14:00:00+00:00,1991.726,1994.03,1987.436,1989.142,16954.0,16,4,4,3
2023-04-28 18:00:00+00:00,1989.175,1989.833,1987.911,1989.376,2298.0,20,4,4,0
2023-04-30 18:00:00+00:00,1989.602,1991.877,1986.62,1986.895,4632.0,20,6,4,0
2023-04-30 22:00:00+00:00,1986.927,1987.387,1980.451,1983.303,12951.0,0,0,5,0
2023-05-01 02:00:00+00:00,1983.336,1986.228,1978.958,1980.894,14653.0,4,0,5,0
2023-05-01 06:00:00+00:00,1980.868,1989.936,1977.054,1988.945,15433.0,8,0,5,0
2023-05-01 10:00:00+00:00,1988.947,2005.933,1980.475,1982.917,50000.0,12,0,5,1
2023-05-01 14:00:00+00:00,1982.884,1984.019,1979.325,1979.719,18025.0,16,0,5,3
2023-05-01 18:00:00+00:00,1979.751,1983.259,1979.6,1981.373,5610.0,20,0,5,0
2023-05-01 22:00:00+00:00,1981.385,1985.19,1981.305,1982.109,12887.0,0,1,5,0
2023-05-02 02:00:00+00:00,1982.073,1985.69,1980.39,1981.33,15134.0,4,1,5,0
2023-05-02 06:00:00+00:00,1981.342,1990.15,1978.455,1986.348,16768.0,8,1,5,0
2023-05-02 10:00:00+00:00,1986.314,2015.465,1984.415,2014.322,48180.0,12,1,5,1
2023-05-02 14:00:00+00:00,2014.353,2019.31,2011.16,2018.199,24133.0,16,1,5,3
2023-05-02 18:00:00+00:00,2018.232,2018.232,2015.489,2015.905,5019.0,20,1,5,0
2023-05-02 22:00:00+00:00,2015.916,2018.719,2014.166,2018.427,9668.0,0,2,5,0
2023-05-03 02:00:00+00:00,2018.425,2019.434,2012.609,2014.82,12860.0,4,2,5,0
2023-05-03 06:00:00+00:00,2014.8,2017.406,2014.274,2015.816,14514.0,8,2,5,0
2023-05-03 10:00:00+00:00,2015.849,2026.758,2007.655,2023.523,35033.0,12,2,5,1
2023-05-03 14:00:00+00:00,2023.492,2035.995,2016.941,2035.079,51081.0,16,2,5,3
2023-05-03 18:00:00+00:00,2035.11,2079.817,2029.043,2051.957,29772.0,20,2,5,0
2023-05-03 22:00:00+00:00,2051.959,2057.096,2038.222,2040.905,23649.0,0,3,5,0
2023-05-04 02:00:00+00:00,2040.872,2045.435,2030.327,2034.57,21776.0,4,3,5,0
2023-05-04 06:00:00+00:00,2034.507,2044.829,2031.123,2041.984,19830.0,8,3,5,0
2023-05-04 10:00:00+00:00,2041.953,2059.537,2032.038,2050.938,65463.0,12,3,5,1
2023-05-04 14:00:00+00:00,2050.971,2054.057,2044.437,2049.555,28828.0,16,3,5,3
2023-05-04 18:00:00+00:00,2049.586,2050.885,2047.48,2049.922,6461.0,20,3,5,0
2023-05-04 22:00:00+00:00,2049.924,2052.957,2045.436,2049.749,14526.0,0,4,5,0
2023-05-05 02:00:00+00:00,2049.782,2051.099,2039.307,2040.507,16305.0,4,4,5,0
2023-05-05 06:00:00+00:00,2040.509,2041.664,2034.707,2035.442,16151.0,8,4,5,0
2023-05-05 10:00:00+00:00,2035.436,2038.275,1999.451,2015.152,58143.0,12,4,5,1
2023-05-05 14:00:00+00:00,2015.182,2018.785,2012.998,2017.697,19811.0,16,4,5,3
2023-05-05 18:00:00+00:00,2017.73,2018.901,2015.723,2016.65,2167.0,20,4,5,0
2023-05-07 18:00:00+00:00,2016.428,2017.281,2014.174,2016.006,4614.0,20,6,5,0
2023-05-07 22:00:00+00:00,2015.976,2023.938,2015.15,2023.189,14731.0,0,0,5,0
2023-05-08 02:00:00+00:00,2023.205,2024.671,2020.084,2021.436,13850.0,4,0,5,0
2023-05-08 06:00:00+00:00,2021.401,2025.396,2019.937,2022.228,13680.0,8,0,5,0
2023-05-08 10:00:00+00:00,2022.251,2029.235,2017.835,2027.098,27516.0,12,0,5,1
2023-05-08 14:00:00+00:00,2027.066,2029.32,2020.19,2020.271,16197.0,16,0,5,3
2023-05-08 18:00:00+00:00,2020.301,2022.395,2020.136,2021.237,5227.0,20,0,5,0
2023-05-08 22:00:00+00:00,2021.266,2024.921,2019.483,2024.878,12623.0,0,1,5,0
2023-05-09 02:00:00+00:00,2024.894,2028.697,2021.575,2024.626,15302.0,4,1,5,0
2023-05-09 06:00:00+00:00,2024.596,2032.768,2021.378,2031.009,16212.0,8,1,5,0
2023-05-09 10:00:00+00:00,2031.0,2032.045,2022.88,2026.877,25729.0,12,1,5,1
2023-05-09 14:00:00+00:00,2026.912,2037.561,2026.835,2034.239,18482.0,16,1,5,3
2023-05-09 18:00:00+00:00,2034.278,2037.119,2034.083,2036.27,4885.0,20,1,5,0
2023-05-09 22:00:00+00:00,2036.31,2038.182,2030.44,2031.675,12227.0,0,2,5,0
2023-05-10 02:00:00+00:00,2031.643,2032.937,2027.414,2031.661,13403.0,4,2,5,0
2023-05-10 06:00:00+00:00,2031.657,2032.041,2026.239,2029.246,14378.0,8,2,5,0
2023-05-10 10:00:00+00:00,2029.277,2048.145,2021.356,2025.006,53578.0,12,2,5,1
2023-05-10 14:00:00+00:00,2024.983,2034.126,2024.489,2030.893,19098.0,16,2,5,3
2023-05-10 18:00:00+00:00,2030.926,2032.072,2029.101,2031.436,4355.0,20,2,5,0
2023-05-10 22:00:00+00:00,2031.411,2036.348,2031.132,2032.367,13766.0,0,3,5,0
2023-05-11 02:00:00+00:00,2032.363,2033.109,2021.759,2025.562,16718.0,4,3,5,0
2023-05-11 06:00:00+00:00,2025.515,2039.078,2021.606,2036.736,22005.0,8,3,5,0
2023-05-11 10:00:00+00:00,2036.768,2040.788,2011.104,2013.551,55499.0,12,3,5,1
2023-05-11 14:00:00+00:00,2013.517,2018.266,2012.842,2014.149,18431.0,16,3,5,3
2023-05-11 18:00:00+00:00,2014.182,2016.596,2013.727,2016.346,5245.0,20,3,5,0
2023-05-11 22:00:00+00:00,2016.367,2017.486,2008.487,2011.596,16417.0,0,4,5,0
2023-05-12 02:00:00+00:00,2011.565,2012.571,2005.618,2008.735,16860.0,4,4,5,0
2023-05-12 06:00:00+00:00,2008.723,2009.69,2000.895,2004.722,18151.0,8,4,5,0
2023-05-12 10:00:00+00:00,2004.718,2022.461,2003.539,2009.417,37534.0,12,4,5,1
2023-05-12 14:00:00+00:00,2009.383,2016.355,2008.309,2010.871,17198.0,16,4,5,3
2023-05-12 18:00:00+00:00,2010.902,2011.454,2010.36,2010.912,1618.0,20,4,5,0
2023-05-14 18:00:00+00:00,2008.664,2011.957,2008.664,2009.558,3383.0,20,6,5,0
2023-05-14 22:00:00+00:00,2009.551,2018.791,2008.637,2013.986,14945.0,0,0,5,0
2023-05-15 02:00:00+00:00,2013.984,2019.986,2013.224,2018.372,15252.0,4,0,5,0
2023-05-15 06:00:00+00:00,2018.339,2020.84,2011.885,2013.035,14075.0,8,0,5,0
2023-05-15 10:00:00+00:00,2013.033,2022.083,2011.454,2017.678,26026.0,12,0,5,1
2023-05-15 14:00:00+00:00,2017.696,2021.359,2014.352,2014.954,13407.0,16,0,5,3
2023-05-15 18:00:00+00:00,2014.95,2016.597,2013.765,2014.4,3850.0,20,0,5,0
2023-05-15 22:00:00+00:00,2014.411,2018.279,2014.126,2016.899,11495.0,0,1,5,0
2023-05-16 02:00:00+00:00,2016.897,2017.682,2002.404,2010.024,17654.0,4,1,5,0
2023-05-16 06:00:00+00:00,2010.041,2010.27,2005.11,2005.467,13755.0,8,1,5,0
2023-05-16 10:00:00+00:00,2005.472,2014.856,1994.431,1995.946,38792.0,12,1,5,1
2023-05-16 14:00:00+00:00,1995.953,1997.009,1985.414,1989.873,21203.0,16,1,5,3
2023-05-16 18:00:00+00:00,1989.907,1991.142,1988.054,1989.63,5184.0,20,1,5,0
2023-05-16 22:00:00+00:00,1989.633,1992.977,1989.633,1991.3,13384.0,0,2,5,0
2023-05-17 02:00:00+00:00,1991.302,1992.049,1986.539,1987.619,14346.0,4,2,5,0
2023-05-17 06:00:00+00:00,1987.588,1989.063,1983.675,1987.38,15716.0,8,2,5,0
2023-05-17 10:00:00+00:00,1987.39,1987.957,1974.734,1980.39,33254.0,12,2,5,1
2023-05-17 14:00:00+00:00,1980.358,1984.511,1980.094,1982.985,16288.0,16,2,5,3
2023-05-17 18:00:00+00:00,1982.955,1983.552,1980.909,1982.714,3757.0,20,2,5,0
2023-05-17 22:00:00+00:00,1982.717,1985.973,1981.332,1982.274,12171.0,0,3,5,0
2023-05-18 02:00:00+00:00,1982.268,1982.718,1973.356,1974.507,15510.0,4,3,5,0
2023-05-18 06:00:00+00:00,1974.539,1978.856,1972.146,1974.085,16272.0,8,3,5,0
2023-05-18 10:00:00+00:00,1974.088,1975.354,1951.937,1955.988,37857.0,12,3,5,1
2023-05-18 14:00:00+00:00,1956.004,1958.893,1953.938,1957.268,16620.0,16,3,5,3
2023-05-18 18:00:00+00:00,1957.277,1959.151,1956.875,1958.356,4042.0,20,3,5,0
2023-05-18 22:00:00+00:00,1958.364,1963.61,1954.003,1963.297,15179.0,0,4,5,0
2023-05-19 02:00:00+00:00,1963.273,1968.712,1960.617,1966.866,16127.0,4,4,5,0
2023-05-19 06:00:00+00:00,1966.861,1968.199,1962.285,1963.716,16224.0,8,4,5,0
2023-05-19 10:00:00+00:00,1963.696,1984.186,1957.136,1974.746,43063.0,12,4,5,1
2023-05-19 14:00:00+00:00,1974.776,1983.228,1973.093,1976.111,20498.0,16,4,5,3
2023-05-19 18:00:00+00:00,1976.142,1977.776,1975.439,1977.703,1979.0,20,4,5,0
2023-05-21 18:00:00+00:00,1978.005,1981.48,1978.005,1980.829,3724.0,20,6,5,0
2023-05-21 22:00:00+00:00,1980.827,1982.321,1976.283,1977.843,15425.0,0,0,5,0
2023-05-22 02:00:00+00:00,1977.873,1978.744,1971.21,1976.8,15643.0,4,0,5,0
2023-05-22 06:00:00+00:00,1976.783,1982.53,1969.775,1972.935,16111.0,8,0,5,0
2023-05-22 10:00:00+00:00,1972.908,1978.541,1968.84,1972.417,30740.0,12,0,5,1
2023-05-22 14:00:00+00:00,1972.45,1978.87,1971.615,1972.095,15746.0,16,0,5,3
2023-05-22 18:00:00+00:00,1972.065,1972.596,1969.586,1969.784,4707.0,20,0,5,0
2023-05-22 22:00:00+00:00,1969.814,1971.736,1960.243,1962.74,16723.0,0,1,5,0
2023-05-23 02:00:00+00:00,1962.709,1964.548,1955.443,1957.14,17176.0,4,1,5,0
2023-05-23 06:00:00+00:00,1957.173,1961.257,1954.232,1958.835,17693.0,8,1,5,0
2023-05-23 10:00:00+00:00,1958.838,1973.53,1957.699,1967.315,37833.0,12,1,5,1
2023-05-23 14:00:00+00:00,1967.313,1977.739,1966.239,1974.754,20078.0,16,1,5,3
2023-05-23 18:00:00+00:00,1974.787,1977.289,1974.218,1974.98,4681.0,20,1,5,0
2023-05-23 22:00:00+00:00,1975.021,1976.965,1972.735,1976.454,13969.0,0,2,5,0
2023-05-24 02:00:00+00:00,1976.453,1980.562,1970.665,1974.014,17366.0,4,2,5,0
2023-05-24 06:00:00+00:00,1974.044,1981.984,1973.52,1981.856,16951.0,8,2,5,0
2023-05-24 10:00:00+00:00,1981.854,1985.101,1960.252,1962.988,32741.0,12,2,5,1
2023-05-24 14:00:00+00:00,1963.027,1965.236,1956.683,1958.972,23036.0,16,2,5,3
2023-05-24 18:00:00+00:00,1958.959,1961.839,1957.09,1959.752,7439.0,20,2,5,0
2023-05-24 22:00:00+00:00,1959.748,1960.101,1954.91,1957.207,16444.0,0,3,5,0
2023-05-25 02:00:00+00:00,1957.213,1961.33,1954.885,1959.413,15533.0,4,3,5,0
2023-05-25 06:00:00+00:00,1959.421,1964.711,1959.21,1961.926,15701.0,8,3,5,0
2023-05-25 10:00:00+00:00,1961.958,1963.062,1939.229,1945.393,48151.0,12,3,5,1
2023-05-25 14:00:00+00:00,1945.426,1946.908,1938.813,1940.148,17596.0,16,3,5,3
2023-05-25 18:00:00+00:00,1940.153,1943.157,1939.377,1940.515,6034.0,20,3,5,0
2023-05-25 22:00:00+00:00,1940.492,1948.779,1936.576,1948.423,15954.0,0,4,5,0
2023-05-26 02:00:00+00:00,1948.408,1957.219,1946.965,1956.202,17228.0,4,4,5,0
2023-05-26 06:00:00+00:00,1956.172,1956.715,1950.991,1951.445,14488.0,8,4,5,0
2023-05-26 10:00:00+00:00,1951.435,1953.848,1938.741,1943.457,37114.0,12,4,5,1
2023-05-26 14:00:00+00:00,1943.427,1947.566,1942.79,1947.403,15519.0,16,4,5,3
2023-05-26 18:00:00+00:00,1947.434,1947.501,1946.197,1946.834,1576.0,20,4,5,0
2023-05-28 18:00:00+00:00,1943.265,1946.248,1943.227,1943.654,4455.0,20,6,5,0
2023-05-28 22:00:00+00:00,1943.687,1946.165,1940.27,1945.542,12608.0,0,0,5,0
2023-05-29 02:00:00+00:00,1945.547,1948.874,1943.741,1944.176,11198.0,4,0,5,0
2023-05-29 06:00:00+00:00,1944.193,1946.576,1940.781,1946.272,10859.0,8,0,5,0
2023-05-29 10:00:00+00:00,1946.303,1949.718,1944.778,1945.922,13486.0,12,0,5,1
2023-05-29 14:00:00+00:00,1945.882,1945.882,1942.772,1943.627,2271.0,16,0,5,3
2023-05-29 18:00:00+00:00,1943.445,1944.318,1941.347,1941.683,4372.0,20,0,5,0
2023-05-29 22:00:00+00:00,1941.498,1946.602,1939.225,1939.396,15452.0,0,1,5,0
2023-05-30 02:00:00+00:00,1939.424,1942.311,1932.042,1942.311,20160.0,4,1,5,0
2023-05-30 06:00:00+00:00,1942.299,1960.75,1941.677,1960.194,21385.0,8,1,5,0
2023-05-30 10:00:00+00:00,1960.17,1962.253,1950.577,1962.071,30053.0,12,1,5,1
2023-05-30 14:00:00+00:00,1962.101,1963.479,1957.703,1960.13,13502.0,16,1,5,3
2023-05-30 18:00:00+00:00,1960.098,1960.098,1957.99,1958.535,4184.0,20,1,5,0
2023-05-30 22:00:00+00:00,1958.544,1960.452,1953.625,1958.052,14888.0,0,2,5,0
2023-05-31 02:00:00+00:00,1958.051,1965.186,1955.735,1956.067,18876.0,4,2,5,0
2023-05-31 06:00:00+00:00,1956.092,1960.772,1954.843,1960.324,16956.0,8,2,5,0
2023-05-31 10:00:00+00:00,1960.321,1974.676,1959.932,1968.581,36056.0,12,2,5,1
2023-05-31 14:00:00+00:00,1968.551,1969.179,1962.654,1963.061,17630.0,16,2,5,3
2023-05-31 18:00:00+00:00,1963.094,1966.961,1962.378,1966.244,5670.0,20,2,5,0
2023-05-31 22:00:00+00:00,1966.275,1967.446,1961.996,1964.178,15542.0,0,3,6,0
2023-06-01 02:00:00+00:00,1964.194,1965.808,1955.08,1955.523,15397.0,4,3,6,0
2023-06-01 06:00:00+00:00,1955.535,1968.368,1953.338,1967.861,16293.0,8,3,6,0
2023-06-01 10:00:00+00:00,1967.828,1983.049,1958.663,1982.054,39922.0,12,3,6,1
2023-06-01 14:00:00+00:00,1982.086,1982.624,1975.635,1978.068,15197.0,16,3,6,3
2023-06-01 18:00:00+00:00,1978.101,1978.316,1975.886,1977.03,3690.0,20,3,6,0
2023-06-01 22:00:00+00:00,1977.033,1983.332,1974.015,1982.473,14404.0,0,4,6,0
2023-06-02 02:00:00+00:00,1982.47,1982.84,1975.784,1975.951,15453.0,4,4,6,0
2023-06-02 06:00:00+00:00,1975.933,1981.106,1974.956,1978.772,14068.0,8,4,6,0
2023-06-02 10:00:00+00:00,1978.802,1980.174,1960.987,1962.042,40668.0,12,4,6,1
2023-06-02 14:00:00+00:00,1962.012,1962.178,1948.066,1948.621,17077.0,16,4,6,3
2023-06-02 18:00:00+00:00,1948.584,1948.935,1947.58,1947.992,1667.0,20,4,6,0
2023-06-04 18:00:00+00:00,1947.366,1950.096,1947.297,1949.33,4212.0,20,6,6,0
2023-06-04 22:00:00+00:00,1949.344,1949.466,1943.824,1947.086,15454.0,0,0,6,0
2023-06-05 02:00:00+00:00,1947.085,1947.338,1938.476,1939.893,15034.0,4,0,6,0
2023-06-05 06:00:00+00:00,1939.842,1945.869,1938.341,1942.222,15518.0,8,0,6,0
2023-06-05 10:00:00+00:00,1942.252,1961.909,1938.048,1958.108,31295.0,12,0,6,1
2023-06-05 14:00:00+00:00,1958.144,1964.003,1957.066,1961.029,14170.0,16,0,6,3
2023-06-05 18:00:00+00:00,1961.066,1963.119,1960.628,1961.224,5108.0,20,0,6,0
2023-06-05 22:00:00+00:00,1961.231,1964.359,1959.007,1959.199,13064.0,0,1,6,0
2023-06-06 02:00:00+00:00,1959.196,1962.714,1956.846,1957.491,16780.0,4,1,6,0
2023-06-06 06:00:00+00:00,1957.513,1964.896,1957.242,1962.727,16142.0,8,1,6,0
2023-06-06 10:00:00+00:00,1962.733,1966.376,1954.345,1963.429,26686.0,12,1,6,1
2023-06-06 14:00:00+00:00,1963.432,1966.288,1961.019,1962.84,12441.0,16,1,6,3
2023-06-06 18:00:00+00:00,1962.871,1964.504,1962.45,1963.345,4062.0,20,1,6,0
2023-06-06 22:00:00+00:00,1963.315,1966.724,1962.905,1963.351,12542.0,0,2,6,0
2023-06-07 02:00:00+00:00,1963.348,1964.989,1954.753,1956.108,13454.0,4,2,6,0
2023-06-07 06:00:00+00:00,1956.088,1966.378,1955.702,1961.255,15169.0,8,2,6,0
2023-06-07 10:00:00+00:00,1961.223,1970.123,1946.404,1947.117,31848.0,12,2,6,1
2023-06-07 14:00:00+00:00,1947.148,1947.653,1939.997,1940.077,18783.0,16,2,6,3
2023-06-07 18:00:00+00:00,1940.044,1945.278,1939.839,1944.436,5848.0,20,2,6,0
2023-06-07 22:00:00+00:00,1944.433,1947.036,1944.24,1946.265,12502.0,0,3,6,0
2023-06-08 02:00:00+00:00,1946.29,1948.27,1942.764,1947.268,13919.0,4,3,6,0
2023-06-08 06:00:00+00:00,1947.238,1949.053,1944.902,1946.582,14113.0,8,3,6,0
2023-06-08 10:00:00+00:00,1946.619,1970.507,1946.2,1966.789,34738.0,12,3,6,1
2023-06-08 14:00:00+00:00,1966.819,1969.188,1961.713,1964.946,15642.0,16,3,6,3
2023-06-08 18:00:00+00:00,1964.98,1966.354,1964.837,1965.316,3539.0,20,3,6,0
2023-06-08 22:00:00+00:00,1965.313,1965.702,1963.176,1963.777,12038.0,0,4,6,0
2023-06-09 02:00:00+00:00,1963.776,1966.032,1962.358,1963.135,12994.0,4,4,6,0
2023-06-09 06:00:00+00:00,1963.105,1966.877,1960.653,1966.443,14652.0,8,4,6,0
2023-06-09 10:00:00+00:00,1966.438,1972.771,1956.58,1962.152,30716.0,12,4,6,1
2023-06-09 14:00:00+00:00,1962.119,1962.78,1959.6,1960.134,13318.0,16,4,6,3
2023-06-09 18:00:00+00:00,1960.166,1961.097,1960.039,1960.64,1171.0,20,4,6,0
2023-06-11 18:00:00+00:00,1959.592,1960.497,1958.014,1959.933,3142.0,20,6,6,0
2023-06-11 22:00:00+00:00,1959.941,1960.427,1954.226,1958.44,12483.0,0,0,6,0
2023-06-12 02:00:00+00:00,1958.416,1962.069,1956.542,1960.59,13212.0,4,0,6,0
2023-06-12 06:00:00+00:00,1960.558,1966.889,1960.187,1963.92,14548.0,8,0,6,0
2023-06-12 10:00:00+00:00,1963.921,1965.897,1949.168,1955.393,28254.0,12,0,6,1
2023-06-12 14:00:00+00:00,1955.361,1958.706,1953.073,1957.942,13480.0,16,0,6,3
2023-06-12 18:00:00+00:00,1957.974,1960.551,1956.744,1959.94,3990.0,20,0,6,0
2023-06-12 22:00:00+00:00,1959.953,1962.066,1955.9,1961.996,11960.0,0,1,6,0
2023-06-13 02:00:00+00:00,1962.006,1965.344,1958.233,1962.233,14186.0,4,1,6,0
2023-06-13 06:00:00+00:00,1962.202,1966.178,1961.448,1963.75,12611.0,8,1,6,0
2023-06-13 10:00:00+00:00,1963.736,1970.599,1941.884,1943.096,43860.0,12,1,6,1
2023-06-13 14:00:00+00:00,1943.086,1947.049,1939.975,1943.482,15991.0,16,1,6,3
2023-06-13 18:00:00+00:00,1943.446,1945.051,1942.089,1943.884,4485.0,20,1,6,0
2023-06-13 22:00:00+00:00,1943.891,1949.352,1942.733,1949.249,11657.0,0,2,6,0
2023-06-14 02:00:00+00:00,1949.275,1951.496,1945.204,1949.585,12514.0,4,2,6,0
2023-06-14 06:00:00+00:00,1949.563,1952.845,1945.774,1946.948,13111.0,8,2,6,0
2023-06-14 10:00:00+00:00,1946.952,1960.058,1946.262,1955.908,23806.0,12,2,6,1
2023-06-14 14:00:00+00:00,1955.939,1957.393,1939.93,1944.901,40990.0,16,2,6,3
2023-06-14 18:00:00+00:00,1944.936,1946.094,1939.673,1945.188,6649.0,20,2,6,0
2023-06-14 22:00:00+00:00,1945.146,1945.228,1932.177,1934.81,17449.0,0,3,6,0
2023-06-15 02:00:00+00:00,1934.839,1939.614,1928.867,1933.516,19790.0,4,3,6,0
2023-06-15 06:00:00+00:00,1933.493,1936.708,1927.793,1928.479,15963.0,8,3,6,0
2023-06-15 10:00:00+00:00,1928.449,1959.728,1924.838,1956.51,38853.0,12,3,6,1
2023-06-15 14:00:00+00:00,1956.541,1960.194,1956.541,1958.604,14518.0,16,3,6,3
2023-06-15 18:00:00+00:00,1958.634,1959.201,1957.215,1958.223,3469.0,20,3,6,0
2023-06-15 22:00:00+00:00,1958.202,1961.982,1955.137,1956.613,13709.0,0,4,6,0
2023-06-16 02:00:00+00:00,1956.617,1963.218,1954.629,1961.563,14688.0,4,4,6,0
2023-06-16 06:00:00+00:00,1961.594,1966.498,1959.966,1965.583,15342.0,8,4,6,0
2023-06-16 10:00:00+00:00,1965.614,1967.848,1953.188,1956.229,32762.0,12,4,6,1
2023-06-16 14:00:00+00:00,1956.196,1959.666,1953.908,1955.391,13795.0,16,4,6,3
2023-06-16 18:00:00+00:00,1955.359,1958.211,1955.321,1957.441,1524.0,20,4,6,0
2023-06-18 18:00:00+00:00,1958.5,1958.561,1956.235,1957.038,3499.0,20,6,6,0
2023-06-18 22:00:00+00:00,1957.046,1958.662,1953.977,1955.667,12263.0,0,0,6,0
2023-06-19 02:00:00+00:00,1955.659,1957.461,1952.687,1955.063,12772.0,4,0,6,0
2023-06-19 06:00:00+00:00,1955.032,1958.711,1948.288,1948.445,14492.0,8,0,6,0
2023-06-19 10:00:00+00:00,1948.478,1953.421,1947.734,1950.64,15246.0,12,0,6,1
2023-06-19 14:00:00+00:00,1950.643,1951.858,1949.723,1949.958,2932.0,16,0,6,3
2023-06-19 18:00:00+00:00,1950.701,1954.171,1950.641,1952.197,3540.0,20,0,6,0
2023-06-19 22:00:00+00:00,1952.383,1952.95,1944.892,1950.173,14821.0,0,1,6,0
2023-06-20 02:00:00+00:00,1950.176,1956.727,1946.882,1954.899,15493.0,4,1,6,0
2023-06-20 06:00:00+00:00,1954.859,1955.531,1949.898,1951.29,15308.0,8,1,6,0
2023-06-20 10:00:00+00:00,1951.32,1954.503,1929.734,1935.074,33037.0,12,1,6,1
2023-06-20 14:00:00+00:00,1935.108,1938.68,1934.137,1936.031,15025.0,16,1,6,3
2023-06-20 18:00:00+00:00,1936.07,1938.802,1935.419,1937.231,5761.0,20,1,6,0
2023-06-20 22:00:00+00:00,1937.225,1939.431,1935.341,1937.01,13291.0,0,2,6,0
2023-06-21 02:00:00+00:00,1937.027,1937.337,1931.177,1934.938,15718.0,4,2,6,0
2023-06-21 06:00:00+00:00,1934.939,1935.865,1932.083,1934.529,15465.0,8,2,6,0
2023-06-21 10:00:00+00:00,1934.498,1935.283,1918.898,1932.25,39771.0,12,2,6,1
2023-06-21 14:00:00+00:00,1932.216,1937.549,1930.355,1933.383,16531.0,16,2,6,3
2023-06-21 18:00:00+00:00,1933.406,1934.861,1931.929,1933.839,5717.0,20,2,6,0
2023-06-21 22:00:00+00:00,1933.838,1934.198,1931.484,1932.549,9453.0,0,3,6,0
2023-06-22 02:00:00+00:00,1932.523,1933.023,1927.025,1929.928,15063.0,4,3,6,0
2023-06-22 06:00:00+00:00,1929.898,1931.382,1924.879,1927.321,16313.0,8,3,6,0
2023-06-22 10:00:00+00:00,1927.306,1930.948,1912.757,1913.412,33339.0,12,3,6,1
2023-06-22 14:00:00+00:00,1913.378,1917.696,1913.0,1913.845,15864.0,16,3,6,3
2023-06-22 18:00:00+00:00,1913.81,1914.923,1912.355,1914.439,5097.0,20,3,6,0
2023-06-22 22:00:00+00:00,1914.439,1916.031,1910.091,1912.356,12526.0,0,4,6,0
2023-06-23 02:00:00+00:00,1912.349,1918.893,1912.07,1917.996,17334.0,4,4,6,0
2023-06-23 06:00:00+00:00,1918.045,1920.589,1916.567,1919.123,15288.0,8,4,6,0
2023-06-23 10:00:00+00:00,1919.13,1937.231,1918.814,1920.996,34664.0,12,4,6,1
2023-06-23 14:00:00+00:00,1921.006,1922.302,1917.865,1919.065,14292.0,16,4,6,3
2023-06-23 18:00:00+00:00,1919.034,1921.682,1918.937,1921.192,1759.0,20,4,6,0
2023-06-25 18:00:00+00:00,1922.951,1925.402,1922.682,1925.294,4392.0,20,6,6,0
2023-06-25 22:00:00+00:00,1925.293,1928.47,1924.059,1925.461,15183.0,0,0,6,0
2023-06-26 02:00:00+00:00,1925.462,1929.074,1922.125,1928.869,14415.0,4,0,6,0
2023-06-26 06:00:00+00:00,1928.869,1933.28,1928.857,1931.345,14925.0,8,0,6,0
2023-06-26 10:00:00+00:00,1931.347,1933.051,1921.419,1925.644,23902.0,12,0,6,1
2023-06-26 14:00:00+00:00,1925.675,1926.502,1922.344,1922.819,13383.0,16,0,6,3
2023-06-26 18:00:00+00:00,1922.78,1924.656,1920.902,1922.485,4487.0,20,0,6,0
2023-06-26 22:00:00+00:00,1922.501,1930.207,1921.659,1928.414,13017.0,0,1,6,0
2023-06-27 02:00:00+00:00,1928.408,1929.615,1924.155,1928.152,12912.0,4,1,6,0
2023-06-27 06:00:00+00:00,1928.152,1928.59,1919.495,1923.09,13863.0,8,1,6,0
2023-06-27 10:00:00+00:00,1923.068,1930.639,1911.423,1913.461,30681.0,12,1,6,1
2023-06-27 14:00:00+00:00,1913.444,1916.497,1910.8,1913.686,14804.0,16,1,6,3
2023-06-27 18:00:00+00:00,1913.716,1915.779,1912.915,1915.385,4340.0,20,1,6,0
2023-06-27 22:00:00+00:00,1915.389,1917.174,1913.445,1915.176,12625.0,0,2,6,0
2023-06-28 02:00:00+00:00,1915.176,1916.741,1908.997,1910.891,13522.0,4,2,6,0
2023-06-28 06:00:00+00:00,1910.89,1911.901,1905.571,1907.12,15332.0,8,2,6,0
2023-06-28 10:00:00+00:00,1907.121,1913.263,1902.74,1910.823,28861.0,12,2,6,1
2023-06-28 14:00:00+00:00,1910.792,1913.334,1909.161,1909.243,13855.0,16,2,6,3
2023-06-28 18:00:00+00:00,1909.208,1910.706,1906.774,1909.681,5493.0,20,2,6,0
2023-06-28 22:00:00+00:00,1909.712,1912.779,1902.706,1905.418,14023.0,0,3,6,0
2023-06-29 02:00:00+00:00,1905.387,1907.308,1902.51,1905.661,14561.0,4,3,6,0
2023-06-29 06:00:00+00:00,1905.693,1910.968,1903.886,1910.002,14103.0,8,3,6,0
2023-06-29 10:00:00+00:00,1910.007,1913.047,1892.9,1908.94,35865.0,12,3,6,1
2023-06-29 14:00:00+00:00,1908.916,1910.73,1906.208,1907.602,14080.0,16,3,6,3
2023-06-29 18:00:00+00:00,1907.571,1908.935,1907.08,1908.661,4690.0,20,3,6,0
2023-06-29 22:00:00+00:00,1908.692,1909.687,1907.079,1908.252,12005.0,0,4,6,0
2023-06-30 02:00:00+00:00,1908.254,1909.862,1903.73,1905.245,13486.0,4,4,6,0
2023-06-30 06:00:00+00:00,1905.219,1906.604,1900.502,1905.239,14468.0,8,4,6,0
2023-06-30 10:00:00+00:00,1905.272,1919.359,1904.593,1918.98,35006.0,12,4,6,1
2023-06-30 14:00:00+00:00,1918.995,1922.693,1917.426,1920.043,14929.0,16,4,6,3
2023-06-30 18:00:00+00:00,1920.011,1920.1,1918.098,1919.333,1889.0,20,4,6,0
2023-07-02 18:00:00+00:00,1918.552,1919.584,1917.464,1918.169,3360.0,20,6,7,0
2023-07-02 22:00:00+00:00,1918.164,1919.005,1914.604,1918.307,12798.0,0,0,7,0
2023-07-03 02:00:00+00:00,1918.338,1920.582,1912.068,1912.131,14445.0,4,0,7,0
2023-07-03 06:00:00+00:00,1912.155,1914.318,1910.003,1912.502,13268.0,8,0,7,0
2023-07-03 10:00:00+00:00,1912.509,1930.891,1911.59,1926.565,26790.0,12,0,7,1
2023-07-03 14:00:00+00:00,1926.563,1926.648,1920.565,1921.309,9155.0,16,0,7,3
2023-07-03 18:00:00+00:00,1921.307,1921.652,1919.665,1921.181,2580.0,20,0,7,0
2023-07-03 22:00:00+00:00,1921.18,1923.451,1920.024,1922.912,10834.0,0,1,7,0
2023-07-04 02:00:00+00:00,1922.918,1928.399,1922.696,1927.978,12301.0,4,1,7,0
2023-07-04 06:00:00+00:00,1927.977,1930.645,1925.678,1928.474,12438.0,8,1,7,0
2023-07-04 10:00:00+00:00,1928.477,1930.268,1926.099,1926.993,12243.0,12,1,7,1
2023-07-04 14:00:00+00:00,1926.993,1927.135,1923.958,1924.993,3887.0,16,1,7,3
2023-07-04 18:00:00+00:00,1925.509,1929.274,1924.84,1926.176,3387.0,20,1,7,0
2023-07-04 22:00:00+00:00,1926.247,1927.058,1923.145,1924.359,10679.0,0,2,7,0
2023-07-05 02:00:00+00:00,1924.358,1927.713,1920.809,1927.415,12978.0,4,2,7,0
2023-07-05 06:00:00+00:00,1927.384,1929.556,1925.148,1927.471,13489.0,8,2,7,0
2023-07-05 10:00:00+00:00,1927.468,1934.967,1918.985,1923.173,28478.0,12,2,7,1
2023-07-05 14:00:00+00:00,1923.172,1924.734,1915.127,1915.799,16207.0,16,2,7,3
2023-07-05 18:00:00+00:00,1915.763,1917.869,1914.765,1916.772,5258.0,20,2,7,0
2023-07-05 22:00:00+00:00,1916.784,1919.696,1916.06,1918.108,12656.0,0,3,7,0
2023-07-06 02:00:00+00:00,1918.113,1921.445,1916.9,1918.876,13371.0,4,3,7,0
2023-07-06 06:00:00+00:00,1918.91,1927.408,1916.104,1926.585,14404.0,8,3,7,0
2023-07-06 10:00:00+00:00,1926.586,1927.548,1902.618,1911.45,44192.0,12,3,7,1
2023-07-06 14:00:00+00:00,1911.472,1912.346,1908.864,1910.161,13236.0,16,3,7,3
2023-07-06 18:00:00+00:00,1910.192,1912.189,1909.567,1911.516,4622.0,20,3,7,0
2023-07-06 22:00:00+00:00,1911.543,1912.391,1909.625,1911.094,11721.0,0,4,7,0
2023-07-07 02:00:00+00:00,1911.091,1916.421,1910.212,1914.538,13390.0,4,4,7,0
2023-07-07 06:00:00+00:00,1914.568,1918.302,1913.291,1917.483,13434.0,8,4,7,0
2023-07-07 10:00:00+00:00,1917.515,1934.845,1914.251,1927.57,39038.0,12,4,7,1
2023-07-07 14:00:00+00:00,1927.539,1929.297,1924.596,1924.608,14032.0,16,4,7,3
2023-07-07 18:00:00+00:00,1924.642,1925.41,1924.216,1925.339,1738.0,20,4,7,0
2023-07-09 18:00:00+00:00,1925.288,1928.14,1923.842,1924.848,4469.0,20,6,7,0
2023-07-09 22:00:00+00:00,1924.858,1926.88,1922.512,1923.84,13718.0,0,0,7,0
2023-07-10 02:00:00+00:00,1923.837,1925.658,1919.318,1924.845,13233.0,4,0,7,0
2023-07-10 06:00:00+00:00,1924.843,1926.183,1922.641,1924.621,12614.0,8,0,7,0
2023-07-10 10:00:00+00:00,1924.652,1924.972,1912.329,1923.522,26435.0,12,0,7,1
2023-07-10 14:00:00+00:00,1923.513,1926.794,1922.65,1925.798,12783.0,16,0,7,3
2023-07-10 18:00:00+00:00,1925.766,1925.873,1924.362,1924.821,4027.0,20,0,7,0
2023-07-10 22:00:00+00:00,1924.822,1928.891,1924.406,1926.616,13070.0,0,1,7,0
2023-07-11 02:00:00+00:00,1926.621,1937.902,1926.355,1932.222,16328.0,4,1,7,0
2023-07-11 06:00:00+00:00,1932.228,1938.404,1931.936,1936.266,14295.0,8,1,7,0
2023-07-11 10:00:00+00:00,1936.235,1936.442,1929.412,1931.012,22227.0,12,1,7,1
2023-07-11 14:00:00+00:00,1931.048,1932.777,1929.306,1932.473,11680.0,16,1,7,3
2023-07-11 18:00:00+00:00,1932.462,1933.761,1931.574,1933.24,4111.0,20,1,7,0
2023-07-11 22:00:00+00:00,1933.244,1940.93,1933.171,1938.494,13524.0,0,2,7,0
2023-07-12 02:00:00+00:00,1938.493,1940.178,1933.836,1934.641,13149.0,4,2,7,0
2023-07-12 06:00:00+00:00,1934.641,1936.386,1933.47,1934.628,12167.0,8,2,7,0
2023-07-12 10:00:00+00:00,1934.624,1958.247,1933.528,1955.661,36796.0,12,2,7,1
2023-07-12 14:00:00+00:00,1955.63,1959.618,1955.349,1958.686,13925.0,16,2,7,3
2023-07-12 18:00:00+00:00,1958.662,1958.686,1956.886,1957.713,4622.0,20,2,7,0
2023-07-12 22:00:00+00:00,1957.714,1961.607,1956.317,1960.268,14035.0,0,3,7,0
2023-07-13 02:00:00+00:00,1960.276,1963.303,1955.23,1961.745,16235.0,4,3,7,0
2023-07-13 06:00:00+00:00,1961.766,1962.689,1957.916,1959.868,13220.0,8,3,7,0
2023-07-13 10:00:00+00:00,1959.868,1963.276,1952.344,1954.943,31800.0,12,3,7,1
2023-07-13 14:00:00+00:00,1954.974,1960.765,1954.744,1959.99,14128.0,16,3,7,3
2023-07-13 18:00:00+00:00,1959.959,1961.818,1959.82,1960.134,5106.0,20,3,7,0
2023-07-13 22:00:00+00:00,1960.124,1963.671,1958.324,1962.545,13824.0,0,4,7,0
2023-07-14 02:00:00+00:00,1962.547,1962.547,1954.271,1956.849,14725.0,4,4,7,0
2023-07-14 06:00:00+00:00,1956.819,1960.003,1955.149,1959.225,13722.0,8,4,7,0
2023-07-14 10:00:00+00:00,1959.233,1962.711,1950.841,1958.074,32828.0,12,4,7,1
2023-07-14 14:00:00+00:00,1958.078,1960.984,1954.277,1954.277,14000.0,16,4,7,3
2023-07-14 18:00:00+00:00,1954.328,1955.64,1954.283,1955.223,1973.0,20,4,7,0
2023-07-16 18:00:00+00:00,1954.975,1954.975,1951.354,1953.281,4161.0,20,6,7,0
2023-07-16 22:00:00+00:00,1953.281,1955.909,1950.881,1952.055,12601.0,0,0,7,0
2023-07-17 02:00:00+00:00,1952.056,1956.8,1950.502,1952.254,13440.0,4,0,7,0
2023-07-17 06:00:00+00:00,1952.224,1959.801,1951.902,1957.602,14560.0,8,0,7,0
2023-07-17 10:00:00+00:00,1957.577,1959.377,1945.753,1954.585,25457.0,12,0,7,1
2023-07-17 14:00:00+00:00,1954.617,1956.31,1952.436,1955.334,11406.0,16,0,7,3
2023-07-17 18:00:00+00:00,1955.3,1956.253,1954.346,1955.398,3831.0,20,0,7,0
2023-07-17 22:00:00+00:00,1955.396,1960.576,1954.677,1959.764,13333.0,0,1,7,0
2023-07-18 02:00:00+00:00,1959.762,1964.019,1957.732,1961.479,14177.0,4,1,7,0
2023-07-18 06:00:00+00:00,1961.482,1971.798,1960.518,1962.989,15676.0,8,1,7,0
2023-07-18 10:00:00+00:00,1963.019,1984.251,1960.671,1978.084,39960.0,12,1,7,1
2023-07-18 14:00:00+00:00,1978.089,1981.438,1974.965,1977.719,14170.0,16,1,7,3
2023-07-18 18:00:00+00:00,1977.696,1979.126,1976.733,1977.481,4940.0,20,1,7,0
2023-07-18 22:00:00+00:00,1977.464,1978.459,1974.409,1975.443,12737.0,0,2,7,0
2023-07-19 02:00:00+00:00,1975.444,1980.859,1972.971,1977.929,15037.0,4,2,7,0
2023-07-19 06:00:00+00:00,1977.912,1979.064,1971.518,1973.704,13829.0,8,2,7,0
2023-07-19 10:00:00+00:00,1973.723,1979.822,1969.742,1973.789,24373.0,12,2,7,1
2023-07-19 14:00:00+00:00,1973.806,1978.861,1972.049,1978.439,12831.0,16,2,7,3
2023-07-19 18:00:00+00:00,1978.434,1978.877,1975.4,1977.683,4830.0,20,2,7,0
2023-07-19 22:00:00+00:00,1977.661,1987.421,1977.299,1985.174,14998.0,0,3,7,0
2023-07-20 02:00:00+00:00,1985.176,1985.448,1977.811,1979.155,14649.0,4,3,7,0
2023-07-20 06:00:00+00:00,1979.134,1983.809,1978.141,1981.407,13750.0,8,3,7,0
2023-07-20 10:00:00+00:00,1981.408,1981.544,1965.558,1968.609,28978.0,12,3,7,1
2023-07-20 14:00:00+00:00,1968.604,1971.423,1965.32,1968.712,13941.0,16,3,7,3
2023-07-20 18:00:00+00:00,1968.681,1972.82,1968.435,1972.197,4306.0,20,3,7,0
2023-07-20 22:00:00+00:00,1972.227,1973.735,1969.85,1970.234,13114.0,0,4,7,0
2023-07-21 02:00:00+00:00,1970.21,1972.141,1964.156,1964.258,13918.0,4,4,7,0
2023-07-21 06:00:00+00:00,1964.258,1966.745,1961.056,1965.74,16679.0,8,4,7,0
2023-07-21 10:00:00+00:00,1965.715,1968.069,1956.605,1960.257,25223.0,12,4,7,1
2023-07-21 14:00:00+00:00,1960.222,1964.806,1960.154,1962.379,11940.0,16,4,7,3
2023-07-21 18:00:00+00:00,1962.415,1962.627,1961.463,1961.851,1406.0,20,4,7,0
2023-07-23 18:00:00+00:00,1962.228,1962.882,1960.351,1961.177,2975.0,20,6,7,0
2023-07-23 22:00:00+00:00,1961.172,1962.623,1959.033,1960.143,12907.0,0,0,7,0
2023-07-24 02:00:00+00:00,1960.112,1965.632,1957.839,1963.236,13914.0,4,0,7,0
2023-07-24 06:00:00+00:00,1963.218,1967.805,1959.337,1964.957,14865.0,8,0,7,0
2023-07-24 10:00:00+00:00,1964.987,1967.607,1957.098,1959.621,25712.0,12,0,7,1
2023-07-24 14:00:00+00:00,1959.638,1961.407,1953.425,1954.301,13849.0,16,0,7,3
2023-07-24 18:00:00+00:00,1954.336,1955.413,1953.174,1954.393,4585.0,20,0,7,0
2023-07-24 22:00:00+00:00,1954.394,1963.498,1953.854,1961.553,13659.0,0,1,7,0
2023-07-25 02:00:00+00:00,1961.553,1964.098,1959.544,1961.169,13576.0,4,1,7,0
2023-07-25 06:00:00+00:00,1961.135,1963.624,1953.093,1960.736,14873.0,8,1,7,0
2023-07-25 10:00:00+00:00,1960.72,1965.361,1951.977,1964.246,23775.0,12,1,7,1
2023-07-25 14:00:00+00:00,1964.224,1965.62,1961.266,1964.431,11882.0,16,1,7,3
2023-07-25 18:00:00+00:00,1964.398,1966.193,1964.099,1965.284,5231.0,20,1,7,0
2023-07-25 22:00:00+00:00,1965.283,1966.026,1961.962,1963.88,12006.0,0,2,7,0
2023-07-26 02:00:00+00:00,1963.889,1971.079,1962.387,1970.591,12845.0,4,2,7,0
2023-07-26 06:00:00+00:00,1970.613,1974.149,1969.591,1971.911,12841.0,8,2,7,0
2023-07-26 10:00:00+00:00,1972.038,1974.96,1963.682,1972.347,22828.0,12,2,7,1
2023-07-26 14:00:00+00:00,1972.374,1978.243,1965.531,1974.807,27598.0,16,2,7,3
2023-07-26 18:00:00+00:00,1974.777,1974.777,1970.942,1972.009,6449.0,20,2,7,0
2023-07-26 22:00:00+00:00,1972.012,1982.133,1971.117,1977.879,12824.0,0,3,7,0
2023-07-27 02:00:00+00:00,1977.905,1982.081,1973.804,1979.892,14554.0,4,3,7,0
2023-07-27 06:00:00+00:00,1979.922,1981.053,1973.557,1978.989,14606.0,8,3,7,0
2023-07-27 10:00:00+00:00,1979.002,1979.066,1942.642,1946.88,38614.0,12,3,7,1
2023-07-27 14:00:00+00:00,1946.849,1949.632,1942.018,1944.14,19845.0,16,3,7,3
2023-07-27 18:00:00+00:00,1944.107,1948.058,1943.373,1947.443,6695.0,20,3,7,0
2023-07-27 22:00:00+00:00,1947.411,1954.726,1946.054,1954.035,24318.0,0,4,7,0
2023-07-28 02:00:00+00:00,1954.066,1956.575,1948.219,1949.603,24516.0,4,4,7,0
2023-07-28 06:00:00+00:00,1949.666,1957.96,1947.819,1956.578,15963.0,8,4,7,0
2023-07-28 10:00:00+00:00,1956.544,1963.355,1952.244,1960.909,28834.0,12,4,7,1
2023-07-28 14:00:00+00:00,1960.892,1963.46,1957.479,1959.081,11862.0,16,4,7,3
2023-07-28 18:00:00+00:00,1959.049,1959.547,1958.603,1959.184,1454.0,20,4,7,0
2023-07-30 18:00:00+00:00,1959.875,1960.47,1957.373,1958.063,3961.0,20,6,7,0
2023-07-30 22:00:00+00:00,1958.054,1958.828,1953.647,1954.551,14312.0,0,0,7,0
2023-07-31 02:00:00+00:00,1954.539,1956.967,1953.056,1954.823,13935.0,4,0,7,0
2023-07-31 06:00:00+00:00,1954.846,1961.041,1950.718,1959.03,14059.0,8,0,7,0
2023-07-31 10:00:00+00:00,1959.06,1972.326,1957.477,1970.636,23239.0,12,0,7,1
2023-07-31 14:00:00+00:00,1970.646,1972.201,1964.209,1964.482,11642.0,16,0,7,3
2023-07-31 18:00:00+00:00,1964.514,1965.944,1963.846,1963.907,5151.0,20,0,7,0
2023-07-31 22:00:00+00:00,1963.906,1964.628,1958.972,1962.139,11997.0,0,1,8,0
2023-08-01 02:00:00+00:00,1962.13,1962.277,1954.351,1955.437,13807.0,4,1,8,0
2023-08-01 06:00:00+00:00,1955.404,1957.657,1953.067,1953.524,14173.0,8,1,8,0
2023-08-01 10:00:00+00:00,1953.546,1955.967,1941.267,1944.199,31141.0,12,1,8,1
2023-08-01 14:00:00+00:00,1944.169,1945.501,1941.209,1944.37,11051.0,16,1,8,3
2023-08-01 18:00:00+00:00,1944.402,1952.858,1944.04,1952.146,9552.0,20,1,8,0
2023-08-01 22:00:00+00:00,1952.14,1952.381,1946.676,1949.275,13917.0,0,2,8,0
2023-08-02 02:00:00+00:00,1949.268,1950.351,1945.265,1948.372,14193.0,4,2,8,0
2023-08-02 06:00:00+00:00,1948.414,1954.752,1948.26,1950.621,14589.0,8,2,8,0
2023-08-02 10:00:00+00:00,1950.657,1951.821,1932.864,1935.52,31637.0,12,2,8,1
2023-08-02 14:00:00+00:00,1935.489,1939.091,1934.979,1935.194,12144.0,16,2,8,3
2023-08-02 18:00:00+00:00,1935.182,1936.927,1934.388,1936.0,4298.0,20,2,8,0
2023-08-02 22:00:00+00:00,1936.025,1938.822,1933.717,1937.228,11144.0,0,3,8,0
2023-08-03 02:00:00+00:00,1937.249,1938.206,1930.637,1936.873,15997.0,4,3,8,0
2023-08-03 06:00:00+00:00,1936.881,1938.37,1932.804,1935.001,16540.0,8,3,8,0
2023-08-03 10:00:00+00:00,1935.0,1938.674,1929.496,1933.021,34139.0,12,3,8,1
2023-08-03 14:00:00+00:00,1933.021,1935.882,1932.49,1934.212,11024.0,16,3,8,3
2023-08-03 18:00:00+00:00,1934.207,1937.002,1933.925,1935.774,4905.0,20,3,8,0
2023-08-03 22:00:00+00:00,1935.747,1937.814,1934.27,1935.16,12477.0,0,4,8,0
2023-08-04 02:00:00+00:00,1935.16,1937.429,1932.086,1932.832,13247.0,4,4,8,0
2023-08-04 06:00:00+00:00,1932.855,1934.142,1931.219,1932.269,12430.0,8,4,8,0
2023-08-04 10:00:00+00:00,1932.27,1946.752,1925.071,1942.672,36783.0,12,4,8,1
2023-08-04 14:00:00+00:00,1942.64,1943.486,1939.779,1941.338,11951.0,16,4,8,3
2023-08-04 18:00:00+00:00,1941.306,1943.279,1941.138,1942.483,1956.0,20,4,8,0
2023-08-06 18:00:00+00:00,1942.56,1946.648,1942.415,1943.79,4378.0,20,6,8,0
2023-08-06 22:00:00+00:00,1943.785,1945.267,1938.156,1939.32,11245.0,0,0,8,0
2023-08-07 02:00:00+00:00,1939.299,1939.448,1935.226,1936.728,12725.0,4,0,8,0
2023-08-07 06:00:00+00:00,1936.714,1937.563,1933.36,1936.18,13008.0,8,0,8,0
2023-08-07 10:00:00+00:00,1936.172,1941.653,1931.441,1932.46,19819.0,12,0,8,1
2023-08-07 14:00:00+00:00,1932.464,1937.591,1932.074,1936.65,10665.0,16,0,8,3
2023-08-07 18:00:00+00:00,1936.619,1938.031,1935.561,1936.732,4511.0,20,0,8,0
2023-08-07 22:00:00+00:00,1936.763,1937.305,1931.087,1933.105,12350.0,0,1,8,0
2023-08-08 02:00:00+00:00,1933.074,1934.813,1930.162,1930.38,12924.0,4,1,8,0
2023-08-08 06:00:00+00:00,1930.393,1935.601,1928.087,1928.916,15271.0,8,1,8,0
2023-08-08 10:00:00+00:00,1928.925,1931.997,1922.573,1925.774,25394.0,12,1,8,1
2023-08-08 14:00:00+00:00,1925.777,1928.401,1923.561,1924.796,11618.0,16,1,8,3
2023-08-08 18:00:00+00:00,1924.764,1925.699,1924.491,1925.569,3415.0,20,1,8,0
2023-08-08 22:00:00+00:00,1925.574,1930.816,1924.188,1930.111,11470.0,0,2,8,0
2023-08-09 02:00:00+00:00,1930.103,1932.204,1928.535,1930.543,11857.0,4,2,8,0
2023-08-09 06:00:00+00:00,1930.515,1930.769,1923.109,1924.564,12357.0,8,2,8,0
2023-08-09 10:00:00+00:00,1924.529,1927.524,1915.593,1916.653,23134.0,12,2,8,1
2023-08-09 14:00:00+00:00,1916.683,1918.12,1915.413,1915.493,11446.0,16,2,8,3
2023-08-09 18:00:00+00:00,1915.462,1916.892,1914.027,1916.688,4356.0,20,2,8,0
2023-08-09 22:00:00+00:00,1916.688,1919.13,1915.363,1918.637,11200.0,0,3,8,0
2023-08-10 02:00:00+00:00,1918.636,1920.576,1915.465,1919.316,12107.0,4,3,8,0
2023-08-10 06:00:00+00:00,1919.314,1922.628,1918.575,1921.817,12272.0,8,3,8,0
2023-08-10 10:00:00+00:00,1921.811,1929.986,1912.872,1919.961,35629.0,12,3,8,1
2023-08-10 14:00:00+00:00,1919.995,1921.66,1912.839,1913.289,14790.0,16,3,8,3
2023-08-10 18:00:00+00:00,1913.255,1913.626,1910.556,1912.358,4791.0,20,3,8,0
2023-08-10 22:00:00+00:00,1912.358,1915.952,1911.857,1914.581,10567.0,0,4,8,0
2023-08-11 02:00:00+00:00,1914.581,1917.965,1912.584,1917.851,11699.0,4,4,8,0
2023-08-11 06:00:00+00:00,1917.844,1919.769,1916.021,1918.954,11610.0,8,4,8,0
2023-08-11 10:00:00+00:00,1918.972,1920.882,1912.837,1913.978,26878.0,12,4,8,1
2023-08-11 14:00:00+00:00,1913.992,1915.443,1912.175,1913.548,10824.0,16,4,8,3
2023-08-11 18:00:00+00:00,1913.517,1913.993,1912.893,1913.786,1283.0,20,4,8,0
2023-08-13 18:00:00+00:00,1913.666,1915.181,1912.345,1913.62,3311.0,20,6,8,0
2023-08-13 22:00:00+00:00,1913.62,1913.719,1910.01,1912.696,12689.0,0,0,8,0
2023-08-14 02:00:00+00:00,1912.694,1915.913,1910.41,1914.408,12288.0,4,0,8,0
2023-08-14 06:00:00+00:00,1914.439,1916.156,1912.193,1913.927,12179.0,8,0,8,0
2023-08-14 10:00:00+00:00,1913.922,1913.978,1902.465,1910.612,24635.0,12,0,8,1
2023-08-14 14:00:00+00:00,1910.581,1913.155,1907.175,1907.563,11659.0,16,0,8,3
2023-08-14 18:00:00+00:00,1907.523,1908.039,1904.751,1907.557,4259.0,20,0,8,0
2023-08-14 22:00:00+00:00,1907.567,1907.963,1903.573,1907.124,12774.0,0,1,8,0
2023-08-15 02:00:00+00:00,1907.125,1907.455,1903.429,1904.921,12989.0,4,1,8,0
2023-08-15 06:00:00+00:00,1904.926,1905.119,1901.808,1904.166,13946.0,8,1,8,0
2023-08-15 10:00:00+00:00,1904.167,1911.563,1896.208,1906.82,31300.0,12,1,8,1
2023-08-15 14:00:00+00:00,1906.802,1907.377,1902.425,1902.664,13318.0,16,1,8,3
2023-08-15 18:00:00+00:00,1902.632,1903.54,1900.194,1901.419,4925.0,20,1,8,0
2023-08-15 22:00:00+00:00,1901.412,1905.135,1900.446,1904.071,11656.0,0,2,8,0
2023-08-16 02:00:00+00:00,1904.061,1906.508,1902.691,1904.51,11842.0,4,2,8,0
2023-08-16 06:00:00+00:00,1904.511,1907.146,1903.041,1903.087,11924.0,8,2,8,0
2023-08-16 10:00:00+00:00,1903.056,1906.383,1899.308,1901.885,21023.0,12,2,8,1
2023-08-16 14:00:00+00:00,1901.872,1902.53,1891.652,1892.146,15912.0,16,2,8,3
2023-08-16 18:00:00+00:00,1892.183,1894.924,1891.798,1893.295,6267.0,20,2,8,0
2023-08-16 22:00:00+00:00,1893.298,1893.906,1889.275,1892.721,12723.0,0,3,8,0
2023-08-17 02:00:00+00:00,1892.721,1897.499,1892.051,1896.389,11611.0,4,3,8,0
2023-08-17 06:00:00+00:00,1896.385,1899.437,1893.604,1898.822,13699.0,8,3,8,0
2023-08-17 10:00:00+00:00,1898.791,1903.413,1889.09,1889.428,25151.0,12,3,8,1
2023-08-17 14:00:00+00:00,1889.416,1891.165,1884.996,1889.039,13921.0,16,3,8,3
2023-08-17 18:00:00+00:00,1888.999,1891.553,1888.352,1891.227,4582.0,20,3,8,0
2023-08-17 22:00:00+00:00,1891.231,1895.011,1890.633,1892.674,12234.0,0,4,8,0
2023-08-18 02:00:00+00:00,1892.674,1894.059,1891.099,1892.547,12737.0,4,4,8,0
2023-08-18 06:00:00+00:00,1892.53,1895.498,1891.35,1893.733,11976.0,8,4,8,0
2023-08-18 10:00:00+00:00,1893.721,1896.549,1888.425,1891.206,21516.0,12,4,8,1
2023-08-18 14:00:00+00:00,1891.176,1891.897,1886.724,1889.248,11949.0,16,4,8,3
2023-08-18 18:00:00+00:00,1889.21,1889.935,1888.309,1889.529,1552.0,20,4,8,0
2023-08-20 18:00:00+00:00,1889.357,1890.823,1888.8,1889.919,3175.0,20,6,8,0
2023-08-20 22:00:00+00:00,1889.934,1893.481,1884.547,1891.643,13266.0,0,0,8,0
2023-08-21 02:00:00+00:00,1891.628,1894.015,1887.372,1888.104,13403.0,4,0,8,0
2023-08-21 06:00:00+00:00,1888.102,1893.109,1886.76,1893.029,13271.0,8,0,8,0
2023-08-21 10:00:00+00:00,1893.002,1898.65,1885.216,1889.148,24740.0,12,0,8,1
2023-08-21 14:00:00+00:00,1889.146,1895.337,1889.072,1894.268,11639.0,16,0,8,3
2023-08-21 18:00:00+00:00,1894.237,1895.99,1894.2,1894.664,3446.0,20,0,8,0
2023-08-21 22:00:00+00:00,1894.674,1897.257,1893.62,1896.016,12175.0,0,1,8,0
2023-08-22 02:00:00+00:00,1896.029,1901.659,1893.79,1901.445,12629.0,4,1,8,0
2023-08-22 06:00:00+00:00,1901.449,1904.41,1898.367,1902.113,13135.0,8,1,8,0
2023-08-22 10:00:00+00:00,1902.112,1903.368,1889.052,1897.808,23030.0,12,1,8,1
2023-08-22 14:00:00+00:00,1897.839,1898.876,1896.37,1897.571,10325.0,16,1,8,3
2023-08-22 18:00:00+00:00,1897.547,1898.569,1897.063,1898.478,2703.0,20,1,8,0
2023-08-22 22:00:00+00:00,1898.476,1902.74,1898.432,1901.524,11178.0,0,2,8,0
2023-08-23 02:00:00+00:00,1901.524,1904.665,1900.68,1903.587,13087.0,4,2,8,0
2023-08-23 06:00:00+00:00,1903.553,1905.291,1901.235,1903.259,13345.0,8,2,8,0
2023-08-23 10:00:00+00:00,1903.26,1918.877,1902.611,1918.268,27887.0,12,2,8,1
2023-08-23 14:00:00+00:00,1918.27,1920.292,1916.264,1916.831,12086.0,16,2,8,3
2023-08-23 18:00:00+00:00,1916.802,1918.005,1914.442,1917.849,4914.0,20,2,8,0
2023-08-23 22:00:00+00:00,1917.849,1921.6,1917.295,1920.867,11655.0,0,3,8,0
2023-08-24 02:00:00+00:00,1920.87,1922.753,1919.423,1919.506,13726.0,4,3,8,0
2023-08-24 06:00:00+00:00,1919.539,1921.94,1916.394,1916.567,12061.0,8,3,8,0
2023-08-24 10:00:00+00:00,1916.566,1923.147,1911.704,1921.007,22961.0,12,3,8,1
2023-08-24 14:00:00+00:00,1920.974,1921.408,1916.635,1916.738,11301.0,16,3,8,3
2023-08-24 18:00:00+00:00,1916.775,1917.481,1915.638,1915.847,3611.0,20,3,8,0
2023-08-24 22:00:00+00:00,1915.845,1917.516,1913.147,1913.417,10522.0,0,4,8,0
2023-08-25 02:00:00+00:00,1913.416,1915.939,1912.733,1914.149,11770.0,4,4,8,0
2023-08-25 06:00:00+00:00,1914.146,1918.375,1913.29,1918.276,11015.0,8,4,8,0
2023-08-25 10:00:00+00:00,1918.245,1922.208,1903.541,1907.747,32563.0,12,4,8,1
2023-08-25 14:00:00+00:00,1907.784,1914.694,1907.58,1914.31,13194.0,16,4,8,3
2023-08-25 18:00:00+00:00,1914.292,1914.917,1913.287,1914.321,1374.0,20,4,8,0
2023-08-27 18:00:00+00:00,1915.974,1916.068,1914.322,1915.028,3310.0,20,6,8,0
2023-08-27 22:00:00+00:00,1915.029,1917.352,1914.549,1916.222,10736.0,0,0,8,0
2023-08-28 02:00:00+00:00,1916.222,1917.719,1914.294,1914.464,10304.0,4,0,8,0
2023-08-28 06:00:00+00:00,1914.495,1915.641,1913.477,1914.757,9736.0,8,0,8,0
2023-08-28 10:00:00+00:00,1914.757,1925.991,1912.694,1924.732,18831.0,12,0,8,1
2023-08-28 14:00:00+00:00,1924.727,1925.195,1916.853,1919.659,11077.0,16,0,8,3
2023-08-28 18:00:00+00:00,1919.676,1921.576,1919.591,1921.186,2787.0,20,0,8,0
2023-08-28 22:00:00+00:00,1921.199,1925.763,1921.009,1925.36,9815.0,0,1,8,0
2023-08-29 02:00:00+00:00,1925.348,1925.547,1921.585,1923.183,10620.0,4,1,8,0
2023-08-29 06:00:00+00:00,1923.216,1924.407,1916.679,1917.184,12111.0,8,1,8,0
2023-08-29 10:00:00+00:00,1917.184,1937.58,1914.407,1936.727,26346.0,12,1,8,1
2023-08-29 14:00:00+00:00,1936.701,1938.12,1934.039,1937.991,12091.0,16,1,8,3
2023-08-29 18:00:00+00:00,1938.018,1938.018,1935.924,1936.168,3884.0,20,1,8,0
2023-08-29 22:00:00+00:00,1936.176,1937.467,1935.36,1936.739,9971.0,0,2,8,0
2023-08-30 02:00:00+00:00,1936.738,1937.077,1934.94,1936.458,10833.0,4,2,8,0
2023-08-30 06:00:00+00:00,1936.488,1939.606,1935.445,1939.065,11968.0,8,2,8,0
2023-08-30 10:00:00+00:00,1939.053,1949.006,1938.747,1944.911,26989.0,12,2,8,1
2023-08-30 14:00:00+00:00,1944.88,1945.564,1942.782,1943.385,10797.0,16,2,8,3
2023-08-30 18:00:00+00:00,1943.409,1945.424,1942.073,1944.185,5120.0,20,2,8,0
2023-08-30 22:00:00+00:00,1944.195,1947.66,1944.106,1945.136,9723.0,0,3,8,0
2023-08-31 02:00:00+00:00,1945.105,1946.253,1943.195,1945.035,10294.0,4,3,8,0
2023-08-31 06:00:00+00:00,1945.043,1945.869,1943.62,1945.633,11370.0,8,3,8,0
2023-08-31 10:00:00+00:00,1945.635,1947.72,1939.033,1940.592,24861.0,12,3,8,1
2023-08-31 14:00:00+00:00,1940.595,1942.448,1939.047,1940.019,10527.0,16,3,8,3
2023-08-31 18:00:00+00:00,1940.054,1940.509,1939.043,1939.824,3852.0,20,3,8,0
2023-08-31 22:00:00+00:00,1939.828,1943.911,1938.638,1938.907,10757.0,0,4,9,0
2023-09-01 02:00:00+00:00,1938.899,1943.458,1938.191,1943.072,10521.0,4,4,9,0
2023-09-01 06:00:00+00:00,1943.064,1945.822,1941.873,1944.442,10521.0,8,4,9,0
2023-09-01 10:00:00+00:00,1944.432,1952.748,1934.334,1938.779,34449.0,12,4,9,1
2023-09-01 14:00:00+00:00,1938.78,1941.53,1937.31,1940.49,10481.0,16,4,9,3
2023-09-01 18:00:00+00:00,1940.491,1940.667,1939.225,1939.704,1227.0,20,4,9,0
2023-09-03 18:00:00+00:00,1939.987,1941.0,1939.406,1940.558,2143.0,20,6,9,0
2023-09-03 22:00:00+00:00,1940.557,1946.04,1940.098,1944.931,10562.0,0,0,9,0
2023-09-04 02:00:00+00:00,1944.921,1946.232,1943.078,1943.78,10621.0,4,0,9,0
2023-09-04 06:00:00+00:00,1943.775,1944.417,1939.816,1941.589,9990.0,8,0,9,0
2023-09-04 10:00:00+00:00,1941.6,1941.68,1936.688,1938.598,11222.0,12,0,9,1
2023-09-04 14:00:00+00:00,1938.597,1938.822,1937.931,1938.118,1935.0,16,0,9,3
2023-09-04 18:00:00+00:00,1938.457,1938.742,1937.628,1937.659,2037.0,20,0,9,0
2023-09-04 22:00:00+00:00,1937.551,1938.618,1934.72,1936.926,10196.0,0,1,9,0
2023-09-05 02:00:00+00:00,1936.926,1938.927,1935.172,1935.541,11526.0,4,1,9,0
2023-09-05 06:00:00+00:00,1935.54,1935.624,1929.911,1930.428,12621.0,8,1,9,0
2023-09-05 10:00:00+00:00,1930.398,1934.576,1925.272,1926.07,24959.0,12,1,9,1
2023-09-05 14:00:00+00:00,1926.039,1927.878,1925.412,1925.78,10115.0,16,1,9,3
2023-09-05 18:00:00+00:00,1925.811,1926.883,1925.387,1926.559,3465.0,20,1,9,0
2023-09-05 22:00:00+00:00,1926.559,1926.695,1924.189,1926.501,10069.0,0,2,9,0
2023-09-06 02:00:00+00:00,1926.494,1928.428,1922.81,1922.891,11531.0,4,2,9,0
2023-09-06 06:00:00+00:00,1922.925,1927.693,1922.538,1925.371,11588.0,8,2,9,0
2023-09-06 10:00:00+00:00,1925.363,1929.097,1915.203,1916.736,25748.0,12,2,9,1
2023-09-06 14:00:00+00:00,1916.739,1920.622,1915.959,1916.642,10209.0,16,2,9,3
2023-09-06 18:00:00+00:00,1916.672,1918.103,1915.921,1917.091,3720.0,20,2,9,0
2023-09-06 22:00:00+00:00,1917.086,1920.662,1916.283,1920.117,9780.0,0,3,9,0
2023-09-07 02:00:00+00:00,1920.1,1920.209,1917.069,1918.344,11120.0,4,3,9,0
2023-09-07 06:00:00+00:00,1918.312,1922.257,1917.336,1921.773,11128.0,8,3,9,0
2023-09-07 10:00:00+00:00,1921.787,1923.521,1916.163,1920.906,21483.0,12,3,9,1
2023-09-07 14:00:00+00:00,1920.903,1921.378,1917.414,1918.716,9036.0,16,3,9,3
2023-09-07 18:00:00+00:00,1918.748,1920.294,1918.748,1920.247,3154.0,20,3,9,0
2023-09-07 22:00:00+00:00,1920.255,1927.131,1920.063,1924.905,12848.0,0,4,9,0
2023-09-08 02:00:00+00:00,1924.905,1927.236,1923.81,1924.073,10415.0,4,4,9,0
2023-09-08 06:00:00+00:00,1924.066,1925.813,1922.608,1922.953,10863.0,8,4,9,0
2023-09-08 10:00:00+00:00,1922.954,1929.639,1919.149,1919.546,20863.0,12,4,9,1
2023-09-08 14:00:00+00:00,1919.545,1920.631,1917.247,1919.156,8976.0,16,4,9,3
2023-09-08 18:00:00+00:00,1919.146,1919.348,1918.756,1918.973,1009.0,20,4,9,0
2023-09-10 18:00:00+00:00,1919.621,1919.653,1916.576,1918.801,4003.0,20,6,9,0
2023-09-10 22:00:00+00:00,1918.795,1924.001,1918.316,1923.274,12427.0,0,0,9,0
2023-09-11 02:00:00+00:00,1923.274,1930.44,1922.921,1926.422,14490.0,4,0,9,0
2023-09-11 06:00:00+00:00,1926.392,1927.977,1924.623,1925.167,11759.0,8,0,9,0
2023-09-11 10:00:00+00:00,1925.16,1930.013,1921.344,1922.987,19553.0,12,0,9,1
2023-09-11 14:00:00+00:00,1922.987,1925.038,1921.436,1922.7,9557.0,16,0,9,3
2023-09-11 18:00:00+00:00,1922.668,1923.236,1921.205,1921.624,3244.0,20,0,9,0
2023-09-11 22:00:00+00:00,1921.59,1924.282,1920.311,1923.623,10664.0,0,1,9,0
2023-09-12 02:00:00+00:00,1923.623,1924.447,1918.763,1918.968,10968.0,4,1,9,0
2023-09-12 06:00:00+00:00,1918.967,1921.298,1910.826,1912.936,13255.0,8,1,9,0
2023-09-12 10:00:00+00:00,1912.936,1914.543,1907.232,1912.411,21011.0,12,1,9,1
2023-09-12 14:00:00+00:00,1912.422,1915.007,1911.68,1912.942,9916.0,16,1,9,3
2023-09-12 18:00:00+00:00,1912.927,1913.778,1912.434,1912.858,3470.0,20,1,9,0
2023-09-12 22:00:00+00:00,1912.857,1913.781,1908.168,1909.604,11066.0,0,2,9,0
2023-09-13 02:00:00+00:00,1909.602,1912.6,1908.154,1911.997,12202.0,4,2,9,0
2023-09-13 06:00:00+00:00,1911.988,1913.055,1910.739,1912.262,10950.0,8,2,9,0
2023-09-13 10:00:00+00:00,1912.262,1915.696,1905.456,1910.375,30432.0,12,2,9,1
2023-09-13 14:00:00+00:00,1910.376,1911.631,1908.129,1908.739,10965.0,16,2,9,3
2023-09-13 18:00:00+00:00,1908.767,1909.776,1907.431,1909.176,4005.0,20,2,9,0
2023-09-13 22:00:00+00:00,1909.169,1912.856,1908.763,1909.643,12237.0,0,3,9,0
2023-09-14 02:00:00+00:00,1909.641,1910.983,1905.166,1905.818,11679.0,4,3,9,0
2023-09-14 06:00:00+00:00,1905.817,1909.078,1905.498,1907.458,11385.0,8,3,9,0
2023-09-14 10:00:00+00:00,1907.488,1911.332,1900.968,1907.913,31455.0,12,3,9,1
2023-09-14 14:00:00+00:00,1907.92,1912.03,1907.903,1909.412,11904.0,16,3,9,3
2023-09-14 18:00:00+00:00,1909.377,1911.026,1909.178,1909.735,3893.0,20,3,9,0
2023-09-14 22:00:00+00:00,1909.766,1915.941,1909.766,1915.55,12164.0,0,4,9,0
2023-09-15 02:00:00+00:00,1915.538,1919.505,1914.893,1917.973,13749.0,4,4,9,0
2023-09-15 06:00:00+00:00,1917.972,1919.902,1916.697,1919.146,11692.0,8,4,9,0
2023-09-15 10:00:00+00:00,1919.153,1930.372,1915.72,1926.378,24828.0,12,4,9,1
2023-09-15 14:00:00+00:00,1926.381,1927.804,1922.353,1922.45,11145.0,16,4,9,3
2023-09-15 18:00:00+00:00,1922.483,1923.868,1922.378,1923.831,1767.0,20,4,9,0
2023-09-17 18:00:00+00:00,1924.077,1924.53,1922.547,1923.227,2713.0,20,6,9,0
2023-09-17 22:00:00+00:00,1923.227,1929.448,1923.192,1928.838,11722.0,0,0,9,0
2023-09-18 02:00:00+00:00,1928.807,1930.57,1926.411,1926.44,12392.0,4,0,9,0
2023-09-18 06:00:00+00:00,1926.41,1928.126,1925.043,1926.77,10898.0,8,0,9,0
2023-09-18 10:00:00+00:00,1926.755,1929.379,1922.773,1928.965,18190.0,12,0,9,1
2023-09-18 14:00:00+00:00,1928.998,1933.534,1927.696,1933.282,10225.0,16,0,9,3
2023-09-18 18:00:00+00:00,1933.251,1934.453,1933.034,1934.04,3772.0,20,0,9,0
2023-09-18 22:00:00+00:00,1934.061,1934.534,1931.683,1932.227,9266.0,0,1,9,0
2023-09-19 02:00:00+00:00,1932.226,1934.752,1929.8,1934.407,10422.0,4,1,9,0
2023-09-19 06:00:00+00:00,1934.408,1936.745,1933.426,1935.207,9752.0,8,1,9,0
2023-09-19 10:00:00+00:00,1935.215,1937.345,1931.001,1933.056,18756.0,12,1,9,1
2023-09-19 14:00:00+00:00,1933.07,1933.687,1929.723,1931.895,10076.0,16,1,9,3
2023-09-19 18:00:00+00:00,1931.861,1932.307,1930.868,1931.319,3296.0,20,1,9,0
2023-09-19 22:00:00+00:00,1931.317,1931.491,1928.232,1930.551,9706.0,0,2,9,0
2023-09-20 02:00:00+00:00,1930.552,1932.281,1927.837,1928.668,10985.0,4,2,9,0
2023-09-20 06:00:00+00:00,1928.637,1932.669,1928.608,1932.034,10607.0,8,2,9,0
2023-09-20 10:00:00+00:00,1932.048,1945.774,1930.908,1941.82,19423.0,12,2,9,1
2023-09-20 14:00:00+00:00,1941.796,1947.361,1932.811,1932.956,25036.0,16,2,9,3
2023-09-20 18:00:00+00:00,1932.988,1933.639,1929.121,1929.424,7094.0,20,2,9,0
2023-09-20 22:00:00+00:00,1929.428,1929.657,1924.189,1928.299,12477.0,0,3,9,0
2023-09-21 02:00:00+00:00,1928.3,1930.451,1926.318,1927.12,11605.0,4,3,9,0
2023-09-21 06:00:00+00:00,1927.089,1927.382,1920.189,1920.705,13986.0,8,3,9,0
2023-09-21 10:00:00+00:00,1920.712,1923.774,1913.791,1917.397,28742.0,12,3,9,1
2023-09-21 14:00:00+00:00,1917.428,1921.218,1916.242,1919.699,11616.0,16,3,9,3
2023-09-21 18:00:00+00:00,1919.691,1921.5,1919.329,1921.353,4184.0,20,3,9,0
2023-09-21 22:00:00+00:00,1921.361,1925.49,1921.19,1923.776,11231.0,0,4,9,0
2023-09-22 02:00:00+00:00,1923.776,1928.63,1923.371,1927.963,12932.0,4,4,9,0
2023-09-22 06:00:00+00:00,1927.929,1927.948,1924.261,1925.507,11928.0,8,4,9,0
2023-09-22 10:00:00+00:00,1925.507,1929.046,1924.1,1927.669,19220.0,12,4,9,1
2023-09-22 14:00:00+00:00,1927.666,1928.478,1924.242,1925.336,10077.0,16,4,9,3
2023-09-22 18:00:00+00:00,1925.304,1925.52,1924.594,1925.231,1182.0,20,4,9,0
2023-09-24 18:00:00+00:00,1926.116,1926.294,1924.402,1924.717,3126.0,20,6,9,0
2023-09-24 22:00:00+00:00,1924.73,1925.264,1922.608,1923.582,9362.0,0,0,9,0
2023-09-25 02:00:00+00:00,1923.579,1927.147,1920.827,1923.449,10878.0,4,0,9,0
2023-09-25 06:00:00+00:00,1923.448,1924.951,1920.97,1924.019,12568.0,8,0,9,0
2023-09-25 10:00:00+00:00,1923.987,1926.8,1915.011,1917.417,22489.0,12,0,9,1
2023-09-25 14:00:00+00:00,1917.41,1918.22,1915.144,1915.454,10564.0,16,0,9,3
2023-09-25 18:00:00+00:00,1915.475,1916.744,1915.397,1916.207,2885.0,20,0,9,0
2023-09-25 22:00:00+00:00,1916.209,1916.447,1912.928,1913.592,9618.0,0,1,9,0
2023-09-26 02:00:00+00:00,1913.59,1915.133,1909.505,1913.637,10463.0,4,1,9,0
2023-09-26 06:00:00+00:00,1913.674,1915.577,1910.518,1911.534,12247.0,8,1,9,0
2023-09-26 10:00:00+00:00,1911.532,1912.791,1900.442,1902.352,23205.0,12,1,9,1
2023-09-26 14:00:00+00:00,1902.366,1903.598,1899.103,1900.456,12357.0,16,1,9,3
2023-09-26 18:00:00+00:00,1900.496,1902.032,1900.238,1901.529,3580.0,20,1,9,0
2023-09-26 22:00:00+00:00,1901.524,1903.712,1899.302,1899.873,10462.0,0,2,9,0
2023-09-27 02:00:00+00:00,1899.864,1899.864,1895.473,1896.619,12684.0,4,2,9,0
2023-09-27 06:00:00+00:00,1896.588,1897.799,1892.469,1892.851,12677.0,8,2,9,0
2023-09-27 10:00:00+00:00,1892.842,1893.052,1879.805,1881.49,22733.0,12,2,9,1
2023-09-27 14:00:00+00:00,1881.525,1881.591,1872.507,1876.67,16182.0,16,2,9,3
2023-09-27 18:00:00+00:00,1876.701,1877.65,1874.599,1877.562,4783.0,20,2,9,0
2023-09-27 22:00:00+00:00,1877.583,1877.853,1873.566,1874.63,10905.0,0,3,9,0
2023-09-28 02:00:00+00:00,1874.611,1878.17,1873.689,1875.68,13335.0,4,3,9,0
2023-09-28 06:00:00+00:00,1875.714,1877.125,1873.636,1875.972,13015.0,8,3,9,0
2023-09-28 10:00:00+00:00,1875.984,1879.49,1857.644,1864.718,30526.0,12,3,9,1
2023-09-28 14:00:00+00:00,1864.758,1867.276,1860.947,1867.102,14771.0,16,3,9,3
2023-09-28 18:00:00+00:00,1867.071,1867.225,1863.775,1866.7,5287.0,20,3,9,0
2023-09-28 22:00:00+00:00,1866.695,1867.204,1862.89,1863.302,9737.0,0,4,9,0
2023-09-29 02:00:00+00:00,1863.301,1873.947,1863.072,1873.502,12504.0,4,4,9,0
2023-09-29 06:00:00+00:00,1873.528,1873.724,1867.53,1869.425,13971.0,8,4,9,0
2023-09-29 10:00:00+00:00,1869.424,1879.801,1852.194,1854.741,34398.0,12,4,9,1
2023-09-29 14:00:00+00:00,1854.773,1856.417,1846.282,1848.23,15422.0,16,4,9,3
2023-09-29 18:00:00+00:00,1848.199,1849.854,1847.686,1848.796,2117.0,20,4,9,0
2023-10-01 18:00:00+00:00,1847.284,1848.678,1845.687,1848.314,4065.0,20,6,10,0
2023-10-01 22:00:00+00:00,1848.314,1848.885,1842.85,1843.436,8917.0,0,0,10,0
2023-10-02 02:00:00+00:00,1843.432,1846.183,1839.257,1839.776,13033.0,4,0,10,0
2023-10-02 06:00:00+00:00,1839.744,1843.168,1831.045,1837.264,16711.0,8,0,10,0
2023-10-02 10:00:00+00:00,1837.263,1840.559,1827.113,1832.544,31153.0,12,0,10,1
2023-10-02 14:00:00+00:00,1832.576,1833.566,1829.164,1829.306,14740.0,16,0,10,3
2023-10-02 18:00:00+00:00,1829.276,1829.587,1820.404,1824.944,7150.0,20,0,10,0
2023-10-02 22:00:00+00:00,1824.919,1825.179,1815.218,1820.49,13656.0,0,1,10,0
2023-10-03 02:00:00+00:00,1820.494,1824.586,1818.158,1823.999,14718.0,4,1,10,0
2023-10-03 06:00:00+00:00,1824.025,1829.087,1823.62,1825.909,16103.0,8,1,10,0
2023-10-03 10:00:00+00:00,1825.908,1833.344,1819.247,1824.787,46474.0,12,1,10,1
2023-10-03 14:00:00+00:00,1824.819,1828.045,1821.853,1823.856,16601.0,16,1,10,3
2023-10-03 18:00:00+00:00,1823.886,1824.955,1822.129,1823.303,5197.0,20,1,10,0
2023-10-03 22:00:00+00:00,1823.303,1824.996,1819.6,1820.731,12474.0,0,2,10,0
2023-10-04 02:00:00+00:00,1820.73,1823.787,1816.669,1823.064,14586.0,4,2,10,0
2023-10-04 06:00:00+00:00,1823.033,1827.128,1820.231,1824.949,16810.0,8,2,10,0
2023-10-04 10:00:00+00:00,1824.945,1830.542,1817.07,1823.718,36843.0,12,2,10,1
2023-10-04 14:00:00+00:00,1823.817,1823.983,1816.556,1823.286,15715.0,16,2,10,3
2023-10-04 18:00:00+00:00,1823.321,1823.985,1820.45,1822.524,4685.0,20,2,10,0
2023-10-04 22:00:00+00:00,1822.472,1828.672,1821.775,1828.297,11147.0,0,3,10,0
2023-10-05 02:00:00+00:00,1828.328,1829.173,1819.841,1820.69,12711.0,4,3,10,0
2023-10-05 06:00:00+00:00,1820.719,1823.932,1819.629,1822.994,14152.0,8,3,10,0
2023-10-05 10:00:00+00:00,1822.99,1823.842,1812.994,1815.479,30740.0,12,3,10,1
2023-10-05 14:00:00+00:00,1815.471,1820.802,1814.804,1820.301,14491.0,16,3,10,3
2023-10-05 18:00:00+00:00,1820.332,1823.102,1819.42,1821.272,3710.0,20,3,10,0
2023-10-05 22:00:00+00:00,1821.272,1824.4,1819.658,1823.944,9790.0,0,4,10,0
2023-10-06 02:00:00+00:00,1823.905,1824.51,1818.561,1821.348,11419.0,4,4,10,0
2023-10-06 06:00:00+00:00,1821.335,1825.05,1819.274,1821.209,13390.0,8,4,10,0
2023-10-06 10:00:00+00:00,1821.206,1834.832,1810.402,1832.556,44522.0,12,4,10,1
2023-10-06 14:00:00+00:00,1832.534,1833.93,1828.762,1829.386,15638.0,16,4,10,3
2023-10-06 18:00:00+00:00,1829.354,1832.166,1828.94,1831.9,1902.0,20,4,10,0
2023-10-08 18:00:00+00:00,1853.39,1854.643,1845.525,1847.965,10973.0,20,6,10,0
2023-10-08 22:00:00+00:00,1847.992,1852.726,1846.237,1851.044,15295.0,0,0,10,0
2023-10-09 02:00:00+00:00,1851.074,1854.361,1848.02,1850.426,14820.0,4,0,10,0
2023-10-09 06:00:00+00:00,1850.39,1852.262,1848.882,1849.948,12570.0,8,0,10,0
2023-10-09 10:00:00+00:00,1849.985,1853.129,1844.161,1851.54,23788.0,12,0,10,1
2023-10-09 14:00:00+00:00,1851.539,1863.416,1848.633,1863.223,13335.0,16,0,10,3
2023-10-09 18:00:00+00:00,1863.191,1863.191,1860.342,1862.536,4680.0,20,0,10,0
2023-10-09 22:00:00+00:00,1862.582,1865.278,1861.366,1862.42,14306.0,0,1,10,0
2023-10-10 02:00:00+00:00,1862.42,1862.46,1855.135,1857.335,15162.0,4,1,10,0
2023-10-10 06:00:00+00:00,1857.341,1859.733,1854.815,1857.127,15871.0,8,1,10,0
2023-10-10 10:00:00+00:00,1857.157,1862.258,1852.97,1861.253,24855.0,12,1,10,1
2023-10-10 14:00:00+00:00,1861.245,1862.721,1858.061,1860.103,14293.0,16,1,10,3
2023-10-10 18:00:00+00:00,1860.071,1860.723,1859.329,1859.647,3605.0,20,1,10,0
2023-10-10 22:00:00+00:00,1859.633,1862.07,1859.531,1860.057,10966.0,0,2,10,0
2023-10-11 02:00:00+00:00,1860.057,1868.123,1858.59,1867.911,13022.0,4,2,10,0
2023-10-11 06:00:00+00:00,1867.881,1874.712,1866.876,1870.971,15436.0,8,2,10,0
2023-10-11 10:00:00+00:00,1870.971,1875.003,1867.347,1872.995,26915.0,12,2,10,1
2023-10-11 14:00:00+00:00,1873.027,1877.152,1870.783,1873.584,15547.0,16,2,10,3
2023-10-11 18:00:00+00:00,1873.614,1875.663,1873.297,1875.25,4030.0,20,2,10,0
2023-10-11 22:00:00+00:00,1875.251,1878.679,1874.453,1877.592,11116.0,0,3,10,0
2023-10-12 02:00:00+00:00,1877.623,1882.592,1876.738,1878.855,12069.0,4,3,10,0
2023-10-12 06:00:00+00:00,1878.824,1884.434,1878.604,1883.494,12940.0,8,3,10,0
2023-10-12 10:00:00+00:00,1883.497,1884.918,1870.689,1872.283,30446.0,12,3,10,1
2023-10-12 14:00:00+00:00,1872.313,1873.589,1867.883,1868.298,16017.0,16,3,10,3
2023-10-12 18:00:00+00:00,1868.257,1871.177,1868.257,1870.555,3862.0,20,3,10,0
2023-10-12 22:00:00+00:00,1870.546,1873.956,1870.055,1873.643,10345.0,0,4,10,0
2023-10-13 02:00:00+00:00,1873.643,1883.071,1873.541,1882.093,13246.0,4,4,10,0
2023-10-13 06:00:00+00:00,1882.112,1899.822,1881.87,1896.419,17931.0,8,4,10,0
2023-10-13 10:00:00+00:00,1896.388,1923.112,1896.388,1922.951,41493.0,12,4,10,1
2023-10-13 14:00:00+00:00,1922.981,1930.698,1922.392,1928.293,16730.0,16,4,10,3
2023-10-13 18:00:00+00:00,1928.323,1932.593,1928.092,1932.217,2148.0,20,4,10,0
2023-10-15 18:00:00+00:00,1927.521,1927.521,1921.177,1925.836,7671.0,20,6,10,0
2023-10-15 22:00:00+00:00,1925.842,1925.927,1918.029,1920.027,12821.0,0,0,10,0
2023-10-16 02:00:00+00:00,1920.025,1920.362,1908.144,1911.418,16407.0,4,0,10,0
2023-10-16 06:00:00+00:00,1911.394,1918.28,1909.943,1915.566,16422.0,8,0,10,0
2023-10-16 10:00:00+00:00,1915.598,1924.526,1914.38,1921.454,29716.0,12,0,10,1
2023-10-16 14:00:00+00:00,1921.487,1922.721,1917.826,1918.942,12236.0,16,0,10,3
2023-10-16 18:00:00+00:00,1918.987,1921.736,1918.768,1919.386,4756.0,20,0,10,0
2023-10-16 22:00:00+00:00,1919.382,1919.967,1912.343,1916.784,12232.0,0,1,10,0
2023-10-17 02:00:00+00:00,1916.81,1921.338,1914.198,1920.005,13035.0,4,1,10,0
2023-10-17 06:00:00+00:00,1919.972,1926.504,1918.594,1923.993,16049.0,8,1,10,0
2023-10-17 10:00:00+00:00,1924.013,1931.523,1918.978,1926.817,32401.0,12,1,10,1
2023-10-17 14:00:00+00:00,1926.785,1926.785,1919.109,1922.58,15084.0,16,1,10,3
2023-10-17 18:00:00+00:00,1922.611,1925.507,1922.116,1924.689,4100.0,20,1,10,0
2023-10-17 22:00:00+00:00,1924.689,1942.507,1923.755,1937.448,16635.0,0,2,10,0
2023-10-18 02:00:00+00:00,1937.448,1940.097,1935.103,1939.588,14412.0,4,2,10,0
2023-10-18 06:00:00+00:00,1939.557,1947.422,1937.219,1946.136,16252.0,8,2,10,0
2023-10-18 10:00:00+00:00,1946.105,1962.562,1938.046,1945.139,37574.0,12,2,10,1
2023-10-18 14:00:00+00:00,1945.169,1956.519,1944.603,1950.335,17825.0,16,2,10,3
2023-10-18 18:00:00+00:00,1950.321,1951.634,1947.074,1950.842,5929.0,20,2,10,0
2023-10-18 22:00:00+00:00,1950.783,1953.218,1945.057,1946.273,13024.0,0,3,10,0
2023-10-19 02:00:00+00:00,1946.291,1952.722,1945.284,1949.42,15450.0,4,3,10,0
2023-10-19 06:00:00+00:00,1949.392,1954.431,1947.807,1952.091,15528.0,8,3,10,0
2023-10-19 10:00:00+00:00,1952.122,1959.914,1949.726,1956.133,29425.0,12,3,10,1
2023-10-19 14:00:00+00:00,1956.171,1977.635,1952.082,1974.298,32709.0,16,3,10,3
2023-10-19 18:00:00+00:00,1974.329,1982.346,1972.429,1977.138,9955.0,20,3,10,0
2023-10-19 22:00:00+00:00,1977.172,1981.777,1971.974,1977.731,18026.0,0,4,10,0
2023-10-20 02:00:00+00:00,1977.729,1982.123,1974.061,1980.115,16156.0,4,4,10,0
2023-10-20 06:00:00+00:00,1980.137,1985.818,1976.372,1977.229,17373.0,8,4,10,0
2023-10-20 10:00:00+00:00,1977.259,1997.115,1973.23,1991.567,34053.0,12,4,10,1
2023-10-20 14:00:00+00:00,1991.553,1992.358,1974.267,1979.652,25524.0,16,4,10,3
2023-10-20 18:00:00+00:00,1979.622,1981.301,1978.89,1980.751,2118.0,20,4,10,0
2023-10-22 18:00:00+00:00,1972.732,1978.529,1970.062,1971.544,6191.0,20,6,10,0
2023-10-22 22:00:00+00:00,1971.505,1974.725,1964.308,1973.63,18348.0,0,0,10,0
2023-10-23 02:00:00+00:00,1973.623,1979.713,1972.714,1979.42,15662.0,4,0,10,0
2023-10-23 06:00:00+00:00,1979.381,1982.746,1975.273,1979.308,16810.0,8,0,10,0
2023-10-23 10:00:00+00:00,1979.329,1981.921,1970.085,1975.325,30130.0,12,0,10,1
2023-10-23 14:00:00+00:00,1975.309,1979.304,1971.118,1973.17,17389.0,16,0,10,3
2023-10-23 18:00:00+00:00,1973.138,1973.8,1971.412,1973.557,4446.0,20,0,10,0
2023-10-23 22:00:00+00:00,1973.555,1980.836,1972.397,1976.844,14178.0,0,1,10,0
2023-10-24 02:00:00+00:00,1976.812,1979.143,1974.454,1975.3,14227.0,4,1,10,0
2023-10-24 06:00:00+00:00,1975.294,1975.909,1953.444,1963.718,21200.0,8,1,10,0
2023-10-24 10:00:00+00:00,1963.688,1970.027,1958.989,1969.754,31701.0,12,1,10,1
2023-10-24 14:00:00+00:00,1969.709,1977.536,1968.869,1972.691,15579.0,16,1,10,3
2023-10-24 18:00:00+00:00,1972.656,1973.383,1969.968,1972.825,4239.0,20,1,10,0
2023-10-24 22:00:00+00:00,1972.826,1976.946,1970.853,1973.224,13525.0,0,2,10,0
2023-10-25 02:00:00+00:00,1973.193,1975.917,1968.293,1971.149,14000.0,4,2,10,0
2023-10-25 06:00:00+00:00,1971.15,1976.417,1969.439,1974.664,15606.0,8,2,10,0
2023-10-25 10:00:00+00:00,1974.697,1987.207,1962.998,1981.188,37745.0,12,2,10,1
2023-10-25 14:00:00+00:00,1981.196,1985.653,1976.517,1980.782,18733.0,16,2,10,3
2023-10-25 18:00:00+00:00,1980.752,1984.101,1977.663,1982.923,8884.0,20,2,10,0
2023-10-25 22:00:00+00:00,1982.941,1987.34,1982.394,1987.166,12450.0,0,3,10,0
2023-10-26 02:00:00+00:00,1987.163,1990.042,1983.943,1990.042,15802.0,4,3,10,0
2023-10-26 06:00:00+00:00,1990.031,1993.389,1982.452,1984.571,14992.0,8,3,10,0
2023-10-26 10:00:00+00:00,1984.59,1986.672,1971.735,1980.221,35191.0,12,3,10,1
2023-10-26 14:00:00+00:00,1980.194,1989.224,1979.699,1984.363,17588.0,16,3,10,3
2023-10-26 18:00:00+00:00,1984.331,1986.74,1983.364,1984.379,5323.0,20,3,10,0
2023-10-26 22:00:00+00:00,1984.378,1988.813,1982.859,1987.869,12440.0,0,4,10,0
2023-10-27 02:00:00+00:00,1987.857,1989.921,1985.793,1987.314,14025.0,4,4,10,0
2023-10-27 06:00:00+00:00,1987.309,1987.886,1979.947,1981.769,13605.0,8,4,10,0
2023-10-27 10:00:00+00:00,1981.736,1986.115,1976.817,1979.909,32879.0,12,4,10,1
2023-10-27 14:00:00+00:00,1979.879,2009.327,1979.156,2006.909,24518.0,16,4,10,3
2023-10-27 18:00:00+00:00,2006.941,2007.134,2004.323,2006.048,3123.0,20,4,10,0
2023-10-29 18:00:00+00:00,2002.954,2004.776,1996.868,2002.656,9369.0,20,6,10,0
2023-10-29 22:00:00+00:00,2002.684,2006.732,2001.503,2002.075,13621.0,0,0,10,0
2023-10-30 02:00:00+00:00,2002.075,2002.66,1993.397,1993.608,13574.0,4,0,10,0
2023-10-30 06:00:00+00:00,1993.642,1997.317,1990.976,1995.72,17420.0,8,0,10,0
2023-10-30 10:00:00+00:00,1995.75,2002.481,1992.01,1999.089,31238.0,12,0,10,1
2023-10-30 14:00:00+00:00,1999.121,2000.594,1994.679,1995.887,14487.0,16,0,10,3
2023-10-30 18:00:00+00:00,1995.856,1996.685,1993.964,1995.492,4649.0,20,0,10,0
2023-10-30 22:00:00+00:00,1995.509,1997.25,1991.66,1992.125,13371.0,0,1,10,0
2023-10-31 02:00:00+00:00,1992.122,1997.603,1990.544,1996.248,12529.0,4,1,10,0
2023-10-31 06:00:00+00:00,1996.246,2000.336,1995.085,1999.844,15175.0,8,1,10,0
2023-10-31 10:00:00+00:00,1999.811,2007.849,1992.459,1994.277,31808.0,12,1,10,1
2023-10-31 14:00:00+00:00,1994.204,1994.726,1978.806,1984.796,22225.0,16,1,10,3
2023-10-31 18:00:00+00:00,1984.826,1986.116,1983.096,1983.667,6349.0,20,1,10,0
2023-10-31 22:00:00+00:00,1983.67,1983.947,1976.836,1977.08,13061.0,0,2,11,0
2023-11-01 02:00:00+00:00,1977.079,1980.967,1975.234,1977.103,12865.0,4,2,11,0
2023-11-01 06:00:00+00:00,1977.097,1985.128,1977.085,1983.418,14427.0,8,2,11,0
2023-11-01 10:00:00+00:00,1983.415,1992.554,1978.342,1979.238,30150.0,12,2,11,1
2023-11-01 14:00:00+00:00,1979.206,1982.257,1969.823,1978.596,28976.0,16,2,11,3
2023-11-01 18:00:00+00:00,1978.563,1985.632,1977.115,1985.01,7643.0,20,2,11,0
2023-11-01 22:00:00+00:00,1984.989,1988.121,1983.317,1985.375,12765.0,0,3,11,0
2023-11-02 02:00:00+00:00,1985.402,1986.62,1983.637,1985.408,12419.0,4,3,11,0
2023-11-02 06:00:00+00:00,1985.377,1990.337,1984.507,1988.473,14054.0,8,3,11,0
2023-11-02 10:00:00+00:00,1988.506,1990.926,1978.798,1981.14,27229.0,12,3,11,1
2023-11-02 14:00:00+00:00,1981.127,1986.656,1978.986,1985.399,14328.0,16,3,11,3
2023-11-02 18:00:00+00:00,1985.367,1986.465,1984.301,1984.961,4545.0,20,3,11,0
2023-11-02 22:00:00+00:00,1984.956,1987.813,1983.218,1985.802,10074.0,0,4,11,0
2023-11-03 02:00:00+00:00,1985.803,1989.045,1984.583,1986.525,10762.0,4,4,11,0
2023-11-03 06:00:00+00:00,1986.523,1990.185,1986.11,1987.536,12641.0,8,4,11,0
2023-11-03 10:00:00+00:00,1987.588,2004.003,1985.641,1991.707,44323.0,12,4,11,1
2023-11-03 14:00:00+00:00,1991.737,1995.057,1989.316,1992.72,15837.0,16,4,11,3
2023-11-03 18:00:00+00:00,1992.693,1992.885,1992.022,1992.516,1593.0,20,4,11,0
2023-11-05 18:00:00+00:00,1991.454,1991.544,1987.127,1988.45,2425.0,20,6,11,0
2023-11-05 22:00:00+00:00,1988.452,1993.077,1981.895,1985.171,13911.0,0,0,11,0
2023-11-06 02:00:00+00:00,1985.137,1985.307,1982.257,1983.399,10718.0,4,0,11,0
2023-11-06 06:00:00+00:00,1983.426,1988.318,1982.854,1987.672,13548.0,8,0,11,0
2023-11-06 10:00:00+00:00,1987.641,1989.047,1981.078,1981.078,21086.0,12,0,11,1
2023-11-06 14:00:00+00:00,1981.123,1984.421,1979.175,1980.301,13798.0,16,0,11,3
2023-11-06 18:00:00+00:00,1980.281,1980.281,1975.736,1976.677,7694.0,20,0,11,0
2023-11-06 22:00:00+00:00,1976.653,1977.001,1972.228,1972.562,12109.0,0,1,11,0
2023-11-07 02:00:00+00:00,1972.563,1974.142,1967.19,1969.283,11776.0,4,1,11,0
2023-11-07 06:00:00+00:00,1969.276,1970.2,1962.638,1963.845,16143.0,8,1,11,0
2023-11-07 10:00:00+00:00,1963.84,1967.191,1956.659,1963.297,27205.0,12,1,11,1
2023-11-07 14:00:00+00:00,1963.299,1969.839,1961.737,1967.424,16106.0,16,1,11,3
2023-11-07 18:00:00+00:00,1967.424,1969.337,1966.912,1968.902,6706.0,20,1,11,0
2023-11-07 22:00:00+00:00,1968.908,1970.937,1967.273,1967.75,12048.0,0,2,11,0
2023-11-08 02:00:00+00:00,1967.746,1969.0,1964.95,1967.594,11828.0,4,2,11,0
2023-11-08 06:00:00+00:00,1967.561,1968.937,1959.424,1964.386,15301.0,8,2,11,0
2023-11-08 10:00:00+00:00,1964.396,1966.645,1950.918,1955.355,23404.0,12,2,11,1
2023-11-08 14:00:00+00:00,1955.325,1957.866,1947.468,1948.13,18800.0,16,2,11,3
2023-11-08 18:00:00+00:00,1948.124,1951.749,1947.335,1950.812,7580.0,20,2,11,0
2023-11-08 22:00:00+00:00,1950.816,1954.5,1947.766,1949.201,13873.0,0,3,11,0
2023-11-09 02:00:00+00:00,1949.224,1950.469,1948.04,1949.328,12421.0,4,3,11,0
2023-11-09 06:00:00+00:00,1949.298,1949.673,1944.498,1948.794,14068.0,8,3,11,0
2023-11-09 10:00:00+00:00,1948.801,1964.923,1944.807,1962.925,27269.0,12,3,11,1
2023-11-09 14:00:00+00:00,1962.862,1965.718,1956.158,1958.349,22210.0,16,3,11,3
2023-11-09 18:00:00+00:00,1958.386,1959.999,1956.861,1959.058,7893.0,20,3,11,0
2023-11-09 22:00:00+00:00,1959.06,1960.714,1956.427,1959.386,12624.0,0,4,11,0
2023-11-10 02:00:00+00:00,1959.382,1959.467,1953.715,1955.351,11918.0,4,4,11,0
2023-11-10 06:00:00+00:00,1955.333,1957.159,1947.059,1948.177,14381.0,8,4,11,0
2023-11-10 10:00:00+00:00,1948.167,1949.151,1939.678,1941.97,24830.0,12,4,11,1
2023-11-10 14:00:00+00:00,1942.01,1943.404,1932.898,1935.44,16758.0,16,4,11,3
2023-11-10 18:00:00+00:00,1935.436,1938.905,1934.553,1938.353,4881.0,20,4,11,0
2023-11-12 18:00:00+00:00,1941.002,1941.301,1921.38,1940.344,2189.0,20,6,11,0
2023-11-12 22:00:00+00:00,1940.374,1941.913,1934.052,1935.312,14199.0,0,0,11,0
2023-11-13 02:00:00+00:00,1935.313,1941.215,1934.146,1938.763,12436.0,4,0,11,0
2023-11-13 06:00:00+00:00,1938.795,1940.424,1935.982,1937.965,13487.0,8,0,11,0
2023-11-13 10:00:00+00:00,1937.955,1938.911,1931.604,1938.422,19491.0,12,0,11,1
2023-11-13 14:00:00+00:00,1938.405,1949.187,1938.135,1946.142,14835.0,16,0,11,3
2023-11-13 18:00:00+00:00,1946.126,1946.762,1945.149,1946.399,5350.0,20,0,11,0
2023-11-13 22:00:00+00:00,1946.414,1948.321,1944.319,1944.763,10764.0,0,1,11,0
2023-11-14 02:00:00+00:00,1944.731,1946.428,1943.708,1945.593,10156.0,4,1,11,0
2023-11-14 06:00:00+00:00,1945.611,1948.089,1944.296,1945.837,13399.0,8,1,11,0
2023-11-14 10:00:00+00:00,1945.871,1970.954,1937.421,1964.315,33806.0,12,1,11,1
2023-11-14 14:00:00+00:00,1964.349,1966.556,1961.584,1963.618,16559.0,16,1,11,3
2023-11-14 18:00:00+00:00,1963.623,1964.463,1962.18,1962.493,6126.0,20,1,11,0
2023-11-14 22:00:00+00:00,1962.487,1966.96,1961.527,1966.815,13051.0,0,2,11,0
2023-11-15 02:00:00+00:00,1966.827,1971.019,1965.87,1970.261,13271.0,4,2,11,0
2023-11-15 06:00:00+00:00,1970.288,1974.052,1969.753,1972.896,14838.0,8,2,11,0
2023-11-15 10:00:00+00:00,1972.901,1975.281,1955.425,1963.115,27196.0,12,2,11,1
2023-11-15 14:00:00+00:00,1963.132,1963.66,1959.122,1961.686,15514.0,16,2,11,3
2023-11-15 18:00:00+00:00,1961.713,1962.177,1958.92,1960.331,6498.0,20,2,11,0
2023-11-15 22:00:00+00:00,1960.333,1962.139,1956.447,1961.401,12420.0,0,3,11,0
2023-11-16 02:00:00+00:00,1961.397,1967.745,1960.786,1966.536,11602.0,4,3,11,0
2023-11-16 06:00:00+00:00,1966.505,1968.536,1964.622,1965.535,13123.0,8,3,11,0
2023-11-16 10:00:00+00:00,1965.531,1986.453,1962.069,1984.88,25963.0,12,3,11,1
2023-11-16 14:00:00+00:00,1984.858,1987.94,1980.128,1983.353,17226.0,16,3,11,3
2023-11-16 18:00:00+00:00,1983.299,1984.041,1980.537,1982.599,6498.0,20,3,11,0
2023-11-16 22:00:00+00:00,1982.577,1986.944,1981.735,1986.542,13092.0,0,4,11,0
2023-11-17 02:00:00+00:00,1986.551,1987.668,1982.676,1987.663,11670.0,4,4,11,0
2023-11-17 06:00:00+00:00,1987.616,1993.412,1984.589,1988.733,16708.0,8,4,11,0
2023-11-17 10:00:00+00:00,1988.802,1991.596,1979.324,1983.4,23615.0,12,4,11,1
2023-11-17 14:00:00+00:00,1983.432,1985.281,1978.514,1980.321,15410.0,16,4,11,3
2023-11-17 18:00:00+00:00,1980.368,1981.021,1978.954,1980.635,4488.0,20,4,11,0
2023-11-19 18:00:00+00:00,1977.456,1978.721,1974.115,1974.471,2472.0,20,6,11,0
2023-11-19 22:00:00+00:00,1974.532,1985.121,1973.353,1982.266,16089.0,0,0,11,0
2023-11-20 02:00:00+00:00,1982.24,1983.392,1978.084,1978.495,15143.0,4,0,11,0
2023-11-20 06:00:00+00:00,1978.547,1980.527,1972.219,1973.332,17139.0,8,0,11,0
2023-11-20 10:00:00+00:00,1973.311,1973.379,1965.435,1971.887,23609.0,12,0,11,1
2023-11-20 14:00:00+00:00,1971.925,1978.926,1971.229,1978.377,17080.0,16,0,11,3
2023-11-20 18:00:00+00:00,1978.382,1981.57,1976.887,1981.169,6862.0,20,0,11,0
2023-11-20 22:00:00+00:00,1981.155,1994.299,1980.709,1993.257,16844.0,0,1,11,0
2023-11-21 02:00:00+00:00,1993.201,1994.045,1989.626,1992.302,15334.0,4,1,11,0
2023-11-21 06:00:00+00:00,1992.359,1994.243,1984.235,1987.202,17440.0,8,1,11,0
2023-11-21 10:00:00+00:00,1987.216,2007.489,1986.601,2004.158,27043.0,12,1,11,1
2023-11-21 14:00:00+00:00,2004.172,2005.354,1996.131,2000.021,18874.0,16,1,11,3
2023-11-21 18:00:00+00:00,2000.06,2000.153,1997.798,1999.339,6782.0,20,1,11,0
2023-11-21 22:00:00+00:00,1999.338,1999.338,1995.462,1996.464,13866.0,0,2,11,0
2023-11-22 02:00:00+00:00,1996.461,2004.029,1996.17,2003.657,14979.0,4,2,11,0
2023-11-22 06:00:00+00:00,2003.629,2006.415,1998.97,2000.599,16549.0,8,2,11,0
2023-11-22 10:00:00+00:00,2000.604,2003.21,1989.885,1994.902,24435.0,12,2,11,1
2023-11-22 14:00:00+00:00,1994.895,1995.479,1986.851,1990.647,16033.0,16,2,11,3
2023-11-22 18:00:00+00:00,1990.7,1991.814,1989.346,1990.506,6640.0,20,2,11,0
2023-11-22 22:00:00+00:00,1990.515,1998.26,1990.116,1997.704,12715.0,0,3,11,0
2023-11-23 02:00:00+00:00,1997.686,1998.562,1993.319,1996.365,12620.0,4,3,11,0
2023-11-23 06:00:00+00:00,1996.334,1996.406,1992.129,1993.841,13405.0,8,3,11,0
2023-11-23 10:00:00+00:00,1993.823,1994.852,1991.778,1992.129,13016.0,12,3,11,1
2023-11-23 14:00:00+00:00,1992.139,1992.959,1989.762,1992.078,5116.0,16,3,11,3
2023-11-23 18:00:00+00:00,1992.54,1994.309,1992.48,1993.983,1465.0,20,3,11,0
2023-11-23 22:00:00+00:00,1994.072,1994.881,1991.482,1993.523,13084.0,0,4,11,0
2023-11-24 02:00:00+00:00,1993.524,1994.784,1991.468,1993.483,12794.0,4,4,11,0
2023-11-24 06:00:00+00:00,1993.453,1996.297,1992.22,1995.179,13568.0,8,4,11,0
2023-11-24 10:00:00+00:00,1995.229,2003.621,1994.324,1998.331,21196.0,12,4,11,1
2023-11-24 14:00:00+00:00,1998.34,2002.308,1997.114,2002.192,8798.0,16,4,11,3
2023-11-26 18:00:00+00:00,2000.897,2002.978,2000.484,2002.25,2311.0,20,6,11,0
2023-11-26 22:00:00+00:00,2002.364,2018.187,2001.787,2009.551,20014.0,0,0,11,0
2023-11-27 02:00:00+00:00,2009.531,2013.724,2008.388,2010.854,15724.0,4,0,11,0
2023-11-27 06:00:00+00:00,2010.83,2015.49,2010.465,2012.518,16037.0,8,0,11,0
2023-11-27 10:00:00+00:00,2012.528,2016.337,2008.652,2010.202,24474.0,12,0,11,1
2023-11-27 14:00:00+00:00,2010.255,2013.563,2005.668,2012.776,16599.0,16,0,11,3
2023-11-27 18:00:00+00:00,2012.77,2015.422,2011.924,2015.215,6833.0,20,0,11,0
2023-11-27 22:00:00+00:00,2015.217,2018.022,2013.809,2014.899,14336.0,0,1,11,0
2023-11-28 02:00:00+00:00,2014.937,2016.864,2012.079,2013.509,12277.0,4,1,11,0
2023-11-28 06:00:00+00:00,2013.521,2016.66,2012.477,2015.127,14134.0,8,1,11,0
2023-11-28 10:00:00+00:00,2015.173,2031.509,2011.339,2030.794,26050.0,12,1,11,1
2023-11-28 14:00:00+00:00,2030.797,2043.023,2030.365,2041.772,19426.0,16,1,11,3
2023-11-28 18:00:00+00:00,2041.769,2044.573,2039.612,2044.406,8404.0,20,1,11,0
2023-11-28 22:00:00+00:00,2044.426,2052.03,2042.745,2044.011,19097.0,0,2,11,0
2023-11-29 02:00:00+00:00,2044.016,2048.966,2040.998,2042.483,15960.0,4,2,11,0
2023-11-29 06:00:00+00:00,2042.413,2044.082,2035.228,2040.063,17931.0,8,2,11,0
2023-11-29 10:00:00+00:00,2040.019,2046.971,2037.056,2042.886,30452.0,12,2,11,1
2023-11-29 14:00:00+00:00,2042.86,2049.536,2039.434,2046.258,18066.0,16,2,11,3
2023-11-29 18:00:00+00:00,2046.27,2046.421,2042.778,2044.643,7889.0,20,2,11,0
2023-11-29 22:00:00+00:00,2044.64,2047.265,2042.567,2046.039,13514.0,0,3,11,0
2023-11-30 02:00:00+00:00,2046.065,2046.877,2041.329,2044.578,14393.0,4,3,11,0
2023-11-30 06:00:00+00:00,2044.676,2045.67,2035.857,2037.147,17900.0,8,3,11,0
2023-11-30 10:00:00+00:00,2037.191,2044.056,2031.261,2037.827,32258.0,12,3,11,1
2023-11-30 14:00:00+00:00,2037.842,2041.369,2033.581,2036.065,16329.0,16,3,11,3
2023-11-30 18:00:00+00:00,2036.018,2040.461,2034.715,2039.918,6954.0,20,3,11,0
2023-11-30 22:00:00+00:00,2040.075,2043.366,2038.653,2039.41,13823.0,0,4,12,0
2023-12-01 02:00:00+00:00,2039.403,2042.833,2038.814,2039.502,12972.0,4,4,12,0
2023-12-01 06:00:00+00:00,2039.55,2049.853,2036.421,2037.033,17619.0,8,4,12,0
2023-12-01 10:00:00+00:00,2037.064,2053.3,2033.822,2049.296,30524.0,12,4,12,1
2023-12-01 14:00:00+00:00,2049.336,2075.272,2044.586,2066.985,27533.0,16,4,12,3
2023-12-01 18:00:00+00:00,2066.982,2071.841,2066.384,2071.554,5173.0,20,4,12,0
2023-12-03 18:00:00+00:00,2074.106,2144.471,2071.636,2117.509,17117.0,20,6,12,0
2023-12-03 22:00:00+00:00,2117.935,2120.648,2083.149,2085.774,38665.0,0,0,12,0
2023-12-04 02:00:00+00:00,2085.799,2090.49,2061.459,2063.518,26268.0,4,0,12,0
2023-12-04 06:00:00+00:00,2063.551,2076.372,2057.707,2070.835,27678.0,8,0,12,0
2023-12-04 10:00:00+00:00,2070.807,2071.318,2019.986,2022.545,55774.0,12,0,12,1
2023-12-04 14:00:00+00:00,2022.515,2031.505,2020.66,2030.877,30144.0,16,0,12,3
2023-12-04 18:00:00+00:00,2030.911,2034.129,2026.133,2034.087,10979.0,20,0,12,0
2023-12-04 22:00:00+00:00,2033.931,2041.17,2032.642,2037.286,20022.0,0,1,12,0
2023-12-05 02:00:00+00:00,2037.271,2038.312,2030.377,2032.642,18988.0,4,1,12,0
2023-12-05 06:00:00+00:00,2032.599,2039.578,2021.495,2024.679,22336.0,8,1,12,0
2023-12-05 10:00:00+00:00,2024.718,2030.832,2009.744,2016.234,41605.0,12,1,12,1
2023-12-05 14:00:00+00:00,2016.261,2020.559,2012.099,2019.721,23013.0,16,1,12,3
2023-12-05 18:00:00+00:00,2019.712,2020.909,2017.181,2018.903,8353.0,20,1,12,0
2023-12-05 22:00:00+00:00,2018.904,2024.22,2018.683,2023.13,14911.0,0,2,12,0
2023-12-06 02:00:00+00:00,2023.171,2035.915,2020.387,2034.026,16062.0,4,2,12,0
2023-12-06 06:00:00+00:00,2033.989,2034.898,2020.093,2021.32,19400.0,8,2,12,0
2023-12-06 10:00:00+00:00,2021.332,2033.016,2020.955,2030.206,31578.0,12,2,12,1
2023-12-06 14:00:00+00:00,2030.244,2031.334,2023.881,2029.879,19466.0,16,2,12,3
2023-12-06 18:00:00+00:00,2029.886,2029.906,2024.389,2027.006,8890.0,20,2,12,0
2023-12-06 22:00:00+00:00,2026.978,2030.048,2026.021,2026.869,14554.0,0,3,12,0
2023-12-07 02:00:00+00:00,2026.827,2030.721,2025.165,2029.582,16199.0,4,3,12,0
2023-12-07 06:00:00+00:00,2029.622,2035.115,2028.801,2032.562,17024.0,8,3,12,0
2023-12-07 10:00:00+00:00,2032.569,2039.89,2025.104,2029.302,32329.0,12,3,12,1
2023-12-07 14:00:00+00:00,2029.254,2031.883,2020.091,2029.821,22687.0,16,3,12,3
2023-12-07 18:00:00+00:00,2029.842,2031.198,2026.752,2027.915,6600.0,20,3,12,0
2023-12-07 22:00:00+00:00,2028.06,2034.004,2027.499,2032.361,17510.0,0,4,12,0
2023-12-08 02:00:00+00:00,2032.388,2032.407,2028.837,2030.904,14673.0,4,4,12,0
2023-12-08 06:00:00+00:00,2030.855,2032.4,2026.433,2029.972,19529.0,8,4,12,0
2023-12-08 10:00:00+00:00,2030.01,2030.096,2002.498,2008.866,47429.0,12,4,12,1
2023-12-08 14:00:00+00:00,2008.865,2009.665,1994.518,2000.757,22869.0,16,4,12,3
2023-12-08 18:00:00+00:00,2000.733,2005.056,2000.007,2004.34,5760.0,20,4,12,0
2023-12-10 18:00:00+00:00,2005.584,2007.647,2004.552,2007.054,3140.0,20,6,12,0
2023-12-10 22:00:00+00:00,2006.993,2007.808,1995.394,1996.892,17965.0,0,0,12,0
2023-12-11 02:00:00+00:00,1996.906,2000.544,1991.27,1992.76,15745.0,4,0,12,0
2023-12-11 06:00:00+00:00,1992.764,1997.809,1991.133,1996.1,17975.0,8,0,12,0
2023-12-11 10:00:00+00:00,1996.153,1996.742,1980.572,1982.301,26098.0,12,0,12,1
2023-12-11 14:00:00+00:00,1982.36,1984.333,1975.843,1981.575,20399.0,16,0,12,3
2023-12-11 18:00:00+00:00,1981.616,1984.302,1980.291,1982.96,7827.0,20,0,12,0
2023-12-11 22:00:00+00:00,1982.954,1989.506,1981.855,1985.462,16403.0,0,1,12,0
2023-12-12 02:00:00+00:00,1985.459,1989.078,1984.639,1988.021,13431.0,4,1,12,0
2023-12-12 06:00:00+00:00,1987.993,1988.429,1982.615,1988.334,15620.0,8,1,12,0
2023-12-12 10:00:00+00:00,1988.367,1996.665,1980.013,1981.571,33630.0,12,1,12,1
2023-12-12 14:00:00+00:00,1981.596,1983.636,1977.115,1980.267,18498.0,16,1,12,3
2023-12-12 18:00:00+00:00,1980.261,1982.807,1979.0,1982.453,6888.0,20,1,12,0
2023-12-12 22:00:00+00:00,1982.452,1982.518,1977.726,1977.986,12575.0,0,2,12,0
2023-12-13 02:00:00+00:00,1977.937,1980.465,1973.033,1979.225,14553.0,4,2,12,0
2023-12-13 06:00:00+00:00,1979.262,1983.568,1978.559,1982.751,15215.0,8,2,12,0
2023-12-13 10:00:00+00:00,1982.761,1986.708,1978.39,1981.784,23208.0,12,2,12,1
2023-12-13 14:00:00+00:00,1981.824,2017.45,1979.614,2013.6,34188.0,16,2,12,3
2023-12-13 18:00:00+00:00,2013.645,2033.129,2012.572,2032.814,23734.0,20,2,12,0
2023-12-13 22:00:00+00:00,2032.858,2039.318,2029.935,2030.983,26834.0,0,3,12,0
2023-12-14 02:00:00+00:00,2030.939,2037.373,2029.256,2032.658,20159.0,4,3,12,0
2023-12-14 06:00:00+00:00,2032.617,2040.345,2031.986,2034.879,22495.0,8,3,12,0
2023-12-14 10:00:00+00:00,2035.01,2047.909,2027.353,2040.212,40769.0,12,3,12,1
2023-12-14 14:00:00+00:00,2040.18,2041.463,2028.944,2033.194,24406.0,16,3,12,3
2023-12-14 18:00:00+00:00,2033.162,2038.646,2032.697,2035.552,10236.0,20,3,12,0
2023-12-14 22:00:00+00:00,2035.519,2037.474,2031.196,2035.747,16488.0,0,4,12,0
2023-12-15 02:00:00+00:00,2035.713,2039.096,2034.308,2037.836,15259.0,4,4,12,0
2023-12-15 06:00:00+00:00,2037.797,2044.372,2036.951,2041.635,17916.0,8,4,12,0
2023-12-15 10:00:00+00:00,2041.623,2044.909,2026.878,2035.08,36446.0,12,4,12,1
2023-12-15 14:00:00+00:00,2035.05,2036.399,2015.545,2019.067,22904.0,16,4,12,3
2023-12-15 18:00:00+00:00,2019.019,2021.622,2017.395,2019.491,7064.0,20,4,12,0
2023-12-17 18:00:00+00:00,2019.802,2020.102,2015.897,2017.414,3350.0,20,6,12,0
2023-12-17 22:00:00+00:00,2017.414,2024.111,2016.067,2022.787,17690.0,0,0,12,0
2023-12-18 02:00:00+00:00,2022.78,2024.821,2021.461,2023.14,13340.0,4,0,12,0
2023-12-18 06:00:00+00:00,2023.109,2027.289,2018.749,2021.951,18989.0,8,0,12,0
2023-12-18 10:00:00+00:00,2021.919,2026.908,2020.304,2022.284,21276.0,12,0,12,1
2023-12-18 14:00:00+00:00,2022.329,2033.693,2021.138,2026.21,17939.0,16,0,12,3
2023-12-18 18:00:00+00:00,2026.244,2027.989,2025.506,2027.604,7673.0,20,0,12,0
2023-12-18 22:00:00+00:00,2027.568,2029.289,2022.599,2023.337,15701.0,0,1,12,0
2023-12-19 02:00:00+00:00,2023.289,2026.385,2021.67,2024.752,16251.0,4,1,12,0
2023-12-19 06:00:00+00:00,2024.722,2028.42,2023.827,2026.523,14188.0,8,1,12,0
2023-12-19 10:00:00+00:00,2026.543,2045.462,2026.167,2041.741,26073.0,12,1,12,1
2023-12-19 14:00:00+00:00,2041.761,2046.969,2036.624,2039.445,17984.0,16,1,12,3
2023-12-19 18:00:00+00:00,2039.487,2041.625,2038.666,2040.932,7924.0,20,1,12,0
2023-12-19 22:00:00+00:00,2040.862,2041.029,2036.7,2040.393,13764.0,0,2,12,0
2023-12-20 02:00:00+00:00,2040.393,2043.446,2039.344,2042.259,13259.0,4,2,12,0
2023-12-20 06:00:00+00:00,2042.215,2042.445,2031.751,2033.508,15490.0,8,2,12,0
2023-12-20 10:00:00+00:00,2033.42,2039.857,2029.506,2032.479,24426.0,12,2,12,1
2023-12-20 14:00:00+00:00,2032.526,2037.18,2030.114,2032.308,16812.0,16,2,12,3
2023-12-20 18:00:00+00:00,2032.27,2033.828,2027.383,2032.128,11649.0,20,2,12,0
2023-12-20 22:00:00+00:00,2032.103,2037.66,2031.906,2037.366,13071.0,0,3,12,0
2023-12-21 02:00:00+00:00,2037.372,2038.259,2033.86,2034.878,12539.0,4,3,12,0
2023-12-21 06:00:00+00:00,2034.865,2037.195,2032.984,2034.054,14027.0,8,3,12,0
2023-12-21 10:00:00+00:00,2034.097,2046.013,2031.992,2041.472,30361.0,12,3,12,1
2023-12-21 14:00:00+00:00,2041.464,2045.087,2037.408,2043.929,18014.0,16,3,12,3
2023-12-21 18:00:00+00:00,2043.926,2055.014,2043.062,2052.778,10435.0,20,3,12,0
2023-12-21 22:00:00+00:00,2052.788,2053.914,2046.753,2048.258,17224.0,0,4,12,0
2023-12-22 02:00:00+00:00,2048.258,2050.879,2047.01,2049.94,13939.0,4,4,12,0
2023-12-22 06:00:00+00:00,2049.935,2063.001,2049.619,2060.633,16207.0,8,4,12,0
2023-12-22 10:00:00+00:00,2060.67,2070.588,2057.648,2060.785,32531.0,12,4,12,1
2023-12-22 14:00:00+00:00,2060.786,2062.169,2051.072,2053.959,20952.0,16,4,12,3
2023-12-22 18:00:00+00:00,2053.948,2054.052,2052.111,2053.095,5600.0,20,4,12,0
2023-12-25 18:00:00+00:00,2057.319,2057.454,2053.147,2054.471,1441.0,20,0,12,0
2023-12-25 22:00:00+00:00,2054.462,2065.059,2053.317,2063.87,9463.0,0,1,12,0
2023-12-26 02:00:00+00:00,2063.837,2064.953,2061.279,2064.132,8395.0,4,1,12,0
2023-12-26 06:00:00+00:00,2064.153,2064.548,2060.434,2063.416,9028.0,8,1,12,0
2023-12-26 10:00:00+00:00,2063.463,2063.896,2054.438,2056.756,13646.0,12,1,12,1
2023-12-26 14:00:00+00:00,2056.771,2062.07,2056.472,2061.63,11310.0,16,1,12,3
2023-12-26 18:00:00+00:00,2061.657,2069.049,2061.491,2065.53,6448.0,20,1,12,0
2023-12-26 22:00:00+00:00,2065.861,2067.804,2063.885,2064.528,13741.0,0,2,12,0
2023-12-27 02:00:00+00:00,2064.534,2067.405,2064.056,2065.947,11867.0,4,2,12,0
2023-12-27 06:00:00+00:00,2065.945,2069.295,2061.462,2068.069,14325.0,8,2,12,0
2023-12-27 10:00:00+00:00,2068.116,2081.883,2064.366,2078.816,22912.0,12,2,12,1
2023-12-27 14:00:00+00:00,2078.786,2084.427,2075.86,2077.449,18586.0,16,2,12,3
2023-12-27 18:00:00+00:00,2077.496,2079.565,2076.306,2079.169,7502.0,20,2,12,0
2023-12-27 22:00:00+00:00,2079.268,2088.485,2079.17,2087.199,15935.0,0,3,12,0
2023-12-28 02:00:00+00:00,2087.2,2087.599,2083.976,2086.072,14719.0,4,3,12,0
2023-12-28 06:00:00+00:00,2086.142,2086.407,2072.639,2075.486,18718.0,8,3,12,0
2023-12-28 10:00:00+00:00,2075.51,2081.134,2071.267,2077.235,23081.0,12,3,12,1
2023-12-28 14:00:00+00:00,2077.185,2077.324,2065.891,2068.054,19629.0,16,3,12,3
2023-12-28 18:00:00+00:00,2068.007,2068.906,2064.456,2066.564,8037.0,20,3,12,0
2023-12-28 22:00:00+00:00,2066.602,2071.387,2066.013,2069.494,15108.0,0,4,12,0
2023-12-29 02:00:00+00:00,2069.495,2074.746,2068.85,2071.925,12260.0,4,4,12,0
2023-12-29 06:00:00+00:00,2071.974,2073.435,2061.782,2067.69,16356.0,8,4,12,0
2023-12-29 10:00:00+00:00,2067.72,2068.868,2058.095,2064.836,23685.0,12,4,12,1
2023-12-29 14:00:00+00:00,2064.791,2068.149,2061.097,2067.251,20591.0,16,4,12,3
2023-12-29 18:00:00+00:00,2067.228,2067.369,2062.424,2062.838,5919.0,20,4,12,0
2024-01-01 18:00:00+00:00,2064.593,2066.081,2062.625,2063.543,1989.0,20,0,1,0
2024-01-01 22:00:00+00:00,2063.347,2070.338,2062.173,2069.487,13306.0,0,1,1,0
2024-01-02 02:00:00+00:00,2069.492,2076.651,2068.823,2073.065,12443.0,4,1,1,0
2024-01-02 06:00:00+00:00,2073.13,2078.877,2068.241,2069.221,16591.0,8,1,1,0
2024-01-02 10:00:00+00:00,2069.178,2071.008,2056.098,2059.306,32901.0,12,1,1,1
2024-01-02 14:00:00+00:00,2059.334,2067.586,2059.089,2060.946,18613.0,16,1,1,3
2024-01-02 18:00:00+00:00,2060.99,2061.577,2057.837,2059.476,7462.0,20,1,1,0
2024-01-02 22:00:00+00:00,2059.448,2065.54,2059.227,2065.072,14529.0,0,2,1,0
2024-01-03 02:00:00+00:00,2065.023,2065.983,2060.837,2062.914,13471.0,4,2,1,0
2024-01-03 06:00:00+00:00,2062.91,2064.373,2046.614,2047.617,19399.0,8,2,1,0
2024-01-03 10:00:00+00:00,2047.648,2048.766,2031.682,2032.552,37280.0,12,2,1,1
2024-01-03 14:00:00+00:00,2032.601,2042.278,2030.522,2036.62,25833.0,16,2,1,3
2024-01-03 18:00:00+00:00,2036.583,2043.672,2036.405,2042.666,10371.0,20,2,1,0
2024-01-03 22:00:00+00:00,2042.657,2046.958,2040.044,2044.684,14910.0,0,3,1,0
2024-01-04 02:00:00+00:00,2044.682,2049.552,2042.311,2047.599,15610.0,4,3,1,0
2024-01-04 06:00:00+00:00,2047.654,2050.958,2044.83,2045.136,17459.0,8,3,1,0
2024-01-04 10:00:00+00:00,2045.137,2047.778,2036.175,2045.046,25332.0,12,3,1,1
2024-01-04 14:00:00+00:00,2045.084,2046.685,2040.825,2044.3,17660.0,16,3,1,3
2024-01-04 18:00:00+00:00,2044.282,2044.783,2042.485,2043.865,7593.0,20,3,1,0
2024-01-04 22:00:00+00:00,2043.917,2048.263,2043.235,2045.32,15408.0,0,4,1,0
2024-01-05 02:00:00+00:00,2045.275,2046.994,2040.848,2043.125,14848.0,4,4,1,0
2024-01-05 06:00:00+00:00,2043.141,2044.409,2037.017,2039.152,16433.0,8,4,1,0
2024-01-05 10:00:00+00:00,2039.136,2063.984,2024.317,2054.775,55738.0,12,4,1,1
2024-01-05 14:00:00+00:00,2054.829,2056.204,2040.37,2045.682,27039.0,16,4,1,3
2024-01-05 18:00:00+00:00,2045.702,2046.177,2042.787,2045.479,7244.0,20,4,1,0
2024-01-07 18:00:00+00:00,2044.595,2045.575,2042.88,2044.208,2775.0,20,6,1,0
2024-01-07 22:00:00+00:00,2044.212,2046.59,2035.017,2036.098,15793.0,0,0,1,0
2024-01-08 02:00:00+00:00,2036.117,2037.543,2026.943,2031.393,19481.0,4,0,1,0
2024-01-08 06:00:00+00:00,2031.394,2031.737,2016.669,2020.087,21802.0,8,0,1,0
2024-01-08 10:00:00+00:00,2020.056,2034.806,2018.38,2034.227,32639.0,12,0,1,1
2024-01-08 14:00:00+00:00,2034.259,2036.902,2026.275,2029.301,19990.0,16,0,1,3
2024-01-08 18:00:00+00:00,2029.315,2030.685,2026.082,2030.439,7802.0,20,0,1,0
2024-01-08 22:00:00+00:00,2030.411,2035.9,2030.411,2033.589,16699.0,0,1,1,0
2024-01-09 02:00:00+00:00,2033.598,2037.212,2030.292,2035.961,16821.0,4,1,1,0
2024-01-09 06:00:00+00:00,2036.01,2038.492,2031.249,2034.929,19438.0,8,1,1,0
2024-01-09 10:00:00+00:00,2034.992,2041.986,2028.709,2028.709,28297.0,12,1,1,1
2024-01-09 14:00:00+00:00,2028.657,2032.014,2026.022,2028.79,20222.0,16,1,1,3
2024-01-09 18:00:00+00:00,2028.809,2031.085,2028.015,2030.401,7358.0,20,1,1,0
2024-01-09 22:00:00+00:00,2030.403,2032.823,2027.243,2028.801,14549.0,0,2,1,0
2024-01-10 02:00:00+00:00,2028.792,2031.614,2023.758,2030.928,15904.0,4,2,1,0
2024-01-10 06:00:00+00:00,2030.924,2040.269,2030.186,2034.043,19473.0,8,2,1,0
2024-01-10 10:00:00+00:00,2034.045,2035.664,2024.774,2027.812,25256.0,12,2,1,1
2024-01-10 14:00:00+00:00,2027.775,2028.51,2020.353,2024.009,18776.0,16,2,1,3
2024-01-10 18:00:00+00:00,2024.07,2027.689,2021.842,2026.358,8644.0,20,2,1,0
2024-01-10 22:00:00+00:00,2026.413,2031.967,2026.413,2030.79,13600.0,0,3,1,0
2024-01-11 02:00:00+00:00,2030.79,2035.639,2030.78,2033.843,13357.0,4,3,1,0
2024-01-11 06:00:00+00:00,2033.896,2034.383,2030.092,2034.28,15585.0,8,3,1,0
2024-01-11 10:00:00+00:00,2034.319,2048.168,2024.848,2028.985,49968.0,12,3,1,1
2024-01-11 14:00:00+00:00,2028.949,2029.593,2013.209,2026.438,31399.0,16,3,1,3
2024-01-11 18:00:00+00:00,2026.487,2035.447,2023.446,2034.955,10639.0,20,3,1,0
2024-01-11 22:00:00+00:00,2035.011,2035.637,2030.01,2033.876,15552.0,0,4,1,0
2024-01-12 02:00:00+00:00,2033.847,2039.362,2032.784,2037.554,14667.0,4,4,1,0
2024-01-12 06:00:00+00:00,2037.552,2047.386,2036.909,2045.306,18690.0,8,4,1,0
2024-01-12 10:00:00+00:00,2045.339,2062.268,2044.329,2053.612,40120.0,12,4,1,1
2024-01-12 14:00:00+00:00,2053.645,2055.52,2041.397,2047.283,24671.0,16,4,1,3
2024-01-12 18:00:00+00:00,2047.332,2049.223,2046.008,2049.032,5737.0,20,4,1,0
2024-01-14 18:00:00+00:00,2048.13,2048.705,2046.293,2047.587,2655.0,20,6,1,0
2024-01-14 22:00:00+00:00,2047.652,2058.031,2045.763,2057.376,16734.0,0,0,1,0
2024-01-15 02:00:00+00:00,2057.373,2057.551,2052.866,2054.113,14821.0,4,0,1,0
2024-01-15 06:00:00+00:00,2054.166,2058.626,2051.455,2053.257,16012.0,8,0,1,0
2024-01-15 10:00:00+00:00,2053.263,2054.419,2049.151,2053.258,15553.0,12,0,1,1
2024-01-15 14:00:00+00:00,2053.23,2056.379,2053.148,2053.936,8074.0,16,0,1,3
2024-01-15 18:00:00+00:00,2054.529,2055.328,2053.127,2053.836,2240.0,20,0,1,0
2024-01-15 22:00:00+00:00,2053.997,2054.508,2048.344,2049.438,16099.0,0,1,1,0
2024-01-16 02:00:00+00:00,2049.438,2050.885,2047.354,2049.376,14508.0,4,1,1,0
2024-01-16 06:00:00+00:00,2049.344,2050.024,2038.139,2039.874,22349.0,8,1,1,0
2024-01-16 10:00:00+00:00,2039.813,2045.081,2031.251,2041.053,34055.0,12,1,1,1
2024-01-16 14:00:00+00:00,2041.102,2041.269,2024.189,2029.19,32268.0,16,1,1,3
2024-01-16 18:00:00+00:00,2029.22,2029.754,2025.592,2027.829,8034.0,20,1,1,0
2024-01-16 22:00:00+00:00,2027.861,2032.934,2023.395,2024.074,16127.0,0,2,1,0
2024-01-17 02:00:00+00:00,2024.07,2026.106,2017.552,2025.746,19642.0,4,2,1,0
2024-01-17 06:00:00+00:00,2025.699,2028.31,2018.979,2023.938,19131.0,8,2,1,0
2024-01-17 10:00:00+00:00,2023.893,2029.027,2006.077,2008.853,36173.0,12,2,1,1
2024-01-17 14:00:00+00:00,2008.814,2011.971,2001.743,2005.413,22214.0,16,2,1,3
2024-01-17 18:00:00+00:00,2005.46,2009.601,2004.711,2009.247,8261.0,20,2,1,0
2024-01-17 22:00:00+00:00,2009.265,2012.036,2006.438,2008.023,14880.0,0,3,1,0
2024-01-18 02:00:00+00:00,2008.009,2014.013,2005.717,2012.317,14598.0,4,3,1,0
2024-01-18 06:00:00+00:00,2012.305,2013.472,2008.094,2012.554,16382.0,8,3,1,0
2024-01-18 10:00:00+00:00,2012.576,2017.225,2007.36,2013.553,27646.0,12,3,1,1
2024-01-18 14:00:00+00:00,2013.55,2021.101,2013.017,2019.746,18802.0,16,3,1,3
2024-01-18 18:00:00+00:00,2019.74,2024.231,2019.74,2023.423,8127.0,20,3,1,0
2024-01-18 22:00:00+00:00,2023.523,2025.508,2021.856,2022.747,13469.0,0,4,1,0
2024-01-19 02:00:00+00:00,2022.742,2029.613,2020.311,2027.947,13508.0,4,4,1,0
2024-01-19 06:00:00+00:00,2027.908,2032.006,2026.17,2031.618,14879.0,8,4,1,0
2024-01-19 10:00:00+00:00,2031.653,2039.232,2023.129,2027.662,26196.0,12,4,1,1
2024-01-19 14:00:00+00:00,2027.641,2029.519,2023.178,2029.075,18114.0,16,4,1,3
2024-01-19 18:00:00+00:00,2029.056,2029.97,2027.687,2029.452,5363.0,20,4,1,0
2024-01-21 18:00:00+00:00,2028.529,2028.563,2026.857,2027.504,2790.0,20,6,1,0
2024-01-21 22:00:00+00:00,2027.49,2032.074,2025.396,2026.943,14131.0,0,0,1,0
2024-01-22 02:00:00+00:00,2026.935,2027.178,2019.067,2021.79,16932.0,4,0,1,0
2024-01-22 06:00:00+00:00,2021.756,2026.606,2020.407,2026.115,16898.0,8,0,1,0
2024-01-22 10:00:00+00:00,2026.066,2030.182,2016.399,2024.1,25581.0,12,0,1,1
2024-01-22 14:00:00+00:00,2024.142,2024.601,2019.028,2020.96,15315.0,16,0,1,3
2024-01-22 18:00:00+00:00,2020.972,2021.773,2019.111,2020.552,6633.0,20,0,1,0
2024-01-22 22:00:00+00:00,2020.554,2027.86,2019.559,2027.393,14079.0,0,1,1,0
2024-01-23 02:00:00+00:00,2027.389,2037.908,2026.651,2031.549,17878.0,4,1,1,0
2024-01-23 06:00:00+00:00,2031.553,2031.648,2022.396,2023.862,17482.0,8,1,1,0
2024-01-23 10:00:00+00:00,2023.869,2030.349,2021.352,2025.108,23357.0,12,1,1,1
2024-01-23 14:00:00+00:00,2025.165,2030.681,2022.566,2029.836,16259.0,16,1,1,3
2024-01-23 18:00:00+00:00,2029.818,2030.286,2027.09,2029.137,6995.0,20,1,1,0
2024-01-23 22:00:00+00:00,2029.003,2029.278,2023.665,2024.82,12945.0,0,2,1,0
2024-01-24 02:00:00+00:00,2024.818,2031.628,2022.765,2029.528,13980.0,4,2,1,0
2024-01-24 06:00:00+00:00,2029.561,2034.231,2028.175,2033.463,17140.0,8,2,1,0
2024-01-24 10:00:00+00:00,2033.413,2036.63,2014.832,2015.213,31895.0,12,2,1,1
2024-01-24 14:00:00+00:00,2015.245,2019.778,2011.138,2012.057,21020.0,16,2,1,3
2024-01-24 18:00:00+00:00,2012.089,2017.39,2011.783,2016.101,8226.0,20,2,1,0
2024-01-24 22:00:00+00:00,2015.977,2017.282,2014.44,2015.768,13592.0,0,3,1,0
2024-01-25 02:00:00+00:00,2015.766,2018.218,2013.549,2015.811,12313.0,4,3,1,0
2024-01-25 06:00:00+00:00,2015.763,2019.492,2012.654,2017.449,16033.0,8,3,1,0
2024-01-25 10:00:00+00:00,2017.451,2025.241,2009.361,2020.279,31435.0,12,3,1,1
2024-01-25 14:00:00+00:00,2020.285,2021.607,2012.423,2017.7,18165.0,16,3,1,3
2024-01-25 18:00:00+00:00,2017.734,2021.588,2016.865,2020.248,7204.0,20,3,1,0
2024-01-25 22:00:00+00:00,2020.356,2024.172,2019.332,2021.773,12220.0,0,4,1,0
2024-01-26 02:00:00+00:00,2021.718,2023.468,2019.762,2021.252,12084.0,4,4,1,0
2024-01-26 06:00:00+00:00,2021.249,2024.648,2018.184,2023.428,15656.0,8,4,1,0
2024-01-26 10:00:00+00:00,2023.385,2026.819,2016.034,2017.083,24754.0,12,4,1,1
2024-01-26 14:00:00+00:00,2017.006,2019.454,2015.854,2017.015,15088.0,16,4,1,3
2024-01-26 18:00:00+00:00,2016.991,2019.215,2016.447,2018.469,4587.0,20,4,1,0
2024-01-28 18:00:00+00:00,2023.424,2028.604,2021.188,2021.831,5023.0,20,6,1,0
2024-01-28 22:00:00+00:00,2021.832,2026.322,2019.281,2025.6,14120.0,0,0,1,0
2024-01-29 02:00:00+00:00,2025.594,2033.823,2024.658,2031.276,13079.0,4,0,1,0
2024-01-29 06:00:00+00:00,2031.248,2033.56,2025.427,2028.111,15268.0,8,0,1,0
2024-01-29 10:00:00+00:00,2028.133,2037.561,2020.466,2025.387,22204.0,12,0,1,1
2024-01-29 14:00:00+00:00,2025.344,2031.097,2023.955,2026.881,15475.0,16,0,1,3
2024-01-29 18:00:00+00:00,2026.917,2035.257,2026.917,2030.73,9815.0,20,0,1,0
2024-01-29 22:00:00+00:00,2030.692,2034.067,2029.774,2031.999,12835.0,0,1,1,0
2024-01-30 02:00:00+00:00,2032.003,2040.45,2031.153,2037.858,13293.0,4,1,1,0
2024-01-30 06:00:00+00:00,2037.813,2039.464,2030.994,2034.252,16172.0,8,1,1,0
2024-01-30 10:00:00+00:00,2034.224,2048.556,2029.025,2032.543,31780.0,12,1,1,1
2024-01-30 14:00:00+00:00,2032.606,2037.021,2031.376,2036.04,17539.0,16,1,1,3
2024-01-30 18:00:00+00:00,2036.003,2037.079,2035.233,2036.231,6879.0,20,1,1,0
2024-01-30 22:00:00+00:00,2036.194,2038.64,2032.811,2033.908,11459.0,0,2,1,0
2024-01-31 02:00:00+00:00,2033.905,2038.515,2033.197,2036.563,11148.0,4,2,1,0
2024-01-31 06:00:00+00:00,2036.566,2040.437,2036.079,2037.284,14243.0,8,2,1,0
2024-01-31 10:00:00+00:00,2037.287,2055.967,2035.981,2052.116,27730.0,12,2,1,1
2024-01-31 14:00:00+00:00,2052.132,2053.58,2039.413,2044.78,37088.0,16,2,1,3
2024-01-31 18:00:00+00:00,2044.748,2045.913,2030.825,2039.784,24519.0,20,2,1,0
2024-01-31 22:00:00+00:00,2039.897,2049.516,2039.116,2046.288,14918.0,0,3,2,0
2024-02-01 02:00:00+00:00,2046.335,2046.641,2041.094,2042.895,13717.0,4,3,2,0
2024-02-01 06:00:00+00:00,2042.81,2042.81,2029.913,2033.378,19922.0,8,3,2,0
2024-02-01 10:00:00+00:00,2033.38,2053.005,2030.034,2051.911,34342.0,12,3,2,1
2024-02-01 14:00:00+00:00,2051.861,2065.458,2051.261,2054.78,29533.0,16,3,2,3
2024-02-01 18:00:00+00:00,2054.73,2056.102,2053.414,2054.627,7946.0,20,3,2,0
2024-02-01 22:00:00+00:00,2054.638,2056.91,2051.894,2054.559,12875.0,0,4,2,0
2024-02-02 02:00:00+00:00,2054.564,2056.931,2054.063,2055.042,13230.0,4,4,2,0
2024-02-02 06:00:00+00:00,2055.024,2056.774,2052.669,2056.038,14557.0,8,4,2,0
2024-02-02 10:00:00+00:00,2056.068,2057.623,2027.741,2034.993,43923.0,12,4,2,1
2024-02-02 14:00:00+00:00,2034.943,2038.735,2033.047,2038.052,18835.0,16,4,2,3
2024-02-02 18:00:00+00:00,2038.107,2039.785,2035.967,2039.607,5714.0,20,4,2,0
2024-02-04 18:00:00+00:00,2041.781,2042.219,2039.07,2039.716,3250.0,20,6,2,0
2024-02-04 22:00:00+00:00,2039.299,2039.822,2030.225,2032.223,17625.0,0,0,2,0
2024-02-05 02:00:00+00:00,2032.264,2033.315,2026.738,2027.502,14907.0,4,0,2,0
2024-02-05 06:00:00+00:00,2027.556,2028.354,2020.591,2027.577,16289.0,8,0,2,0
2024-02-05 10:00:00+00:00,2027.58,2028.018,2014.812,2017.79,26354.0,12,0,2,1
2024-02-05 14:00:00+00:00,2017.741,2027.475,2017.741,2025.928,16480.0,16,0,2,3
2024-02-05 18:00:00+00:00,2025.897,2026.377,2023.444,2024.859,6623.0,20,0,2,0
2024-02-05 22:00:00+00:00,2024.81,2028.553,2023.413,2023.894,12438.0,0,1,2,0
2024-02-06 02:00:00+00:00,2023.896,2029.804,2023.522,2026.243,13500.0,4,1,2,0
2024-02-06 06:00:00+00:00,2026.264,2027.472,2022.831,2026.696,14661.0,8,1,2,0
2024-02-06 10:00:00+00:00,2026.648,2038.108,2024.459,2036.285,24332.0,12,1,2,1
2024-02-06 14:00:00+00:00,2036.231,2038.88,2032.066,2035.904,18499.0,16,1,2,3
2024-02-06 18:00:00+00:00,2035.964,2036.955,2034.287,2035.069,6540.0,20,1,2,0
2024-02-06 22:00:00+00:00,2035.115,2036.095,2034.029,2034.442,10956.0,0,2,2,0
2024-02-07 02:00:00+00:00,2034.43,2036.172,2032.409,2035.124,10927.0,4,2,2,0
2024-02-07 06:00:00+00:00,2035.188,2035.74,2031.215,2034.122,13867.0,8,2,2,0
2024-02-07 10:00:00+00:00,2034.114,2044.527,2030.519,2038.345,24830.0,12,2,2,1
2024-02-07 14:00:00+00:00,2038.303,2040.879,2033.943,2035.511,16968.0,16,2,2,3
2024-02-07 18:00:00+00:00,2035.465,2036.374,2033.68,2036.227,6343.0,20,2,2,0
2024-02-07 22:00:00+00:00,2036.221,2038.726,2031.757,2032.755,10978.0,0,3,2,0
2024-02-08 02:00:00+00:00,2032.748,2034.951,2031.094,2032.794,11717.0,4,3,2,0
2024-02-08 06:00:00+00:00,2032.795,2038.486,2027.788,2028.974,16655.0,8,3,2,0
2024-02-08 10:00:00+00:00,2028.986,2034.048,2020.114,2031.933,27897.0,12,3,2,1
2024-02-08 14:00:00+00:00,2031.971,2035.352,2027.694,2032.495,16723.0,16,3,2,3
2024-02-08 18:00:00+00:00,2032.491,2034.634,2032.491,2034.123,5620.0,20,3,2,0
2024-02-08 22:00:00+00:00,2033.94,2035.112,2031.935,2033.548,9833.0,0,4,2,0
2024-02-09 02:00:00+00:00,2033.575,2034.971,2032.114,2033.522,9403.0,4,4,2,0
2024-02-09 06:00:00+00:00,2033.521,2034.076,2030.49,2031.515,14501.0,8,4,2,0
2024-02-09 10:00:00+00:00,2031.517,2037.174,2021.784,2022.452,28302.0,12,4,2,1
2024-02-09 14:00:00+00:00,2022.461,2026.294,2020.199,2024.749,15465.0,16,4,2,3
2024-02-09 18:00:00+00:00,2024.739,2026.19,2023.805,2024.184,4756.0,20,4,2,0
2024-02-11 18:00:00+00:00,2026.346,2026.706,2024.391,2025.266,2170.0,20,6,2,0
2024-02-11 22:00:00+00:00,2025.417,2026.559,2021.812,2022.856,9231.0,0,0,2,0
2024-02-12 02:00:00+00:00,2022.879,2026.403,2022.496,2025.502,9029.0,4,0,2,0
2024-02-12 06:00:00+00:00,2025.45,2027.251,2019.916,2021.704,14153.0,8,0,2,0
2024-02-12 10:00:00+00:00,2021.693,2027.543,2012.048,2013.135,22539.0,12,0,2,1
2024-02-12 14:00:00+00:00,2013.2,2021.563,2011.868,2019.158,16663.0,16,0,2,3
2024-02-12 18:00:00+00:00,2019.099,2020.516,2018.282,2018.65,6021.0,20,0,2,0
2024-02-12 22:00:00+00:00,2018.602,2021.185,2016.851,2018.524,9604.0,0,1,2,0
2024-02-13 02:00:00+00:00,2018.479,2025.792,2018.324,2025.154,10430.0,4,1,2,0
2024-02-13 06:00:00+00:00,2025.203,2029.29,2024.415,2027.666,13609.0,8,1,2,0
2024-02-13 10:00:00+00:00,2027.711,2032.254,1989.965,1992.233,40124.0,12,1,2,1
2024-02-13 14:00:00+00:00,1992.285,1997.775,1991.186,1991.754,18069.0,16,1,2,3
2024-02-13 18:00:00+00:00,1991.715,1993.611,1990.408,1991.193,7200.0,20,1,2,0
2024-02-13 22:00:00+00:00,1991.332,1993.56,1988.807,1992.464,11685.0,0,2,2,0
2024-02-14 02:00:00+00:00,1992.459,1993.272,1989.276,1989.439,11253.0,4,2,2,0
2024-02-14 06:00:00+00:00,1989.497,1993.369,1985.931,1992.2,16808.0,8,2,2,0
2024-02-14 10:00:00+00:00,1992.232,1993.185,1984.121,1987.847,25747.0,12,2,2,1
2024-02-14 14:00:00+00:00,1987.897,1996.037,1987.381,1991.657,19402.0,16,2,2,3
2024-02-14 18:00:00+00:00,1991.667,1994.759,1989.57,1993.452,6686.0,20,2,2,0
2024-02-14 22:00:00+00:00,1993.441,1994.293,1990.167,1990.753,10513.0,0,3,2,0
2024-02-15 02:00:00+00:00,1990.755,1994.599,1990.408,1993.726,10226.0,4,3,2,0
2024-02-15 06:00:00+00:00,1993.68,1998.105,1993.43,1997.476,13932.0,8,3,2,0
2024-02-15 10:00:00+00:00,1997.449,2008.249,1995.637,2000.804,29966.0,12,3,2,1
2024-02-15 14:00:00+00:00,2000.75,2006.403,1998.367,2005.007,17151.0,16,3,2,3
2024-02-15 18:00:00+00:00,2004.991,2005.061,2003.15,2003.157,6091.0,20,3,2,0
2024-02-15 22:00:00+00:00,2003.095,2005.615,2002.332,2004.266,10155.0,0,4,2,0
2024-02-16 02:00:00+00:00,2004.264,2006.431,2002.722,2005.147,10701.0,4,4,2,0
2024-02-16 06:00:00+00:00,2005.189,2007.776,2003.834,2007.239,13313.0,8,4,2,0
2024-02-16 10:00:00+00:00,2007.25,2011.0,1995.08,2007.858,32056.0,12,4,2,1
2024-02-16 14:00:00+00:00,2007.89,2015.122,2007.135,2012.579,18005.0,16,4,2,3
2024-02-16 18:00:00+00:00,2012.598,2013.986,2011.207,2013.269,5319.0,20,4,2,0
2024-02-18 18:00:00+00:00,2012.706,2019.066,1997.784,2010.601,4237.0,20,6,2,0
2024-02-18 22:00:00+00:00,2012.791,2022.861,2009.184,2019.845,14600.0,0,0,2,0
2024-02-19 02:00:00+00:00,2019.888,2022.957,2018.207,2020.875,11799.0,4,0,2,0
2024-02-19 06:00:00+00:00,2020.906,2021.224,2018.197,2018.365,13958.0,8,0,2,0
2024-02-19 10:00:00+00:00,2018.413,2019.299,2014.675,2014.882,14570.0,12,0,2,1
2024-02-19 14:00:00+00:00,2014.879,2018.491,2013.224,2017.878,6817.0,16,0,2,3
2024-02-19 18:00:00+00:00,2017.244,2017.357,2015.576,2016.203,1694.0,20,0,2,0
2024-02-19 22:00:00+00:00,2015.981,2019.144,2014.958,2018.27,11422.0,0,1,2,0
2024-02-20 02:00:00+00:00,2018.285,2022.867,2017.727,2021.441,10707.0,4,1,2,0
2024-02-20 06:00:00+00:00,2021.394,2027.559,2020.736,2026.866,16175.0,8,1,2,0
2024-02-20 10:00:00+00:00,2026.868,2030.816,2025.434,2027.378,21421.0,12,1,2,1
2024-02-20 14:00:00+00:00,2027.357,2028.904,2024.75,2025.106,14353.0,16,1,2,3
2024-02-20 18:00:00+00:00,2025.151,2025.192,2023.545,2024.128,6296.0,20,1,2,0
2024-02-20 22:00:00+00:00,2024.048,2030.835,2022.867,2030.425,11130.0,0,2,2,0
2024-02-21 02:00:00+00:00,2030.433,2032.25,2028.348,2028.791,11485.0,4,2,2,0
2024-02-21 06:00:00+00:00,2028.78,2030.077,2025.941,2028.243,13832.0,8,2,2,0
2024-02-21 10:00:00+00:00,2028.245,2031.537,2024.026,2024.149,19526.0,12,2,2,1
2024-02-21 14:00:00+00:00,2024.193,2026.464,2019.998,2025.928,18716.0,16,2,2,3
2024-02-21 18:00:00+00:00,2025.938,2026.962,2023.908,2025.568,7877.0,20,2,2,0
2024-02-21 22:00:00+00:00,2025.483,2028.528,2025.019,2026.292,11271.0,0,3,2,0
2024-02-22 02:00:00+00:00,2026.299,2031.976,2025.47,2031.396,11405.0,4,3,2,0
2024-02-22 06:00:00+00:00,2031.395,2034.833,2027.258,2028.937,16431.0,8,3,2,0
2024-02-22 10:00:00+00:00,2028.93,2029.844,2020.212,2023.306,26945.0,12,3,2,1
2024-02-22 14:00:00+00:00,2023.321,2024.643,2019.547,2022.982,16077.0,16,3,2,3
2024-02-22 18:00:00+00:00,2023.009,2025.786,2022.503,2024.677,6772.0,20,3,2,0
2024-02-22 22:00:00+00:00,2024.524,2027.34,2022.72,2025.688,11253.0,0,4,2,0
2024-02-23 02:00:00+00:00,2025.686,2026.446,2018.148,2021.8,11079.0,4,4,2,0
2024-02-23 06:00:00+00:00,2021.803,2023.934,2015.981,2023.79,15973.0,8,4,2,0
2024-02-23 10:00:00+00:00,2023.808,2031.125,2023.016,2030.038,22623.0,12,4,2,1
2024-02-23 14:00:00+00:00,2030.088,2041.343,2030.088,2037.302,18673.0,16,4,2,3
2024-02-23 18:00:00+00:00,2037.3,2037.474,2035.093,2035.524,5222.0,20,4,2,0
2024-02-25 18:00:00+00:00,2033.24,2034.94,2033.179,2034.225,2093.0,20,6,2,0
2024-02-25 22:00:00+00:00,2033.996,2034.105,2029.876,2032.442,11884.0,0,0,2,0
2024-02-26 02:00:00+00:00,2032.439,2035.306,2031.811,2035.01,11006.0,4,0,2,0
2024-02-26 06:00:00+00:00,2034.961,2037.021,2030.797,2030.891,15946.0,8,0,2,0
2024-02-26 10:00:00+00:00,2030.94,2034.421,2025.019,2029.103,19622.0,12,0,2,1
2024-02-26 14:00:00+00:00,2029.044,2030.14,2026.484,2029.676,15301.0,16,0,2,3
2024-02-26 18:00:00+00:00,2029.642,2033.665,2029.642,2031.073,6253.0,20,0,2,0
2024-02-26 22:00:00+00:00,2030.986,2034.563,2030.986,2033.372,9818.0,0,1,2,0
2024-02-27 02:00:00+00:00,2033.365,2036.18,2032.773,2035.386,10228.0,4,1,2,0
2024-02-27 06:00:00+00:00,2035.38,2039.471,2034.573,2038.172,14816.0,8,1,2,0
2024-02-27 10:00:00+00:00,2038.182,2039.098,2032.978,2033.746,20259.0,12,1,2,1
2024-02-27 14:00:00+00:00,2033.794,2036.025,2029.344,2030.214,15715.0,16,1,2,3
2024-02-27 18:00:00+00:00,2030.215,2030.73,2028.676,2030.09,5754.0,20,1,2,0
2024-02-27 22:00:00+00:00,2029.968,2033.695,2029.1,2030.935,11032.0,0,2,2,0
2024-02-28 02:00:00+00:00,2030.937,2032.019,2027.814,2028.121,10436.0,4,2,2,0
2024-02-28 06:00:00+00:00,2028.166,2029.233,2024.475,2027.254,14878.0,8,2,2,0
2024-02-28 10:00:00+00:00,2027.204,2037.925,2026.832,2031.789,20471.0,12,2,2,1
2024-02-28 14:00:00+00:00,2031.757,2035.522,2030.835,2032.089,14577.0,16,2,2,3
2024-02-28 18:00:00+00:00,2032.139,2035.415,2032.053,2034.303,6050.0,20,2,2,0
2024-02-28 22:00:00+00:00,2034.378,2037.036,2033.935,2036.541,10545.0,0,3,2,0
2024-02-29 02:00:00+00:00,2036.541,2037.839,2034.375,2037.23,10378.0,4,3,2,0
2024-02-29 06:00:00+00:00,2037.172,2037.455,2028.799,2030.235,15238.0,8,3,2,0
2024-02-29 10:00:00+00:00,2030.237,2050.667,2028.064,2048.068,28964.0,12,3,2,1
2024-02-29 14:00:00+00:00,2048.098,2048.352,2043.273,2044.477,17001.0,16,3,2,3
2024-02-29 18:00:00+00:00,2044.42,2045.419,2042.766,2043.981,6488.0,20,3,2,0
2024-02-29 22:00:00+00:00,2044.053,2046.792,2042.769,2046.518,9831.0,0,4,3,0
2024-03-01 02:00:00+00:00,2046.518,2048.762,2043.409,2045.396,10558.0,4,4,3,0
2024-03-01 06:00:00+00:00,2045.46,2057.479,2039.039,2055.324,18497.0,8,4,3,0
2024-03-01 10:00:00+00:00,2055.324,2070.928,2045.573,2069.182,30328.0,12,4,3,1
2024-03-01 14:00:00+00:00,2069.211,2088.31,2069.211,2085.252,24001.0,16,4,3,3
2024-03-01 18:00:00+00:00,2085.223,2085.344,2082.848,2083.315,5536.0,20,4,3,0
2024-03-03 18:00:00+00:00,2082.522,2086.146,2082.522,2083.44,2892.0,20,6,3,0
2024-03-03 22:00:00+00:00,2083.591,2084.346,2079.411,2081.366,12474.0,0,0,3,0
2024-03-04 02:00:00+00:00,2081.367,2088.247,2080.244,2087.334,11064.0,4,0,3,0
2024-03-04 06:00:00+00:00,2087.374,2087.438,2081.798,2082.112,15676.0,8,0,3,0
2024-03-04 10:00:00+00:00,2082.102,2109.362,2081.115,2108.97,27225.0,12,0,3,1
2024-03-04 14:00:00+00:00,2108.934,2119.885,2107.591,2116.24,26177.0,16,0,3,3
2024-03-04 18:00:00+00:00,2116.249,2118.519,2113.392,2114.48,7109.0,20,0,3,0
2024-03-04 22:00:00+00:00,2114.34,2116.843,2110.409,2112.961,13111.0,0,1,3,0
2024-03-05 02:00:00+00:00,2112.984,2119.633,2112.6,2114.449,13633.0,4,1,3,0
2024-03-05 06:00:00+00:00,2114.495,2127.325,2114.44,2124.431,19254.0,8,1,3,0
2024-03-05 10:00:00+00:00,2124.434,2141.879,2121.093,2126.617,48568.0,12,1,3,1
2024-03-05 14:00:00+00:00,2126.574,2134.71,2123.636,2129.53,22188.0,16,1,3,3
2024-03-05 18:00:00+00:00,2129.485,2130.963,2126.656,2128.162,7754.0,20,1,3,0
2024-03-05 22:00:00+00:00,2127.777,2128.105,2123.604,2124.697,12081.0,0,2,3,0
2024-03-06 02:00:00+00:00,2124.716,2131.465,2124.716,2128.478,11864.0,4,2,3,0
2024-03-06 06:00:00+00:00,2128.43,2132.601,2124.299,2132.474,16817.0,8,2,3,0
2024-03-06 10:00:00+00:00,2132.519,2149.191,2130.952,2140.923,40405.0,12,2,3,1
2024-03-06 14:00:00+00:00,2140.891,2152.23,2139.39,2144.309,29515.0,16,2,3,3
2024-03-06 18:00:00+00:00,2144.258,2151.025,2143.114,2147.192,8821.0,20,2,3,0
2024-03-06 22:00:00+00:00,2146.851,2152.494,2144.185,2151.709,16952.0,0,3,3,0
2024-03-07 02:00:00+00:00,2151.718,2161.588,2151.504,2155.951,22753.0,4,3,3,0
2024-03-07 06:00:00+00:00,2156.003,2159.83,2153.255,2155.941,19183.0,8,3,3,0
2024-03-07 10:00:00+00:00,2155.95,2164.753,2147.866,2153.701,36617.0,12,3,3,1
2024-03-07 14:00:00+00:00,2153.694,2160.905,2149.223,2159.99,20738.0,16,3,3,3
2024-03-07 18:00:00+00:00,2159.944,2161.463,2157.949,2161.463,7333.0,20,3,3,0
2024-03-07 22:00:00+00:00,2161.642,2163.565,2153.952,2157.578,13410.0,0,4,3,0
2024-03-08 02:00:00+00:00,2157.579,2162.032,2156.318,2161.345,13615.0,4,4,3,0
2024-03-08 06:00:00+00:00,2161.299,2171.084,2161.056,2168.221,19368.0,8,4,3,0
2024-03-08 10:00:00+00:00,2168.225,2185.418,2156.309,2177.165,49052.0,12,4,3,1
2024-03-08 14:00:00+00:00,2177.209,2195.115,2168.28,2176.435,35260.0,16,4,3,3
2024-03-08 18:00:00+00:00,2176.465,2179.049,2175.648,2178.502,6050.0,20,4,3,0
2024-03-10 18:00:00+00:00,2179.559,2183.824,2177.114,2181.569,5764.0,20,6,3,0
2024-03-10 22:00:00+00:00,2181.593,2189.012,2176.863,2179.462,17334.0,0,0,3,0
2024-03-11 02:00:00+00:00,2179.468,2182.743,2176.803,2182.2,14223.0,4,0,3,0
2024-03-11 06:00:00+00:00,2182.241,2183.081,2175.792,2178.888,17853.0,8,0,3,0
2024-03-11 10:00:00+00:00,2178.924,2185.653,2174.633,2184.271,29250.0,12,0,3,1
2024-03-11 14:00:00+00:00,2184.291,2184.649,2177.073,2181.291,17766.0,16,0,3,3
2024-03-11 18:00:00+00:00,2181.329,2184.651,2180.562,2183.552,6393.0,20,0,3,0
2024-03-11 22:00:00+00:00,2183.551,2184.483,2176.75,2177.469,13157.0,0,1,3,0
2024-03-12 02:00:00+00:00,2177.472,2179.158,2173.539,2176.924,14279.0,4,1,3,0
2024-03-12 06:00:00+00:00,2176.881,2179.048,2170.565,2171.956,16798.0,8,1,3,0
2024-03-12 10:00:00+00:00,2171.934,2181.977,2152.55,2163.015,58657.0,12,1,3,1
2024-03-12 14:00:00+00:00,2163.007,2166.496,2150.467,2157.314,19958.0,16,1,3,3
2024-03-12 18:00:00+00:00,2157.299,2161.197,2155.753,2156.915,7827.0,20,1,3,0
2024-03-12 22:00:00+00:00,2156.907,2161.503,2156.531,2159.057,13474.0,0,2,3,0
2024-03-13 02:00:00+00:00,2159.056,2161.499,2157.22,2159.648,13377.0,4,2,3,0
2024-03-13 06:00:00+00:00,2159.689,2164.174,2157.508,2163.925,16515.0,8,2,3,0
2024-03-13 10:00:00+00:00,2163.923,2174.523,2161.368,2171.759,32159.0,12,2,3,1
2024-03-13 14:00:00+00:00,2171.706,2179.8,2169.53,2172.546,20575.0,16,2,3,3
2024-03-13 18:00:00+00:00,2172.497,2176.176,2172.274,2175.361,5890.0,20,2,3,0
2024-03-13 22:00:00+00:00,2175.449,2176.971,2171.097,2172.264,13014.0,0,3,3,0
2024-03-14 02:00:00+00:00,2172.255,2172.513,2167.419,2168.634,13248.0,4,3,3,0
2024-03-14 06:00:00+00:00,2168.58,2171.959,2167.1,2168.455,15555.0,8,3,3,0
2024-03-14 10:00:00+00:00,2168.496,2170.378,2152.649,2157.191,41301.0,12,3,3,1
2024-03-14 14:00:00+00:00,2157.19,2165.001,2156.663,2163.449,17573.0,16,3,3,3
2024-03-14 18:00:00+00:00,2163.514,2163.859,2160.825,2161.645,4999.0,20,3,3,0
2024-03-14 22:00:00+00:00,2161.698,2165.906,2160.588,2164.53,12419.0,0,4,3,0
2024-03-15 02:00:00+00:00,2164.532,2170.139,2163.477,2167.016,14679.0,4,4,3,0
2024-03-15 06:00:00+00:00,2167.056,2172.712,2165.26,2166.91,17271.0,8,4,3,0
2024-03-15 10:00:00+00:00,2166.896,2167.293,2156.437,2159.991,31694.0,12,4,3,1
2024-03-15 14:00:00+00:00,2159.942,2163.448,2155.092,2156.917,17294.0,16,4,3,3
2024-03-15 18:00:00+00:00,2156.949,2158.257,2155.399,2155.697,1936.0,20,4,3,0
2024-03-17 18:00:00+00:00,2153.279,2156.533,2153.082,2156.516,5007.0,20,6,3,0
2024-03-17 22:00:00+00:00,2156.473,2157.481,2146.028,2146.768,15663.0,0,0,3,0
2024-03-18 02:00:00+00:00,2146.768,2152.161,2146.068,2152.161,13111.0,4,0,3,0
2024-03-18 06:00:00+00:00,2152.099,2161.237,2150.122,2160.974,17954.0,8,0,3,0
2024-03-18 10:00:00+00:00,2161.021,2163.605,2155.473,2158.31,25376.0,12,0,3,1
2024-03-18 14:00:00+00:00,2158.344,2161.127,2154.602,2160.167,16174.0,16,0,3,3
2024-03-18 18:00:00+00:00,2160.153,2162.29,2159.385,2161.65,4974.0,20,0,3,0
2024-03-18 22:00:00+00:00,2162.053,2162.839,2158.588,2161.428,13849.0,0,1,3,0
2024-03-19 02:00:00+00:00,2161.414,2162.063,2153.94,2155.74,16034.0,4,1,3,0
2024-03-19 06:00:00+00:00,2155.782,2156.673,2147.156,2155.536,20685.0,8,1,3,0
2024-03-19 10:00:00+00:00,2155.485,2158.691,2148.361,2154.219,26088.0,12,1,3,1
2024-03-19 14:00:00+00:00,2154.256,2157.92,2153.094,2157.681,15494.0,16,1,3,3
2024-03-19 18:00:00+00:00,2157.728,2159.519,2156.988,2157.009,4780.0,20,1,3,0
2024-03-19 22:00:00+00:00,2157.054,2160.004,2155.176,2159.816,11001.0,0,2,3,0
2024-03-20 02:00:00+00:00,2159.849,2160.176,2156.328,2158.266,12426.0,4,2,3,0
2024-03-20 06:00:00+00:00,2158.224,2158.353,2152.264,2153.978,15625.0,8,2,3,0
2024-03-20 10:00:00+00:00,2154.024,2164.846,2149.534,2155.852,25522.0,12,2,3,1
2024-03-20 14:00:00+00:00,2155.863,2188.822,2155.456,2182.881,53079.0,16,2,3,3
2024-03-20 18:00:00+00:00,2182.832,2211.005,2182.781,2203.501,12559.0,20,2,3,0
2024-03-20 22:00:00+00:00,2203.971,2212.563,2192.363,2202.726,24679.0,0,3,3,0
2024-03-21 02:00:00+00:00,2202.753,2210.158,2201.775,2206.572,17584.0,4,3,3,0
2024-03-21 06:00:00+00:00,2206.506,2211.751,2196.793,2207.486,24999.0,8,3,3,0
2024-03-21 10:00:00+00:00,2207.431,2208.811,2166.297,2174.68,48872.0,12,3,3,1
2024-03-21 14:00:00+00:00,2174.706,2183.945,2172.954,2181.426,20353.0,16,3,3,3
2024-03-21 18:00:00+00:00,2181.478,2182.419,2180.381,2181.491,5354.0,20,3,3,0
2024-03-21 22:00:00+00:00,2181.676,2186.043,2171.809,2173.738,19704.0,0,4,3,0
2024-03-22 02:00:00+00:00,2173.734,2176.295,2162.584,2168.399,18401.0,4,4,3,0
2024-03-22 06:00:00+00:00,2168.397,2170.033,2164.871,2166.016,19659.0,8,4,3,0
2024-03-22 10:00:00+00:00,2166.059,2180.06,2165.404,2166.095,31545.0,12,4,3,1
2024-03-22 14:00:00+00:00,2166.059,2167.465,2156.986,2163.986,19704.0,16,4,3,3
2024-03-22 18:00:00+00:00,2164.021,2167.185,2163.567,2165.338,2847.0,20,4,3,0
2024-03-24 18:00:00+00:00,2166.313,2168.892,2165.06,2168.337,5632.0,20,6,3,0
2024-03-24 22:00:00+00:00,2168.318,2178.33,2163.918,2170.602,22238.0,0,0,3,0
2024-03-25 02:00:00+00:00,2170.612,2171.606,2163.412,2165.813,16105.0,4,0,3,0
2024-03-25 06:00:00+00:00,2165.768,2171.834,2163.805,2170.398,18387.0,8,0,3,0
2024-03-25 10:00:00+00:00,2170.436,2181.262,2170.261,2175.412,25194.0,12,0,3,1
2024-03-25 14:00:00+00:00,2175.406,2177.796,2170.662,2170.945,14800.0,16,0,3,3
2024-03-25 18:00:00+00:00,2170.992,2173.308,2170.739,2172.878,6154.0,20,0,3,0
2024-03-25 22:00:00+00:00,2172.883,2174.403,2167.541,2170.346,15092.0,0,1,3,0
2024-03-26 02:00:00+00:00,2170.354,2174.172,2169.583,2173.008,13249.0,4,1,3,0
2024-03-26 06:00:00+00:00,2172.99,2200.05,2171.564,2196.423,24632.0,8,1,3,0
2024-03-26 10:00:00+00:00,2196.453,2197.326,2171.682,2174.244,33981.0,12,1,3,1
2024-03-26 14:00:00+00:00,2174.292,2179.214,2174.243,2177.876,16455.0,16,1,3,3
2024-03-26 18:00:00+00:00,2177.92,2179.942,2174.608,2179.467,5834.0,20,1,3,0
2024-03-26 22:00:00+00:00,2179.463,2181.704,2173.105,2177.725,16076.0,0,2,3,0
2024-03-27 02:00:00+00:00,2177.705,2180.782,2175.642,2180.488,13638.0,4,2,3,0
2024-03-27 06:00:00+00:00,2180.526,2197.586,2176.434,2188.406,24293.0,8,2,3,0
2024-03-27 10:00:00+00:00,2188.439,2195.222,2183.412,2190.494,30227.0,12,2,3,1
2024-03-27 14:00:00+00:00,2190.476,2194.213,2188.992,2193.283,16230.0,16,2,3,3
2024-03-27 18:00:00+00:00,2193.338,2195.211,2189.736,2190.969,7263.0,20,2,3,0
2024-03-27 22:00:00+00:00,2190.723,2196.438,2187.305,2194.774,16048.0,0,3,3,0
2024-03-28 02:00:00+00:00,2194.752,2200.634,2192.63,2193.719,15292.0,4,3,3,0
2024-03-28 06:00:00+00:00,2193.738,2213.777,2190.828,2210.262,25298.0,8,3,3,0
2024-03-28 10:00:00+00:00,2210.259,2217.13,2202.214,2215.877,41353.0,12,3,3,1
2024-03-28 14:00:00+00:00,2215.89,2225.576,2213.458,2221.638,21482.0,16,3,3,3
2024-03-28 18:00:00+00:00,2221.631,2236.293,2219.601,2232.587,4189.0,20,3,3,0
2024-03-31 18:00:00+00:00,2239.644,2247.34,2235.569,2244.926,10525.0,20,6,3,0
2024-03-31 22:00:00+00:00,2245.959,2265.143,2243.812,2264.309,22499.0,0,0,4,0
2024-04-01 02:00:00+00:00,2264.36,2265.678,2256.868,2257.535,15235.0,4,0,4,0
2024-04-01 06:00:00+00:00,2257.562,2260.181,2245.583,2246.851,18934.0,8,0,4,0
2024-04-01 10:00:00+00:00,2246.819,2257.902,2228.472,2239.638,45379.0,12,0,4,1
2024-04-01 14:00:00+00:00,2239.658,2244.722,2234.665,2244.669,17345.0,16,0,4,3
2024-04-01 18:00:00+00:00,2244.613,2255.704,2242.987,2248.935,9644.0,20,0,4,0
2024-04-01 22:00:00+00:00,2248.963,2255.262,2246.652,2251.531,19715.0,0,1,4,0
2024-04-02 02:00:00+00:00,2251.534,2259.857,2250.418,2256.373,18722.0,4,1,4,0
2024-04-02 06:00:00+00:00,2256.325,2266.794,2255.057,2260.526,24650.0,8,1,4,0
2024-04-02 10:00:00+00:00,2260.57,2276.973,2250.773,2258.604,53163.0,12,1,4,1
2024-04-02 14:00:00+00:00,2258.657,2279.304,2254.11,2277.354,23844.0,16,1,4,3
2024-04-02 18:00:00+00:00,2277.395,2288.146,2275.647,2280.206,11199.0,20,1,4,0
2024-04-02 22:00:00+00:00,2279.885,2287.944,2276.735,2285.006,22370.0,0,2,4,0
2024-04-03 02:00:00+00:00,2285.023,2287.039,2270.34,2271.188,20308.0,4,2,4,0
2024-04-03 06:00:00+00:00,2271.174,2276.096,2267.627,2273.785,23090.0,8,2,4,0
2024-04-03 10:00:00+00:00,2273.736,2288.352,2265.347,2286.298,51258.0,12,2,4,1
2024-04-03 14:00:00+00:00,2286.292,2298.866,2280.697,2297.373,26970.0,16,2,4,3
2024-04-03 18:00:00+00:00,2297.404,2302.442,2296.245,2297.449,9605.0,20,2,4,0
2024-04-03 22:00:00+00:00,2297.5,2304.869,2297.227,2299.175,18192.0,0,3,4,0
2024-04-04 02:00:00+00:00,2299.125,2300.666,2291.836,2292.952,16765.0,4,3,4,0
2024-04-04 06:00:00+00:00,2292.94,2295.18,2288.757,2289.261,19052.0,8,3,4,0
2024-04-04 10:00:00+00:00,2289.31,2299.374,2282.702,2292.081,39826.0,12,3,4,1
2024-04-04 14:00:00+00:00,2292.026,2305.541,2279.817,2284.919,40284.0,16,3,4,3
2024-04-04 18:00:00+00:00,2284.888,2293.217,2284.756,2288.891,9352.0,20,3,4,0
2024-04-04 22:00:00+00:00,2288.691,2290.275,2267.751,2276.733,28273.0,0,4,4,0
2024-04-05 02:00:00+00:00,2276.688,2290.565,2276.543,2289.045,21517.0,4,4,4,0
2024-04-05 06:00:00+00:00,2289.014,2296.142,2284.859,2291.132,20724.0,8,4,4,0
2024-04-05 10:00:00+00:00,2291.1,2328.448,2280.188,2326.175,75314.0,12,4,4,1
2024-04-05 14:00:00+00:00,2326.191,2330.526,2320.638,2323.12,24055.0,16,4,4,3
2024-04-05 18:00:00+00:00,2323.159,2329.996,2322.813,2329.355,3495.0,20,4,4,0
2024-04-07 18:00:00+00:00,2327.315,2328.565,2304.017,2311.647,19524.0,20,6,4,0
2024-04-07 22:00:00+00:00,2311.297,2354.142,2302.862,2345.488,63035.0,0,0,4,0
2024-04-08 02:00:00+00:00,2345.535,2345.574,2331.76,2337.761,35329.0,4,0,4,0
2024-04-08 06:00:00+00:00,2337.71,2343.531,2333.259,2337.341,30471.0,8,0,4,0
2024-04-08 10:00:00+00:00,2337.286,2338.004,2318.652,2327.835,70087.0,12,0,4,1
2024-04-08 14:00:00+00:00,2327.882,2341.996,2326.021,2338.344,25084.0,16,0,4,3
2024-04-08 18:00:00+00:00,2338.397,2340.455,2336.602,2338.788,7311.0,20,0,4,0
2024-04-08 22:00:00+00:00,2338.784,2348.499,2337.771,2343.943,26562.0,0,1,4,0
2024-04-09 02:00:00+00:00,2343.981,2357.01,2343.047,2353.963,23042.0,4,1,4,0
2024-04-09 06:00:00+00:00,2353.96,2365.34,2349.546,2354.445,29076.0,8,1,4,0
2024-04-09 10:00:00+00:00,2354.414,2364.281,2338.236,2340.292,70968.0,12,1,4,1
2024-04-09 14:00:00+00:00,2340.329,2351.521,2340.014,2351.118,26762.0,16,1,4,3
2024-04-09 18:00:00+00:00,2351.072,2355.266,2350.279,2354.776,7886.0,20,1,4,0
2024-04-09 22:00:00+00:00,2354.899,2355.582,2344.698,2351.249,21313.0,0,2,4,0
2024-04-10 02:00:00+00:00,2351.202,2360.079,2350.831,2353.072,21337.0,4,2,4,0
2024-04-10 06:00:00+00:00,2353.121,2355.854,2344.739,2347.029,22750.0,8,2,4,0
2024-04-10 10:00:00+00:00,2346.974,2352.352,2319.221,2337.064,109422.0,12,2,4,1
2024-04-10 14:00:00+00:00,2337.054,2345.249,2325.753,2329.635,44835.0,16,2,4,3
2024-04-10 18:00:00+00:00,2329.692,2337.206,2329.511,2335.429,8674.0,20,2,4,0
2024-04-10 22:00:00+00:00,2335.489,2346.916,2333.318,2343.965,22362.0,0,3,4,0
2024-04-11 02:00:00+00:00,2343.911,2346.082,2333.88,2336.396,25279.0,4,3,4,0
2024-04-11 06:00:00+00:00,2336.438,2339.678,2325.593,2337.253,27356.0,8,3,4,0
2024-04-11 10:00:00+00:00,2337.269,2347.431,2331.604,2344.618,59462.0,12,3,4,1
2024-04-11 14:00:00+00:00,2344.667,2374.61,2342.634,2372.745,31885.0,16,3,4,3
2024-04-11 18:00:00+00:00,2372.824,2379.358,2371.26,2377.0,12294.0,20,3,4,0
2024-04-11 22:00:00+00:00,2376.787,2395.456,2374.586,2384.242,42161.0,0,4,4,0
2024-04-12 02:00:00+00:00,2384.247,2400.348,2382.701,2399.913,28340.0,4,4,4,0
2024-04-12 06:00:00+00:00,2399.954,2400.637,2390.358,2395.362,28711.0,8,4,4,0
2024-04-12 10:00:00+00:00,2395.365,2431.525,2382.125,2395.554,112540.0,12,4,4,1
2024-04-12 14:00:00+00:00,2395.507,2395.507,2333.793,2343.317,89490.0,16,4,4,3
2024-04-12 18:00:00+00:00,2343.375,2345.168,2341.691,2344.382,4264.0,20,4,4,0
2024-04-14 18:00:00+00:00,2369.105,2371.92,2346.755,2364.486,11686.0,20,6,4,0
2024-04-14 22:00:00+00:00,2364.446,2365.951,2348.399,2358.508,46676.0,0,0,4,0
2024-04-15 02:00:00+00:00,2358.443,2362.467,2349.952,2353.047,31762.0,4,0,4,0
2024-04-15 06:00:00+00:00,2353.039,2361.178,2344.706,2357.947,30761.0,8,0,4,0
2024-04-15 10:00:00+00:00,2357.996,2361.136,2324.083,2351.66,81993.0,12,0,4,1
2024-04-15 14:00:00+00:00,2351.69,2387.637,2346.114,2386.284,47224.0,16,0,4,3
2024-04-15 18:00:00+00:00,2386.37,2392.039,2380.038,2381.838,12018.0,20,0,4,0
2024-04-15 22:00:00+00:00,2381.898,2389.33,2379.206,2387.87,30673.0,0,1,4,0
2024-04-16 02:00:00+00:00,2387.903,2389.02,2362.965,2365.655,33166.0,4,1,4,0
2024-04-16 06:00:00+00:00,2365.497,2375.37,2365.107,2373.952,27455.0,8,1,4,0
2024-04-16 10:00:00+00:00,2373.956,2393.017,2363.441,2385.939,78343.0,12,1,4,1
2024-04-16 14:00:00+00:00,2385.981,2398.258,2379.712,2389.641,56421.0,16,1,4,3
2024-04-16 18:00:00+00:00,2389.693,2390.281,2378.366,2382.843,11437.0,20,1,4,0
2024-04-16 22:00:00+00:00,2382.703,2386.246,2380.648,2381.654,23616.0,0,2,4,0
2024-04-17 02:00:00+00:00,2381.652,2383.256,2372.625,2382.496,24064.0,4,2,4,0
2024-04-17 06:00:00+00:00,2382.461,2394.287,2382.461,2387.299,26671.0,8,2,4,0
2024-04-17 10:00:00+00:00,2387.36,2395.581,2378.312,2382.171,56059.0,12,2,4,1
2024-04-17 14:00:00+00:00,2382.219,2384.452,2360.981,2372.657,52669.0,16,2,4,3
2024-04-17 18:00:00+00:00,2372.604,2373.304,2354.554,2367.839,11957.0,20,2,4,0
2024-04-17 22:00:00+00:00,2367.837,2375.337,2364.019,2374.755,23201.0,0,3,4,0
2024-04-18 02:00:00+00:00,2374.748,2381.017,2373.13,2377.808,21184.0,4,3,4,0
2024-04-18 06:00:00+00:00,2377.841,2385.374,2377.174,2380.919,21830.0,8,3,4,0
2024-04-18 10:00:00+00:00,2380.968,2392.802,2369.48,2384.106,67224.0,12,3,4,1
2024-04-18 14:00:00+00:00,2384.11,2389.314,2378.045,2380.231,27640.0,16,3,4,3
2024-04-18 18:00:00+00:00,2380.265,2381.468,2376.85,2380.003,6988.0,20,3,4,0
2024-04-18 22:00:00+00:00,2379.867,2417.893,2373.712,2391.348,90753.0,0,4,4,0
2024-04-19 02:00:00+00:00,2391.344,2393.889,2378.6,2385.425,41610.0,4,4,4,0
2024-04-19 06:00:00+00:00,2385.368,2386.305,2372.761,2376.813,34745.0,8,4,4,0
2024-04-19 10:00:00+00:00,2376.855,2396.018,2373.074,2394.755,55081.0,12,4,4,1
2024-04-19 14:00:00+00:00,2394.753,2401.97,2386.592,2387.606,29518.0,16,4,4,3
2024-04-19 18:00:00+00:00,2387.653,2391.252,2386.636,2390.677,3707.0,20,4,4,0
2024-04-21 18:00:00+00:00,2384.011,2388.594,2381.872,2386.483,9783.0,20,6,4,0
2024-04-21 22:00:00+00:00,2386.506,2386.506,2361.672,2369.325,30976.0,0,0,4,0
2024-04-22 02:00:00+00:00,2369.385,2372.9,2351.292,2360.983,34855.0,4,0,4,0
2024-04-22 06:00:00+00:00,2360.959,2363.641,2339.39,2342.059,29476.0,8,0,4,0
2024-04-22 10:00:00+00:00,2342.042,2350.382,2331.03,2334.797,60729.0,12,0,4,1
2024-04-22 14:00:00+00:00,2334.789,2336.456,2324.497,2329.332,23873.0,16,0,4,3
2024-04-22 18:00:00+00:00,2329.29,2333.93,2325.319,2333.738,9246.0,20,0,4,0
2024-04-22 22:00:00+00:00,2333.715,2334.376,2295.5,2302.602,53599.0,0,1,4,0
2024-04-23 02:00:00+00:00,2302.577,2314.793,2298.856,2309.051,33057.0,4,1,4,0
2024-04-23 06:00:00+00:00,2309.089,2309.773,2291.331,2302.135,31939.0,8,1,4,0
2024-04-23 10:00:00+00:00,2302.146,2332.176,2301.273,2323.195,68231.0,12,1,4,1
2024-04-23 14:00:00+00:00,2323.218,2331.353,2321.196,2322.255,24618.0,16,1,4,3
2024-04-23 18:00:00+00:00,2322.306,2324.344,2321.097,2323.21,6936.0,20,1,4,0
2024-04-23 22:00:00+00:00,2323.226,2328.138,2315.744,2327.841,23189.0,0,2,4,0
2024-04-24 02:00:00+00:00,2327.866,2331.288,2320.625,2320.709,22729.0,4,2,4,0
2024-04-24 06:00:00+00:00,2320.699,2321.91,2311.706,2316.169,22410.0,8,2,4,0
2024-04-24 10:00:00+00:00,2316.219,2337.354,2312.074,2322.591,53622.0,12,2,4,1
2024-04-24 14:00:00+00:00,2322.558,2330.483,2317.786,2319.074,24365.0,16,2,4,3
2024-04-24 18:00:00+00:00,2319.104,2319.645,2313.639,2316.219,8821.0,20,2,4,0
2024-04-24 22:00:00+00:00,2316.223,2322.041,2304.834,2313.177,21771.0,0,3,4,0
2024-04-25 02:00:00+00:00,2313.227,2326.124,2312.362,2325.621,19853.0,4,3,4,0
2024-04-25 06:00:00+00:00,2325.648,2330.618,2324.094,2328.505,18514.0,8,3,4,0
2024-04-25 10:00:00+00:00,2328.501,2344.872,2312.703,2330.473,82974.0,12,3,4,1
2024-04-25 14:00:00+00:00,2330.506,2336.414,2322.952,2332.886,23647.0,16,3,4,3
2024-04-25 18:00:00+00:00,2332.934,2333.737,2330.021,2330.621,7234.0,20,3,4,0
2024-04-25 22:00:00+00:00,2330.617,2336.229,2326.218,2334.634,18086.0,0,4,4,0
2024-04-26 02:00:00+00:00,2334.634,2347.319,2333.425,2345.503,21496.0,4,4,4,0
2024-04-26 06:00:00+00:00,2345.507,2352.555,2343.352,2344.901,24576.0,8,4,4,0
2024-04-26 10:00:00+00:00,2344.88,2351.563,2328.663,2336.632,54311.0,12,4,4,1
2024-04-26 14:00:00+00:00,2336.687,2341.411,2332.594,2339.895,19894.0,16,4,4,3
2024-04-26 18:00:00+00:00,2339.946,2340.112,2336.321,2337.792,3451.0,20,4,4,0
2024-04-28 18:00:00+00:00,2333.884,2336.829,2332.473,2335.985,6395.0,20,6,4,0
2024-04-28 22:00:00+00:00,2335.937,2336.331,2319.801,2328.432,27093.0,0,0,4,0
2024-04-29 02:00:00+00:00,2328.444,2337.905,2327.358,2337.312,32680.0,4,0,4,0
2024-04-29 06:00:00+00:00,2337.241,2344.345,2335.378,2337.057,20645.0,8,0,4,0
2024-04-29 10:00:00+00:00,2337.028,2339.51,2325.583,2337.783,36400.0,12,0,4,1
2024-04-29 14:00:00+00:00,2337.801,2346.71,2332.974,2335.628,29492.0,16,0,4,3
2024-04-29 18:00:00+00:00,2335.677,2337.107,2332.635,2333.173,7172.0,20,0,4,0
2024-04-29 22:00:00+00:00,2333.178,2336.113,2326.822,2329.19,20046.0,0,1,4,0
2024-04-30 02:00:00+00:00,2329.227,2329.466,2315.283,2317.531,21408.0,4,1,4,0
2024-04-30 06:00:00+00:00,2317.516,2318.458,2309.449,2312.707,21024.0,8,1,4,0
2024-04-30 10:00:00+00:00,2312.657,2313.364,2293.093,2295.834,57675.0,12,1,4,1
2024-04-30 14:00:00+00:00,2295.798,2299.304,2289.305,2290.838,25709.0,16,1,4,3
2024-04-30 18:00:00+00:00,2290.788,2293.47,2284.967,2291.244,10643.0,20,1,4,0
2024-04-30 22:00:00+00:00,2291.256,2292.869,2282.949,2284.052,15887.0,0,2,5,0
2024-05-01 02:00:00+00:00,2284.01,2289.744,2281.543,2285.785,15924.0,4,2,5,0
2024-05-01 06:00:00+00:00,2285.735,2297.093,2283.799,2294.538,18899.0,8,2,5,0
2024-05-01 10:00:00+00:00,2294.489,2310.454,2294.092,2307.255,45110.0,12,2,5,1
2024-05-01 14:00:00+00:00,2307.29,2328.277,2295.825,2309.724,65104.0,16,2,5,3
2024-05-01 18:00:00+00:00,2309.757,2324.833,2306.996,2323.809,17258.0,20,2,5,0
2024-05-01 22:00:00+00:00,2323.848,2326.47,2317.276,2319.495,17955.0,0,3,5,0
2024-05-02 02:00:00+00:00,2319.496,2320.986,2308.14,2309.262,21180.0,4,3,5,0
2024-05-02 06:00:00+00:00,2309.292,2311.056,2295.14,2299.008,23922.0,8,3,5,0
2024-05-02 10:00:00+00:00,2298.956,2306.913,2285.392,2299.931,54207.0,12,3,5,1
2024-05-02 14:00:00+00:00,2299.939,2309.473,2297.91,2302.918,22902.0,16,3,5,3
2024-05-02 18:00:00+00:00,2302.877,2305.502,2300.573,2304.247,7653.0,20,3,5,0
2024-05-02 22:00:00+00:00,2304.243,2306.388,2299.874,2302.408,16194.0,0,4,5,0
2024-05-03 02:00:00+00:00,2302.48,2308.79,2297.718,2299.215,18631.0,4,4,5,0
2024-05-03 06:00:00+00:00,2299.17,2303.171,2296.203,2298.28,18936.0,8,4,5,0
2024-05-03 10:00:00+00:00,2298.28,2320.712,2277.079,2293.728,92721.0,12,4,5,1
2024-05-03 14:00:00+00:00,2293.774,2303.086,2292.79,2301.365,21820.0,16,4,5,3
2024-05-03 18:00:00+00:00,2301.363,2303.418,2300.633,2301.627,3118.0,20,4,5,0
2024-05-05 18:00:00+00:00,2302.321,2303.287,2293.26,2293.968,7229.0,20,6,5,0
2024-05-05 22:00:00+00:00,2293.929,2315.394,2291.766,2309.322,30760.0,0,0,5,0
2024-05-06 02:00:00+00:00,2309.367,2324.135,2308.132,2322.646,22068.0,4,0,5,0
2024-05-06 06:00:00+00:00,2322.643,2323.085,2315.584,2318.19,20161.0,8,0,5,0
2024-05-06 10:00:00+00:00,2318.135,2332.091,2314.534,2324.774,43732.0,12,0,5,1
2024-05-06 14:00:00+00:00,2324.732,2327.457,2317.66,2325.032,23318.0,16,0,5,3
2024-05-06 18:00:00+00:00,2324.991,2328.816,2322.191,2325.943,8739.0,20,0,5,0
2024-05-06 22:00:00+00:00,2325.953,2329.926,2319.607,2324.857,20508.0,0,1,5,0
2024-05-07 02:00:00+00:00,2324.884,2325.075,2317.681,2319.253,19035.0,4,1,5,0
2024-05-07 06:00:00+00:00,2319.226,2319.841,2311.637,2312.348,19439.0,8,1,5,0
2024-05-07 10:00:00+00:00,2312.343,2323.72,2309.922,2314.703,34353.0,12,1,5,1
2024-05-07 14:00:00+00:00,2314.754,2317.465,2311.032,2314.618,17754.0,16,1,5,3
2024-05-07 18:00:00+00:00,2314.634,2316.578,2312.72,2315.119,6009.0,20,1,5,0
2024-05-07 22:00:00+00:00,2315.167,2318.184,2306.785,2317.001,20494.0,0,2,5,0
2024-05-08 02:00:00+00:00,2317.0,2321.336,2305.294,2305.691,18693.0,4,2,5,0
2024-05-08 06:00:00+00:00,2305.657,2318.087,2303.584,2314.672,22447.0,8,2,5,0
2024-05-08 10:00:00+00:00,2314.646,2320.391,2306.721,2320.391,39207.0,12,2,5,1
2024-05-08 14:00:00+00:00,2320.422,2321.09,2307.86,2308.174,17075.0,16,2,5,3
2024-05-08 18:00:00+00:00,2308.231,2310.71,2307.816,2308.74,6582.0,20,2,5,0
2024-05-08 22:00:00+00:00,2308.733,2312.996,2307.76,2312.274,15598.0,0,3,5,0
2024-05-09 02:00:00+00:00,2312.273,2319.735,2307.406,2309.309,19194.0,4,3,5,0
2024-05-09 06:00:00+00:00,2309.267,2316.668,2306.471,2315.918,18745.0,8,3,5,0
2024-05-09 10:00:00+00:00,2315.915,2338.93,2312.063,2330.397,50148.0,12,3,5,1
2024-05-09 14:00:00+00:00,2330.43,2343.998,2329.096,2343.75,19680.0,16,3,5,3
2024-05-09 18:00:00+00:00,2343.697,2348.325,2343.115,2346.516,8854.0,20,3,5,0
2024-05-09 22:00:00+00:00,2346.56,2355.814,2345.925,2353.325,23514.0,0,4,5,0
2024-05-10 02:00:00+00:00,2353.379,2370.364,2351.17,2366.7,24407.0,4,4,5,0
2024-05-10 06:00:00+00:00,2366.733,2378.476,2365.835,2372.126,24078.0,8,4,5,0
2024-05-10 10:00:00+00:00,2372.13,2375.751,2356.533,2364.804,51087.0,12,4,5,1
2024-05-10 14:00:00+00:00,2364.779,2370.961,2361.662,2363.315,20574.0,16,4,5,3
2024-05-10 18:00:00+00:00,2363.366,2365.047,2359.695,2360.449,2977.0,20,4,5,0
2024-05-12 18:00:00+00:00,2361.401,2363.094,2359.735,2360.41,5284.0,20,6,5,0
2024-05-12 22:00:00+00:00,2360.448,2364.487,2354.777,2357.07,19729.0,0,0,5,0
2024-05-13 02:00:00+00:00,2357.011,2357.043,2346.431,2348.569,18930.0,4,0,5,0
2024-05-13 06:00:00+00:00,2348.523,2350.337,2338.364,2344.54,23233.0,8,0,5,0
2024-05-13 10:00:00+00:00,2344.472,2349.777,2332.034,2335.866,43312.0,12,0,5,1
2024-05-13 14:00:00+00:00,2335.884,2338.49,2334.424,2337.334,18240.0,16,0,5,3
2024-05-13 18:00:00+00:00,2337.375,2339.3,2335.22,2338.408,5552.0,20,0,5,0
2024-05-13 22:00:00+00:00,2338.39,2344.431,2334.734,2343.059,17422.0,0,1,5,0
2024-05-14 02:00:00+00:00,2343.077,2345.927,2336.081,2339.151,18561.0,4,1,5,0
2024-05-14 06:00:00+00:00,2339.111,2348.205,2337.739,2343.585,19779.0,8,1,5,0
2024-05-14 10:00:00+00:00,2343.614,2357.065,2336.553,2347.925,49326.0,12,1,5,1
2024-05-14 14:00:00+00:00,2347.881,2359.615,2346.291,2356.487,20541.0,16,1,5,3
2024-05-14 18:00:00+00:00,2356.52,2358.382,2355.048,2355.772,6065.0,20,1,5,0
2024-05-14 22:00:00+00:00,2355.771,2361.001,2354.84,2360.273,16558.0,0,2,5,0
2024-05-15 02:00:00+00:00,2360.296,2365.2,2355.655,2362.401,18750.0,4,2,5,0
2024-05-15 06:00:00+00:00,2362.441,2374.313,2361.98,2362.742,21508.0,8,2,5,0
2024-05-15 10:00:00+00:00,2362.743,2385.721,2351.748,2377.551,67954.0,12,2,5,1
2024-05-15 14:00:00+00:00,2377.591,2390.295,2377.07,2386.313,24862.0,16,2,5,3
2024-05-15 18:00:00+00:00,2386.283,2391.91,2385.281,2391.769,9363.0,20,2,5,0
2024-05-15 22:00:00+00:00,2391.764,2397.348,2386.548,2388.637,25851.0,0,3,5,0
2024-05-16 02:00:00+00:00,2388.687,2394.486,2384.599,2389.336,21280.0,4,3,5,0
2024-05-16 06:00:00+00:00,2389.313,2391.358,2380.796,2384.622,20323.0,8,3,5,0
2024-05-16 10:00:00+00:00,2384.672,2386.35,2370.885,2381.506,47016.0,12,3,5,1
2024-05-16 14:00:00+00:00,2381.564,2383.746,2377.704,2378.106,18760.0,16,3,5,3
2024-05-16 18:00:00+00:00,2378.153,2379.664,2375.838,2377.726,6392.0,20,3,5,0
2024-05-16 22:00:00+00:00,2377.72,2381.233,2373.908,2377.803,17268.0,0,4,5,0
2024-05-17 02:00:00+00:00,2377.808,2387.762,2376.582,2383.815,18619.0,4,4,5,0
2024-05-17 06:00:00+00:00,2383.874,2390.135,2381.298,2389.682,18854.0,8,4,5,0
2024-05-17 10:00:00+00:00,2389.644,2419.168,2386.798,2407.708,51974.0,12,4,5,1
2024-05-17 14:00:00+00:00,2407.739,2419.18,2405.732,2416.402,25624.0,16,4,5,3
2024-05-17 18:00:00+00:00,2416.451,2422.731,2413.419,2413.933,5395.0,20,4,5,0
2024-05-19 18:00:00+00:00,2425.202,2425.202,2416.73,2420.193,10240.0,20,6,5,0
2024-05-19 22:00:00+00:00,2420.206,2440.646,2416.464,2437.543,41074.0,0,0,5,0
2024-05-20 02:00:00+00:00,2437.543,2450.025,2431.785,2442.219,36672.0,4,0,5,0
2024-05-20 06:00:00+00:00,2442.235,2447.21,2427.598,2430.604,29736.0,8,0,5,0
2024-05-20 10:00:00+00:00,2430.572,2430.898,2407.273,2424.838,64805.0,12,0,5,1
2024-05-20 14:00:00+00:00,2424.813,2437.347,2422.441,2426.734,25922.0,16,0,5,3
2024-05-20 18:00:00+00:00,2426.762,2430.346,2423.277,2426.133,9912.0,20,0,5,0
2024-05-20 22:00:00+00:00,2426.135,2433.081,2406.037,2413.695,40567.0,0,1,5,0
2024-05-21 02:00:00+00:00,2413.684,2422.207,2408.498,2419.211,27308.0,4,1,5,0
2024-05-21 06:00:00+00:00,2419.271,2423.738,2412.087,2423.386,24069.0,8,1,5,0
2024-05-21 10:00:00+00:00,2423.41,2433.928,2419.979,2423.352,50166.0,12,1,5,1
2024-05-21 14:00:00+00:00,2423.318,2424.997,2417.292,2423.318,23254.0,16,1,5,3
2024-05-21 18:00:00+00:00,2423.305,2423.458,2420.319,2421.654,6216.0,20,1,5,0
2024-05-21 22:00:00+00:00,2421.659,2426.526,2412.54,2414.163,22240.0,0,2,5,0
2024-05-22 02:00:00+00:00,2414.164,2418.529,2411.368,2417.232,22621.0,4,2,5,0
2024-05-22 06:00:00+00:00,2417.199,2419.395,2404.714,2408.676,23992.0,8,2,5,0
2024-05-22 10:00:00+00:00,2408.711,2415.039,2382.139,2391.965,58679.0,12,2,5,1
2024-05-22 14:00:00+00:00,2391.921,2394.993,2374.935,2379.305,32867.0,16,2,5,3
2024-05-22 18:00:00+00:00,2379.265,2382.707,2377.308,2382.124,9369.0,20,2,5,0
2024-05-22 22:00:00+00:00,2382.155,2383.682,2366.75,2372.438,30333.0,0,3,5,0
2024-05-23 02:00:00+00:00,2372.421,2373.988,2354.913,2356.109,30676.0,4,3,5,0
2024-05-23 06:00:00+00:00,2356.055,2369.427,2355.087,2368.041,24598.0,8,3,5,0
2024-05-23 10:00:00+00:00,2367.999,2369.862,2340.314,2346.083,67688.0,12,3,5,1
2024-05-23 14:00:00+00:00,2346.044,2350.143,2330.91,2331.58,29963.0,16,3,5,3
2024-05-23 18:00:00+00:00,2331.622,2333.62,2326.856,2332.012,8455.0,20,3,5,0
2024-05-23 22:00:00+00:00,2332.015,2335.187,2325.351,2330.596,24450.0,0,4,5,0
2024-05-24 02:00:00+00:00,2330.589,2340.566,2330.415,2337.731,21132.0,4,4,5,0
2024-05-24 06:00:00+00:00,2337.686,2343.922,2336.032,2338.179,20886.0,8,4,5,0
2024-05-24 10:00:00+00:00,2338.177,2347.385,2332.361,2334.49,35501.0,12,4,5,1
2024-05-24 14:00:00+00:00,2334.523,2336.976,2331.792,2333.766,17988.0,16,4,5,3
2024-05-24 18:00:00+00:00,2333.806,2335.164,2333.312,2333.781,2358.0,20,4,5,0
2024-05-26 18:00:00+00:00,2335.785,2340.681,2332.183,2337.175,6771.0,20,6,5,0
2024-05-26 22:00:00+00:00,2337.186,2347.604,2334.36,2345.976,19074.0,0,0,5,0
2024-05-27 02:00:00+00:00,2345.973,2346.017,2338.11,2338.561,18089.0,4,0,5,0
2024-05-27 06:00:00+00:00,2338.606,2346.148,2338.157,2345.031,18219.0,8,0,5,0
2024-05-27 10:00:00+00:00,2345.076,2358.486,2343.675,2352.446,30769.0,12,0,5,1
2024-05-27 14:00:00+00:00,2352.398,2355.6,2352.125,2353.899,5000.0,16,0,5,3
2024-05-27 18:00:00+00:00,2352.085,2353.654,2351.059,2352.373,4061.0,20,0,5,0
2024-05-27 22:00:00+00:00,2352.412,2356.322,2349.143,2350.861,21239.0,0,1,5,0
2024-05-28 02:00:00+00:00,2350.824,2353.668,2341.307,2344.008,23792.0,4,1,5,0
2024-05-28 06:00:00+00:00,2343.974,2348.434,2340.229,2347.405,19738.0,8,1,5,0
2024-05-28 10:00:00+00:00,2347.367,2364.089,2345.909,2360.241,49075.0,12,1,5,1
2024-05-28 14:00:00+00:00,2360.203,2362.203,2352.752,2358.155,23852.0,16,1,5,3
2024-05-28 18:00:00+00:00,2358.14,2362.293,2357.803,2359.685,8157.0,20,1,5,0
2024-05-28 22:00:00+00:00,2359.649,2361.032,2354.37,2358.127,20473.0,0,2,5,0
2024-05-29 02:00:00+00:00,2358.138,2361.361,2349.962,2350.468,22006.0,4,2,5,0
2024-05-29 06:00:00+00:00,2350.542,2351.728,2338.414,2341.663,23889.0,8,2,5,0
2024-05-29 10:00:00+00:00,2341.657,2347.183,2334.506,2339.149,37929.0,12,2,5,1
2024-05-29 14:00:00+00:00,2339.141,2344.287,2336.01,2336.746,18489.0,16,2,5,3
2024-05-29 18:00:00+00:00,2336.776,2338.995,2335.842,2338.364,8079.0,20,2,5,0
2024-05-29 22:00:00+00:00,2338.378,2339.87,2328.02,2334.311,26660.0,0,3,5,0
2024-05-30 02:00:00+00:00,2334.264,2337.695,2322.527,2334.336,26933.0,4,3,5,0
2024-05-30 06:00:00+00:00,2334.369,2340.927,2330.534,2335.831,24421.0,8,3,5,0
2024-05-30 10:00:00+00:00,2335.801,2351.847,2331.929,2343.804,48946.0,12,3,5,1
2024-05-30 14:00:00+00:00,2343.837,2348.788,2339.831,2341.567,20189.0,16,3,5,3
2024-05-30 18:00:00+00:00,2341.515,2346.392,2341.442,2343.907,8398.0,20,3,5,0
2024-05-30 22:00:00+00:00,2343.921,2347.685,2336.931,2343.688,22587.0,0,4,5,0
2024-05-31 02:00:00+00:00,2343.677,2347.03,2339.901,2340.362,20253.0,4,4,5,0
2024-05-31 06:00:00+00:00,2340.337,2344.949,2339.671,2343.784,18714.0,8,4,5,0
2024-05-31 10:00:00+00:00,2343.739,2359.691,2327.664,2330.024,59046.0,12,4,5,1
2024-05-31 14:00:00+00:00,2329.978,2336.694,2320.526,2327.644,29425.0,16,4,5,3
2024-05-31 18:00:00+00:00,2327.686,2330.547,2326.984,2327.191,4109.0,20,4,5,0
2024-06-02 18:00:00+00:00,2328.496,2328.76,2323.34,2325.937,6617.0,20,6,6,0
2024-06-02 22:00:00+00:00,2325.967,2331.11,2320.846,2321.394,21103.0,0,0,6,0
2024-06-03 02:00:00+00:00,2321.441,2328.854,2314.68,2325.954,25173.0,4,0,6,0
2024-06-03 06:00:00+00:00,2325.922,2333.311,2324.299,2329.977,21985.0,8,0,6,0
2024-06-03 10:00:00+00:00,2329.994,2345.692,2325.636,2342.815,45033.0,12,0,6,1
2024-06-03 14:00:00+00:00,2342.781,2354.746,2341.348,2347.609,23935.0,16,0,6,3
2024-06-03 18:00:00+00:00,2347.654,2351.763,2346.899,2350.629,6858.0,20,0,6,0
2024-06-03 22:00:00+00:00,2350.64,2352.795,2343.098,2345.748,18531.0,0,1,6,0
2024-06-04 02:00:00+00:00,2345.694,2351.791,2339.05,2339.732,19908.0,4,1,6,0
2024-06-04 06:00:00+00:00,2339.678,2339.789,2325.238,2327.917,29844.0,8,1,6,0
2024-06-04 10:00:00+00:00,2327.884,2337.924,2315.547,2326.066,51618.0,12,1,6,1
2024-06-04 14:00:00+00:00,2326.071,2330.32,2322.505,2327.312,21780.0,16,1,6,3
2024-06-04 18:00:00+00:00,2327.355,2328.898,2325.976,2328.786,5784.0,20,1,6,0
2024-06-04 22:00:00+00:00,2328.79,2337.92,2325.827,2337.121,17355.0,0,2,6,0
2024-06-05 02:00:00+00:00,2337.172,2341.647,2328.08,2331.587,20475.0,4,2,6,0
2024-06-05 06:00:00+00:00,2331.584,2335.528,2329.433,2332.512,20953.0,8,2,6,0
2024-06-05 10:00:00+00:00,2332.565,2357.389,2332.174,2353.649,51490.0,12,2,6,1
2024-06-05 14:00:00+00:00,2353.644,2356.732,2351.368,2353.929,19397.0,16,2,6,3
2024-06-05 18:00:00+00:00,2353.971,2357.23,2352.756,2355.012,6787.0,20,2,6,0
2024-06-05 22:00:00+00:00,2355.008,2374.958,2354.488,2368.446,25587.0,0,3,6,0
2024-06-06 02:00:00+00:00,2368.444,2371.401,2362.131,2362.906,18403.0,4,3,6,0
2024-06-06 06:00:00+00:00,2362.899,2363.889,2358.504,2359.761,17124.0,8,3,6,0
2024-06-06 10:00:00+00:00,2359.74,2378.522,2353.336,2374.226,47934.0,12,3,6,1
2024-06-06 14:00:00+00:00,2374.209,2376.934,2368.978,2372.497,22327.0,16,3,6,3
2024-06-06 18:00:00+00:00,2372.471,2378.123,2372.283,2376.73,6578.0,20,3,6,0
2024-06-06 22:00:00+00:00,2376.735,2381.969,2369.374,2380.117,21718.0,0,4,6,0
2024-06-07 02:00:00+00:00,2380.12,2387.698,2372.751,2373.585,23181.0,4,4,6,0
2024-06-07 06:00:00+00:00,2373.536,2373.933,2330.875,2336.495,38876.0,8,4,6,0
2024-06-07 10:00:00+00:00,2336.486,2339.309,2304.437,2304.975,72962.0,12,4,6,1
2024-06-07 14:00:00+00:00,2305.019,2314.505,2287.536,2288.266,30333.0,16,4,6,3
2024-06-07 18:00:00+00:00,2288.304,2294.327,2286.723,2293.801,5431.0,20,4,6,0
2024-06-09 18:00:00+00:00,2290.431,2300.041,2290.38,2298.478,7159.0,20,6,6,0
2024-06-09 22:00:00+00:00,2298.477,2301.394,2293.904,2295.329,17343.0,0,0,6,0
2024-06-10 02:00:00+00:00,2295.287,2297.301,2287.708,2296.477,22553.0,4,0,6,0
2024-06-10 06:00:00+00:00,2296.523,2305.288,2291.808,2305.044,21786.0,8,0,6,0
2024-06-10 10:00:00+00:00,2304.993,2308.719,2300.354,2307.3,32225.0,12,0,6,1
2024-06-10 14:00:00+00:00,2307.345,2313.758,2306.93,2308.733,19342.0,16,0,6,3
2024-06-10 18:00:00+00:00,2308.786,2312.143,2308.477,2309.931,6792.0,20,0,6,0
2024-06-10 22:00:00+00:00,2309.926,2311.952,2298.777,2303.733,25380.0,0,1,6,0
2024-06-11 02:00:00+00:00,2303.686,2305.414,2297.625,2304.485,18565.0,4,1,6,0
2024-06-11 06:00:00+00:00,2304.517,2308.862,2301.465,2307.639,20555.0,8,1,6,0
2024-06-11 10:00:00+00:00,2307.607,2319.95,2307.538,2310.126,40628.0,12,1,6,1
2024-06-11 14:00:00+00:00,2310.168,2315.721,2305.788,2315.311,19763.0,16,1,6,3
2024-06-11 18:00:00+00:00,2315.351,2317.594,2313.85,2315.071,7374.0,20,1,6,0
2024-06-11 22:00:00+00:00,2315.056,2316.735,2310.654,2314.025,17595.0,0,2,6,0
2024-06-12 02:00:00+00:00,2314.031,2317.78,2311.156,2314.479,15974.0,4,2,6,0
2024-06-12 06:00:00+00:00,2314.517,2315.7,2310.765,2312.848,18153.0,8,2,6,0
2024-06-12 10:00:00+00:00,2312.864,2341.62,2311.563,2335.542,61671.0,12,2,6,1
2024-06-12 14:00:00+00:00,2335.552,2339.545,2315.81,2321.213,50661.0,16,2,6,3
2024-06-12 18:00:00+00:00,2321.263,2325.351,2320.115,2320.549,8581.0,20,2,6,0
2024-06-12 22:00:00+00:00,2320.569,2322.955,2308.044,2314.248,23672.0,0,3,6,0
2024-06-13 02:00:00+00:00,2314.239,2318.543,2308.966,2317.013,18602.0,4,3,6,0
2024-06-13 06:00:00+00:00,2317.061,2319.962,2303.932,2307.026,20896.0,8,3,6,0
2024-06-13 10:00:00+00:00,2307.073,2326.755,2297.746,2298.992,53969.0,12,3,6,1
2024-06-13 14:00:00+00:00,2298.938,2304.889,2295.463,2303.413,23099.0,16,3,6,3
2024-06-13 18:00:00+00:00,2303.463,2304.322,2301.72,2302.335,5867.0,20,3,6,0
2024-06-13 22:00:00+00:00,2302.38,2308.605,2301.499,2305.461,17634.0,0,4,6,0
2024-06-14 02:00:00+00:00,2305.415,2316.738,2303.447,2315.226,20226.0,4,4,6,0
2024-06-14 06:00:00+00:00,2315.184,2336.56,2314.726,2332.01,27935.0,8,4,6,0
2024-06-14 10:00:00+00:00,2332.045,2335.461,2324.003,2326.087,39237.0,12,4,6,1
2024-06-14 14:00:00+00:00,2326.133,2335.564,2325.353,2332.452,19903.0,16,4,6,3
2024-06-14 18:00:00+00:00,2332.506,2333.064,2330.916,2332.826,2568.0,20,4,6,0
2024-06-16 18:00:00+00:00,2331.087,2331.484,2327.411,2328.874,4395.0,20,6,6,0
2024-06-16 22:00:00+00:00,2328.918,2328.949,2321.468,2324.309,19419.0,0,0,6,0
2024-06-17 02:00:00+00:00,2324.307,2326.227,2315.442,2316.993,18289.0,4,0,6,0
2024-06-17 06:00:00+00:00,2316.962,2322.586,2316.407,2318.185,18184.0,8,0,6,0
2024-06-17 10:00:00+00:00,2318.23,2327.643,2309.952,2312.494,30692.0,12,0,6,1
2024-06-17 14:00:00+00:00,2312.537,2320.575,2312.537,2320.139,17989.0,16,0,6,3
2024-06-17 18:00:00+00:00,2320.184,2321.227,2318.415,2320.645,5718.0,20,0,6,0
2024-06-17 22:00:00+00:00,2320.634,2325.643,2319.199,2324.412,17018.0,0,1,6,0
2024-06-18 02:00:00+00:00,2324.408,2324.814,2314.959,2315.526,16479.0,4,1,6,0
2024-06-18 06:00:00+00:00,2315.505,2315.505,2306.502,2313.311,19353.0,8,1,6,0
2024-06-18 10:00:00+00:00,2313.279,2329.777,2311.403,2326.866,42736.0,12,1,6,1
2024-06-18 14:00:00+00:00,2326.916,2333.078,2326.44,2329.358,18689.0,16,1,6,3
2024-06-18 18:00:00+00:00,2329.351,2330.549,2327.495,2328.255,5744.0,20,1,6,0
2024-06-18 22:00:00+00:00,2328.272,2331.758,2326.492,2328.27,14304.0,0,2,6,0
2024-06-19 02:00:00+00:00,2328.222,2332.68,2326.795,2331.765,14479.0,4,2,6,0
2024-06-19 06:00:00+00:00,2331.813,2334.96,2325.779,2330.409,16531.0,8,2,6,0
2024-06-19 10:00:00+00:00,2330.385,2332.897,2323.701,2329.774,20270.0,12,2,6,1
2024-06-19 14:00:00+00:00,2329.783,2331.336,2328.882,2329.971,3805.0,16,2,6,3
2024-06-19 18:00:00+00:00,2329.947,2330.554,2328.648,2329.342,4029.0,20,2,6,0
2024-06-19 22:00:00+00:00,2329.358,2338.98,2327.736,2333.897,18406.0,0,3,6,0
2024-06-20 02:00:00+00:00,2333.898,2345.667,2333.694,2338.577,20479.0,4,3,6,0
2024-06-20 06:00:00+00:00,2338.529,2341.376,2331.564,2339.244,19072.0,8,3,6,0
2024-06-20 10:00:00+00:00,2339.3,2365.508,2335.281,2353.738,43221.0,12,3,6,1
2024-06-20 14:00:00+00:00,2353.715,2361.0,2352.798,2358.812,18721.0,16,3,6,3
2024-06-20 18:00:00+00:00,2358.856,2361.131,2358.153,2360.747,7712.0,20,3,6,0
2024-06-20 22:00:00+00:00,2360.765,2364.856,2357.068,2362.137,17652.0,0,4,6,0
2024-06-21 02:00:00+00:00,2362.173,2365.602,2355.087,2362.905,18473.0,4,4,6,0
2024-06-21 06:00:00+00:00,2362.939,2368.735,2361.269,2366.218,19517.0,8,4,6,0
2024-06-21 10:00:00+00:00,2366.274,2368.078,2323.255,2327.893,52436.0,12,4,6,1
2024-06-21 14:00:00+00:00,2327.946,2329.353,2316.672,2322.055,24607.0,16,4,6,3
2024-06-21 18:00:00+00:00,2322.106,2322.653,2320.76,2321.503,2876.0,20,4,6,0
2024-06-23 18:00:00+00:00,2321.11,2322.193,2317.682,2319.187,5104.0,20,6,6,0
2024-06-23 22:00:00+00:00,2319.171,2326.643,2317.862,2325.395,19740.0,0,0,6,0
2024-06-24 02:00:00+00:00,2325.405,2331.793,2321.319,2330.705,17264.0,4,0,6,0
2024-06-24 06:00:00+00:00,2330.724,2332.767,2320.767,2326.19,20885.0,8,0,6,0
2024-06-24 10:00:00+00:00,2326.249,2333.836,2323.281,2327.626,29214.0,12,0,6,1
2024-06-24 14:00:00+00:00,2327.581,2334.629,2326.819,2331.64,16996.0,16,0,6,3
2024-06-24 18:00:00+00:00,2331.607,2334.387,2330.224,2330.877,5978.0,20,0,6,0
2024-06-24 22:00:00+00:00,2330.869,2330.924,2323.142,2324.146,17648.0,0,1,6,0
2024-06-25 02:00:00+00:00,2324.188,2330.073,2322.691,2324.788,17805.0,4,1,6,0
2024-06-25 06:00:00+00:00,2324.745,2337.087,2322.814,2330.122,21025.0,8,1,6,0
2024-06-25 10:00:00+00:00,2330.109,2330.447,2315.562,2324.685,35216.0,12,1,6,1
2024-06-25 14:00:00+00:00,2324.75,2324.985,2315.436,2319.776,17933.0,16,1,6,3
2024-06-25 18:00:00+00:00,2319.725,2321.427,2317.858,2320.027,7613.0,20,1,6,0
2024-06-25 22:00:00+00:00,2319.977,2323.871,2310.566,2317.247,23439.0,0,2,6,0
2024-06-26 02:00:00+00:00,2317.289,2318.134,2309.681,2316.083,19048.0,4,2,6,0
2024-06-26 06:00:00+00:00,2316.044,2318.432,2304.368,2313.005,22472.0,8,2,6,0
2024-06-26 10:00:00+00:00,2312.991,2317.831,2293.524,2299.942,39555.0,12,2,6,1
2024-06-26 14:00:00+00:00,2299.92,2302.995,2296.872,2298.627,18398.0,16,2,6,3
2024-06-26 18:00:00+00:00,2298.684,2299.204,2296.766,2298.401,6696.0,20,2,6,0
2024-06-26 22:00:00+00:00,2298.412,2300.1,2296.766,2298.932,15244.0,0,3,6,0
2024-06-27 02:00:00+00:00,2298.934,2303.383,2296.429,2302.26,16414.0,4,3,6,0
2024-06-27 06:00:00+00:00,2302.213,2317.891,2301.964,2317.015,20531.0,8,3,6,0
2024-06-27 10:00:00+00:00,2316.975,2330.936,2316.029,2327.436,39524.0,12,3,6,1
2024-06-27 14:00:00+00:00,2327.401,2328.28,2322.376,2325.951,18615.0,16,3,6,3
2024-06-27 18:00:00+00:00,2325.917,2328.533,2325.38,2327.721,5962.0,20,3,6,0
2024-06-27 22:00:00+00:00,2327.663,2328.258,2318.981,2321.715,19250.0,0,4,6,0
2024-06-28 02:00:00+00:00,2321.784,2328.85,2319.712,2327.146,16136.0,4,4,6,0
2024-06-28 06:00:00+00:00,2327.15,2337.144,2326.446,2333.938,19143.0,8,4,6,0
2024-06-28 10:00:00+00:00,2333.908,2339.809,2322.836,2328.593,39255.0,12,4,6,1
2024-06-28 14:00:00+00:00,2328.641,2332.713,2322.925,2325.004,18674.0,16,4,6,3
2024-06-28 18:00:00+00:00,2324.972,2326.818,2322.868,2326.638,3402.0,20,4,6,0
2024-06-30 18:00:00+00:00,2322.849,2326.157,2322.838,2324.933,4755.0,20,6,6,0
2024-06-30 22:00:00+00:00,2324.951,2328.502,2322.102,2324.746,16530.0,0,0,7,0
2024-07-01 02:00:00+00:00,2324.729,2328.974,2318.444,2323.688,18592.0,4,0,7,0
2024-07-01 06:00:00+00:00,2323.647,2338.247,2321.839,2338.131,20017.0,8,0,7,0
2024-07-01 10:00:00+00:00,2338.161,2338.484,2319.173,2327.713,36253.0,12,0,7,1
2024-07-01 14:00:00+00:00,2327.707,2331.87,2326.603,2330.9,17508.0,16,0,7,3
2024-07-01 18:00:00+00:00,2330.973,2332.552,2330.862,2332.222,5618.0,20,0,7,0
2024-07-01 22:00:00+00:00,2332.216,2334.305,2325.7,2326.033,14717.0,0,1,7,0
2024-07-02 02:00:00+00:00,2326.036,2331.78,2323.282,2330.68,16918.0,4,1,7,0
2024-07-02 06:00:00+00:00,2330.736,2332.457,2319.905,2320.696,19187.0,8,1,7,0
2024-07-02 10:00:00+00:00,2320.725,2336.777,2319.004,2324.711,38768.0,12,1,7,1
2024-07-02 14:00:00+00:00,2324.678,2331.298,2320.921,2330.76,16575.0,16,1,7,3
2024-07-02 18:00:00+00:00,2330.725,2331.443,2328.611,2330.18,5743.0,20,1,7,0
2024-07-02 22:00:00+00:00,2330.177,2332.497,2326.799,2331.648,14490.0,0,2,7,0
2024-07-03 02:00:00+00:00,2331.699,2347.201,2331.699,2345.304,19151.0,4,2,7,0
2024-07-03 06:00:00+00:00,2345.321,2349.492,2342.121,2345.373,20566.0,8,2,7,0
2024-07-03 10:00:00+00:00,2345.395,2364.926,2344.871,2363.04,41954.0,12,2,7,1
2024-07-03 14:00:00+00:00,2363.001,2363.147,2353.614,2354.28,17212.0,16,2,7,3
2024-07-03 18:00:00+00:00,2354.302,2359.578,2354.223,2358.699,5198.0,20,2,7,0
2024-07-03 22:00:00+00:00,2358.721,2362.54,2356.443,2358.103,15042.0,0,3,7,0
2024-07-04 02:00:00+00:00,2358.102,2359.572,2350.33,2357.455,15601.0,4,3,7,0
2024-07-04 06:00:00+00:00,2357.516,2359.986,2355.443,2358.389,14902.0,8,3,7,0
2024-07-04 10:00:00+00:00,2358.467,2361.872,2355.483,2357.392,17954.0,12,3,7,1
2024-07-04 14:00:00+00:00,2357.418,2359.098,2356.903,2357.23,3902.0,16,3,7,3
2024-07-04 18:00:00+00:00,2357.034,2357.718,2354.214,2356.721,4682.0,20,3,7,0
2024-07-04 22:00:00+00:00,2356.753,2363.105,2356.03,2361.713,16013.0,0,4,7,0
2024-07-05 02:00:00+00:00,2361.716,2367.446,2361.294,2365.225,16218.0,4,4,7,0
2024-07-05 06:00:00+00:00,2365.261,2368.002,2361.77,2365.755,17430.0,8,4,7,0
2024-07-05 10:00:00+00:00,2365.736,2388.395,2347.375,2384.639,53737.0,12,4,7,1
2024-07-05 14:00:00+00:00,2384.685,2392.926,2383.909,2388.833,21363.0,16,4,7,3
2024-07-05 18:00:00+00:00,2388.783,2391.636,2388.194,2391.556,2652.0,20,4,7,0
2024-07-07 18:00:00+00:00,2389.586,2390.178,2384.767,2386.116,5361.0,20,6,7,0
2024-07-07 22:00:00+00:00,2386.065,2391.088,2380.696,2382.883,19305.0,0,0,7,0
2024-07-08 02:00:00+00:00,2382.933,2386.762,2376.599,2377.828,18523.0,4,0,7,0
2024-07-08 06:00:00+00:00,2377.824,2378.824,2368.253,2375.284,19445.0,8,0,7,0
2024-07-08 10:00:00+00:00,2375.236,2379.518,2350.975,2355.459,38210.0,12,0,7,1
2024-07-08 14:00:00+00:00,2355.409,2359.837,2350.993,2359.132,20907.0,16,0,7,3
2024-07-08 18:00:00+00:00,2359.174,2362.004,2357.986,2361.711,5639.0,20,0,7,0
2024-07-08 22:00:00+00:00,2361.738,2367.949,2360.436,2367.625,17698.0,0,1,7,0
2024-07-09 02:00:00+00:00,2367.619,2368.791,2358.255,2358.933,17154.0,4,1,7,0
2024-07-09 06:00:00+00:00,2358.98,2365.635,2357.485,2360.578,17666.0,8,1,7,0
2024-07-09 10:00:00+00:00,2360.631,2371.574,2349.322,2361.993,43824.0,12,1,7,1
2024-07-09 14:00:00+00:00,2361.976,2365.593,2356.506,2363.496,20420.0,16,1,7,3
2024-07-09 18:00:00+00:00,2363.538,2366.037,2363.281,2364.966,5338.0,20,1,7,0
2024-07-09 22:00:00+00:00,2364.944,2370.272,2363.304,2368.144,16288.0,0,2,7,0
2024-07-10 02:00:00+00:00,2368.166,2374.94,2366.536,2372.607,15631.0,4,2,7,0
2024-07-10 06:00:00+00:00,2372.569,2378.379,2371.427,2378.346,15750.0,8,2,7,0
2024-07-10 10:00:00+00:00,2378.387,2386.661,2373.89,2378.761,30846.0,12,2,7,1
2024-07-10 14:00:00+00:00,2378.789,2381.331,2369.858,2371.765,18187.0,16,2,7,3
2024-07-10 18:00:00+00:00,2371.762,2372.911,2370.86,2372.852,5266.0,20,2,7,0
2024-07-10 22:00:00+00:00,2372.832,2380.254,2371.418,2378.741,15476.0,0,3,7,0
2024-07-11 02:00:00+00:00,2378.775,2383.197,2378.461,2379.889,16375.0,4,3,7,0
2024-07-11 06:00:00+00:00,2379.924,2384.528,2379.001,2380.792,17346.0,8,3,7,0
2024-07-11 10:00:00+00:00,2380.752,2424.538,2378.094,2417.353,74304.0,12,3,7,1
2024-07-11 14:00:00+00:00,2417.303,2419.231,2409.99,2414.083,23900.0,16,3,7,3
2024-07-11 18:00:00+00:00,2414.134,2416.019,2411.134,2415.854,9656.0,20,3,7,0
2024-07-11 22:00:00+00:00,2415.851,2416.247,2406.644,2408.778,19115.0,0,4,7,0
2024-07-12 02:00:00+00:00,2408.779,2410.087,2400.291,2404.174,18819.0,4,4,7,0
2024-07-12 06:00:00+00:00,2404.1,2408.309,2398.288,2401.715,19019.0,8,4,7,0
2024-07-12 10:00:00+00:00,2401.768,2413.71,2391.346,2411.711,45752.0,12,4,7,1
2024-07-12 14:00:00+00:00,2411.749,2418.238,2411.699,2412.823,16786.0,16,4,7,3
2024-07-12 18:00:00+00:00,2412.771,2412.771,2411.262,2411.399,2300.0,20,4,7,0
2024-07-14 18:00:00+00:00,2411.618,2412.242,2405.677,2408.657,6526.0,20,6,7,0
2024-07-14 22:00:00+00:00,2408.659,2411.971,2404.881,2411.555,17024.0,0,0,7,0
2024-07-15 02:00:00+00:00,2411.597,2413.967,2401.298,2407.881,18766.0,4,0,7,0
2024-07-15 06:00:00+00:00,2407.897,2420.335,2406.87,2418.236,20770.0,8,0,7,0
2024-07-15 10:00:00+00:00,2418.241,2437.488,2411.51,2433.282,38187.0,12,0,7,1
2024-07-15 14:00:00+00:00,2433.261,2439.764,2419.716,2421.091,30831.0,16,0,7,3
2024-07-15 18:00:00+00:00,2421.146,2422.724,2420.587,2422.495,6131.0,20,0,7,0
2024-07-15 22:00:00+00:00,2422.482,2431.449,2419.914,2428.577,19436.0,0,1,7,0
2024-07-16 02:00:00+00:00,2428.581,2439.411,2425.024,2436.953,21261.0,4,1,7,0
2024-07-16 06:00:00+00:00,2436.951,2443.418,2433.607,2439.521,23076.0,8,1,7,0
2024-07-16 10:00:00+00:00,2439.494,2465.283,2429.334,2463.099,50674.0,12,1,7,1
2024-07-16 14:00:00+00:00,2463.101,2468.7,2457.795,2468.483,24121.0,16,1,7,3
2024-07-16 18:00:00+00:00,2468.537,2469.967,2466.245,2468.278,9227.0,20,1,7,0
2024-07-16 22:00:00+00:00,2468.268,2482.365,2463.91,2471.7,31814.0,0,2,7,0
2024-07-17 02:00:00+00:00,2471.677,2474.324,2461.789,2474.104,26638.0,4,2,7,0
2024-07-17 06:00:00+00:00,2474.083,2478.877,2466.656,2470.029,28544.0,8,2,7,0
2024-07-17 10:00:00+00:00,2470.059,2483.757,2458.017,2463.374,57747.0,12,2,7,1
2024-07-17 14:00:00+00:00,2463.422,2465.106,2451.407,2457.986,26825.0,16,2,7,3
2024-07-17 18:00:00+00:00,2458.033,2461.828,2457.212,2461.296,8675.0,20,2,7,0
2024-07-17 22:00:00+00:00,2461.334,2468.851,2457.29,2468.009,21499.0,0,3,7,0
2024-07-18 02:00:00+00:00,2468.0,2474.966,2464.551,2471.93,23375.0,4,3,7,0
2024-07-18 06:00:00+00:00,2471.959,2473.694,2461.488,2464.468,23019.0,8,3,7,0
2024-07-18 10:00:00+00:00,2464.503,2469.919,2457.522,2461.228,41794.0,12,3,7,1
2024-07-18 14:00:00+00:00,2461.32,2462.071,2440.226,2442.916,27589.0,16,3,7,3
2024-07-18 18:00:00+00:00,2442.965,2445.563,2441.169,2441.25,7841.0,20,3,7,0
2024-07-18 22:00:00+00:00,2441.292,2441.343,2420.429,2428.7,37204.0,0,4,7,0
2024-07-19 02:00:00+00:00,2428.697,2429.321,2412.803,2418.127,29654.0,4,4,7,0
2024-07-19 06:00:00+00:00,2418.139,2421.641,2408.411,2410.053,26967.0,8,4,7,0
2024-07-19 10:00:00+00:00,2410.059,2410.228,2393.727,2405.387,53650.0,12,4,7,1
2024-07-19 14:00:00+00:00,2405.445,2406.003,2395.64,2398.712,21966.0,16,4,7,3
2024-07-19 18:00:00+00:00,2398.743,2400.55,2397.783,2400.451,3123.0,20,4,7,0
2024-07-21 18:00:00+00:00,2403.68,2411.931,2402.487,2411.528,7269.0,20,6,7,0
2024-07-21 22:00:00+00:00,2411.496,2412.18,2403.233,2406.732,23064.0,0,0,7,0
2024-07-22 02:00:00+00:00,2406.69,2407.353,2398.881,2402.513,25265.0,4,0,7,0
2024-07-22 06:00:00+00:00,2402.501,2408.349,2397.98,2398.056,22212.0,8,0,7,0
2024-07-22 10:00:00+00:00,2398.043,2400.157,2383.797,2386.312,45448.0,12,0,7,1
2024-07-22 14:00:00+00:00,2386.304,2400.06,2386.085,2399.0,19292.0,16,0,7,3
2024-07-22 18:00:00+00:00,2398.954,2399.495,2394.705,2395.783,6178.0,20,0,7,0
2024-07-22 22:00:00+00:00,2395.75,2403.981,2395.451,2398.357,21614.0,0,1,7,0
2024-07-23 02:00:00+00:00,2398.36,2399.643,2388.182,2397.788,24253.0,4,1,7,0
2024-07-23 06:00:00+00:00,2397.823,2411.984,2396.303,2407.614,24312.0,8,1,7,0
2024-07-23 10:00:00+00:00,2407.574,2409.298,2399.515,2405.479,33842.0,12,1,7,1
2024-07-23 14:00:00+00:00,2405.437,2408.974,2402.626,2407.545,18671.0,16,1,7,3
2024-07-23 18:00:00+00:00,2407.504,2410.013,2405.302,2408.513,7050.0,20,1,7,0
2024-07-23 22:00:00+00:00,2408.558,2418.319,2404.866,2416.406,23632.0,0,2,7,0
2024-07-24 02:00:00+00:00,2416.421,2419.206,2411.549,2414.574,22866.0,4,2,7,0
2024-07-24 06:00:00+00:00,2414.532,2417.807,2409.78,2417.432,20617.0,8,2,7,0
2024-07-24 10:00:00+00:00,2417.469,2431.954,2413.577,2424.757,44194.0,12,2,7,1
2024-07-24 14:00:00+00:00,2424.793,2424.924,2398.28,2398.358,27052.0,16,2,7,3
2024-07-24 18:00:00+00:00,2398.478,2401.193,2393.06,2398.669,13023.0,20,2,7,0
2024-07-24 22:00:00+00:00,2398.72,2399.985,2366.737,2374.723,52200.0,0,3,7,0
2024-07-25 02:00:00+00:00,2374.712,2378.717,2365.752,2374.02,30328.0,4,3,7,0
2024-07-25 06:00:00+00:00,2374.073,2382.529,2368.003,2368.56,29471.0,8,3,7,0
2024-07-25 10:00:00+00:00,2368.562,2377.31,2357.919,2363.151,66751.0,12,3,7,1
2024-07-25 14:00:00+00:00,2363.123,2365.522,2353.086,2362.579,30840.0,16,3,7,3
2024-07-25 18:00:00+00:00,2362.608,2365.455,2359.358,2363.801,10233.0,20,3,7,0
2024-07-25 22:00:00+00:00,2363.849,2379.403,2355.842,2371.779,28364.0,0,4,7,0
2024-07-26 02:00:00+00:00,2371.821,2375.252,2365.238,2371.462,23623.0,4,4,7,0
2024-07-26 06:00:00+00:00,2371.503,2375.803,2369.286,2373.278,20588.0,8,4,7,0
2024-07-26 10:00:00+00:00,2373.274,2390.799,2371.028,2385.116,45089.0,12,4,7,1
2024-07-26 14:00:00+00:00,2385.164,2390.38,2381.125,2386.272,20580.0,16,4,7,3
2024-07-26 18:00:00+00:00,2386.312,2388.853,2385.429,2387.114,3260.0,20,4,7,0
2024-07-28 18:00:00+00:00,2387.944,2403.181,2387.839,2397.091,11156.0,20,6,7,0
2024-07-28 22:00:00+00:00,2397.055,2402.46,2388.589,2394.526,27421.0,0,0,7,0
2024-07-29 02:00:00+00:00,2394.505,2396.263,2389.49,2391.569,23060.0,4,0,7,0
2024-07-29 06:00:00+00:00,2391.558,2395.368,2386.809,2387.729,22980.0,8,0,7,0
2024-07-29 10:00:00+00:00,2387.74,2396.786,2369.495,2376.797,43877.0,12,0,7,1
2024-07-29 14:00:00+00:00,2376.832,2385.49,2374.461,2383.092,22663.0,16,0,7,3
2024-07-29 18:00:00+00:00,2383.048,2384.948,2380.885,2381.143,6881.0,20,0,7,0
2024-07-29 22:00:00+00:00,2381.186,2385.963,2376.471,2385.741,23505.0,0,1,7,0
2024-07-30 02:00:00+00:00,2385.73,2391.971,2385.65,2390.225,22052.0,4,1,7,0
2024-07-30 06:00:00+00:00,2390.264,2392.44,2386.872,2387.115,19559.0,8,1,7,0
2024-07-30 10:00:00+00:00,2387.109,2397.798,2383.32,2385.26,43007.0,12,1,7,1
2024-07-30 14:00:00+00:00,2385.303,2411.07,2384.953,2407.008,30670.0,16,1,7,3
2024-07-30 18:00:00+00:00,2406.975,2412.878,2406.947,2409.807,10832.0,20,1,7,0
2024-07-30 22:00:00+00:00,2409.81,2419.165,2403.877,2416.442,29728.0,0,2,7,0
2024-07-31 02:00:00+00:00,2416.473,2425.51,2414.399,2417.175,26861.0,4,2,7,0
2024-07-31 06:00:00+00:00,2417.137,2423.24,2415.436,2419.576,22582.0,8,2,7,0
2024-07-31 10:00:00+00:00,2419.629,2429.017,2417.27,2423.098,41729.0,12,2,7,1
2024-07-31 14:00:00+00:00,2423.139,2450.819,2421.537,2449.804,41803.0,16,2,7,3
2024-07-31 18:00:00+00:00,2449.758,2450.951,2444.084,2445.743,11738.0,20,2,7,0
2024-07-31 22:00:00+00:00,2445.725,2458.35,2437.284,2442.777,37349.0,0,3,8,0
2024-08-01 02:00:00+00:00,2442.769,2448.819,2439.871,2440.325,27253.0,4,3,8,0
2024-08-01 06:00:00+00:00,2440.282,2442.888,2430.165,2440.721,28587.0,8,3,8,0
2024-08-01 10:00:00+00:00,2440.784,2462.302,2440.277,2445.107,64885.0,12,3,8,1
2024-08-01 14:00:00+00:00,2445.208,2448.761,2434.884,2443.053,34018.0,16,3,8,3
2024-08-01 18:00:00+00:00,2443.021,2447.553,2441.715,2445.844,12205.0,20,3,8,0
2024-08-01 22:00:00+00:00,2445.886,2459.412,2434.872,2454.432,38960.0,0,4,8,0
2024-08-02 02:00:00+00:00,2454.422,2468.48,2454.191,2461.538,30235.0,4,4,8,0
2024-08-02 06:00:00+00:00,2461.586,2465.371,2457.531,2459.259,25748.0,8,4,8,0
2024-08-02 10:00:00+00:00,2459.216,2477.704,2410.794,2433.125,123054.0,12,4,8,1
2024-08-02 14:00:00+00:00,2433.068,2439.293,2423.004,2437.618,42610.0,16,4,8,3
2024-08-02 18:00:00+00:00,2437.645,2442.477,2435.539,2441.892,4854.0,20,4,8,0
2024-08-04 18:00:00+00:00,2441.02,2446.337,2437.89,2440.952,13273.0,20,6,8,0
2024-08-04 22:00:00+00:00,2440.984,2452.51,2413.745,2450.957,69635.0,0,0,8,0
2024-08-05 02:00:00+00:00,2451.022,2458.836,2422.064,2431.98,64772.0,4,0,8,0
2024-08-05 06:00:00+00:00,2432.021,2434.402,2383.239,2386.736,60632.0,8,0,8,0
2024-08-05 10:00:00+00:00,2386.772,2412.236,2364.245,2402.831,114455.0,12,0,8,1
2024-08-05 14:00:00+00:00,2402.779,2413.059,2398.986,2407.676,38281.0,16,0,8,3
2024-08-05 18:00:00+00:00,2407.657,2412.562,2404.34,2404.837,13905.0,20,0,8,0
2024-08-05 22:00:00+00:00,2404.865,2418.333,2404.515,2409.017,39070.0,0,1,8,0
2024-08-06 02:00:00+00:00,2409.013,2412.647,2394.78,2409.835,45423.0,4,1,8,0
2024-08-06 06:00:00+00:00,2409.935,2416.344,2408.073,2410.955,31527.0,8,1,8,0
2024-08-06 10:00:00+00:00,2410.996,2412.258,2381.404,2387.536,75945.0,12,1,8,1
2024-08-06 14:00:00+00:00,2387.571,2396.014,2385.548,2387.732,30067.0,16,1,8,3
2024-08-06 18:00:00+00:00,2387.759,2390.487,2382.755,2383.787,11490.0,20,1,8,0
2024-08-06 22:00:00+00:00,2383.723,2388.44,2378.931,2385.948,42094.0,0,2,8,0
2024-08-07 02:00:00+00:00,2385.985,2397.582,2385.687,2389.31,30727.0,4,2,8,0
2024-08-07 06:00:00+00:00,2389.356,2402.392,2388.22,2401.152,25495.0,8,2,8,0
2024-08-07 10:00:00+00:00,2401.147,2407.059,2391.904,2394.524,43605.0,12,2,8,1
2024-08-07 14:00:00+00:00,2394.45,2399.748,2383.782,2385.719,28505.0,16,2,8,3
2024-08-07 18:00:00+00:00,2385.67,2387.382,2380.884,2384.791,11766.0,20,2,8,0
2024-08-07 22:00:00+00:00,2384.835,2394.729,2383.283,2394.35,29579.0,0,3,8,0
2024-08-08 02:00:00+00:00,2394.316,2400.633,2392.407,2396.736,27769.0,4,3,8,0
2024-08-08 06:00:00+00:00,2396.786,2413.632,2392.838,2412.192,27852.0,8,3,8,0
2024-08-08 10:00:00+00:00,2412.152,2424.365,2402.295,2418.686,60989.0,12,3,8,1
2024-08-08 14:00:00+00:00,2418.645,2426.361,2415.757,2423.53,25171.0,16,3,8,3
2024-08-08 18:00:00+00:00,2423.551,2427.818,2422.829,2424.595,10042.0,20,3,8,0
2024-08-08 22:00:00+00:00,2424.519,2429.0,2419.222,2421.089,25661.0,0,4,8,0
2024-08-09 02:00:00+00:00,2421.046,2427.054,2416.829,2423.128,23905.0,4,4,8,0
2024-08-09 06:00:00+00:00,2423.183,2432.64,2422.205,2426.761,23796.0,8,4,8,0
2024-08-09 10:00:00+00:00,2426.734,2436.002,2420.955,2431.47,50429.0,12,4,8,1
2024-08-09 14:00:00+00:00,2431.514,2437.068,2427.157,2429.079,22261.0,16,4,8,3
2024-08-09 18:00:00+00:00,2429.118,2431.172,2429.118,2430.805,3044.0,20,4,8,0
2024-08-11 18:00:00+00:00,2428.332,2433.242,2427.241,2427.927,6502.0,20,6,8,0
2024-08-11 22:00:00+00:00,2427.928,2430.315,2423.825,2428.572,18521.0,0,0,8,0
2024-08-12 02:00:00+00:00,2428.529,2442.891,2428.194,2441.573,20567.0,4,0,8,0
2024-08-12 06:00:00+00:00,2441.614,2445.058,2439.576,2441.498,21628.0,8,0,8,0
2024-08-12 10:00:00+00:00,2441.506,2460.686,2441.409,2459.754,41852.0,12,0,8,1
2024-08-12 14:00:00+00:00,2459.771,2472.194,2458.93,2470.473,23273.0,16,0,8,3
2024-08-12 18:00:00+00:00,2470.446,2476.033,2470.151,2475.536,8855.0,20,0,8,0
2024-08-12 22:00:00+00:00,2475.58,2476.963,2460.82,2463.444,27132.0,0,1,8,0
2024-08-13 02:00:00+00:00,2463.513,2466.162,2458.493,2464.26,22166.0,4,1,8,0
2024-08-13 06:00:00+00:00,2464.302,2466.607,2458.834,2465.768,21481.0,8,1,8,0
2024-08-13 10:00:00+00:00,2465.797,2475.653,2458.917,2468.627,43784.0,12,1,8,1
2024-08-13 14:00:00+00:00,2468.6,2471.086,2462.235,2466.912,20430.0,16,1,8,3
2024-08-13 18:00:00+00:00,2466.922,2467.835,2462.942,2464.06,7765.0,20,1,8,0
2024-08-13 22:00:00+00:00,2464.104,2472.49,2455.271,2460.792,26549.0,0,2,8,0
2024-08-14 02:00:00+00:00,2460.815,2471.891,2459.259,2470.85,20929.0,4,2,8,0
2024-08-14 06:00:00+00:00,2470.822,2478.789,2468.677,2474.696,22034.0,8,2,8,0
2024-08-14 10:00:00+00:00,2474.735,2480.064,2442.009,2444.024,68432.0,12,2,8,1
2024-08-14 14:00:00+00:00,2444.023,2448.449,2437.995,2447.199,24141.0,16,2,8,3
2024-08-14 18:00:00+00:00,2447.123,2449.482,2446.433,2449.408,7414.0,20,2,8,0
2024-08-14 22:00:00+00:00,2449.396,2454.323,2448.227,2453.681,22552.0,0,3,8,0
2024-08-15 02:00:00+00:00,2453.708,2458.76,2450.28,2455.71,21266.0,4,3,8,0
2024-08-15 06:00:00+00:00,2455.701,2464.147,2453.527,2463.511,20161.0,8,3,8,0
2024-08-15 10:00:00+00:00,2463.581,2470.095,2432.094,2458.339,70535.0,12,3,8,1
2024-08-15 14:00:00+00:00,2458.394,2461.631,2453.4,2455.566,21914.0,16,3,8,3
2024-08-15 18:00:00+00:00,2455.52,2458.257,2454.397,2457.298,8089.0,20,3,8,0
2024-08-15 22:00:00+00:00,2457.313,2460.057,2450.695,2452.465,21417.0,0,4,8,0
2024-08-16 02:00:00+00:00,2452.42,2464.513,2451.07,2461.968,20697.0,4,4,8,0
2024-08-16 06:00:00+00:00,2462.052,2472.314,2459.109,2472.113,23263.0,8,4,8,0
2024-08-16 10:00:00+00:00,2472.168,2500.52,2471.251,2491.691,63057.0,12,4,8,1
2024-08-16 14:00:00+00:00,2492.078,2509.027,2491.651,2507.862,26083.0,16,4,8,3
2024-08-16 18:00:00+00:00,2507.737,2509.766,2505.539,2507.82,4246.0,20,4,8,0
2024-08-18 18:00:00+00:00,2506.461,2506.778,2502.271,2506.45,7393.0,20,6,8,0
2024-08-18 22:00:00+00:00,2506.438,2506.771,2494.912,2503.22,31771.0,0,0,8,0
2024-08-19 02:00:00+00:00,2503.214,2505.181,2498.807,2502.992,24483.0,4,0,8,0
2024-08-19 06:00:00+00:00,2502.945,2507.185,2486.483,2494.41,24576.0,8,0,8,0
2024-08-19 10:00:00+00:00,2494.415,2505.931,2485.615,2503.934,41638.0,12,0,8,1
2024-08-19 14:00:00+00:00,2503.898,2507.482,2500.634,2505.403,20483.0,16,0,8,3
2024-08-19 18:00:00+00:00,2505.442,2505.624,2502.044,2503.544,6400.0,20,0,8,0
2024-08-19 22:00:00+00:00,2503.554,2508.289,2498.632,2501.731,22153.0,0,1,8,0
2024-08-20 02:00:00+00:00,2501.789,2515.223,2497.256,2514.878,22085.0,4,1,8,0
2024-08-20 06:00:00+00:00,2514.905,2527.171,2514.293,2526.224,29227.0,8,1,8,0
2024-08-20 10:00:00+00:00,2526.267,2531.668,2505.759,2508.518,56728.0,12,1,8,1
2024-08-20 14:00:00+00:00,2508.549,2515.521,2500.829,2514.951,26046.0,16,1,8,3
2024-08-20 18:00:00+00:00,2514.994,2516.937,2512.753,2512.964,7070.0,20,1,8,0
2024-08-20 22:00:00+00:00,2512.976,2519.942,2510.761,2517.386,22785.0,0,2,8,0
2024-08-21 02:00:00+00:00,2517.433,2519.598,2508.091,2509.751,22369.0,4,2,8,0
2024-08-21 06:00:00+00:00,2509.723,2513.321,2504.418,2511.823,21860.0,8,2,8,0
2024-08-21 10:00:00+00:00,2511.781,2513.733,2493.662,2508.422,57922.0,12,2,8,1
2024-08-21 14:00:00+00:00,2508.381,2519.167,2503.054,2511.559,25178.0,16,2,8,3
2024-08-21 18:00:00+00:00,2511.513,2514.424,2509.742,2512.783,7341.0,20,2,8,0
2024-08-21 22:00:00+00:00,2512.732,2514.701,2499.852,2502.329,23435.0,0,3,8,0
2024-08-22 02:00:00+00:00,2502.344,2510.58,2499.184,2507.102,23587.0,4,3,8,0
2024-08-22 06:00:00+00:00,2507.104,2509.122,2498.051,2499.444,23901.0,8,3,8,0
2024-08-22 10:00:00+00:00,2499.489,2504.208,2470.801,2481.794,58583.0,12,3,8,1
2024-08-22 14:00:00+00:00,2481.842,2485.965,2478.52,2482.983,23867.0,16,3,8,3
2024-08-22 18:00:00+00:00,2483.021,2487.596,2482.369,2487.564,6687.0,20,3,8,0
2024-08-22 22:00:00+00:00,2487.574,2493.753,2486.435,2493.166,23001.0,0,4,8,0
2024-08-23 02:00:00+00:00,2493.153,2495.766,2490.567,2493.384,20399.0,4,4,8,0
2024-08-23 06:00:00+00:00,2493.338,2502.499,2492.991,2501.571,21278.0,8,4,8,0
2024-08-23 10:00:00+00:00,2501.557,2518.35,2494.453,2509.845,63391.0,12,4,8,1
2024-08-23 14:00:00+00:00,2509.884,2513.242,2501.675,2510.772,26813.0,16,4,8,3
2024-08-23 18:00:00+00:00,2510.745,2512.463,2509.532,2512.357,3096.0,20,4,8,0
2024-08-25 18:00:00+00:00,2512.067,2516.683,2511.076,2515.917,7424.0,20,6,8,0
2024-08-25 22:00:00+00:00,2515.903,2516.996,2509.33,2509.769,23863.0,0,0,8,0
2024-08-26 02:00:00+00:00,2509.739,2521.82,2508.646,2521.408,23410.0,4,0,8,0
2024-08-26 06:00:00+00:00,2521.412,2526.906,2520.702,2526.533,24246.0,8,0,8,0
2024-08-26 10:00:00+00:00,2526.472,2527.009,2510.63,2515.788,47572.0,12,0,8,1
2024-08-26 14:00:00+00:00,2515.834,2523.391,2513.518,2518.169,21763.0,16,0,8,3
2024-08-26 18:00:00+00:00,2518.202,2519.095,2515.406,2515.511,5972.0,20,0,8,0
2024-08-26 22:00:00+00:00,2515.512,2516.709,2505.816,2508.973,22352.0,0,1,8,0
2024-08-27 02:00:00+00:00,2509.008,2517.561,2504.575,2504.988,26104.0,4,1,8,0
2024-08-27 06:00:00+00:00,2504.885,2513.745,2503.51,2511.479,26424.0,8,1,8,0
2024-08-27 10:00:00+00:00,2511.444,2520.316,2503.436,2512.134,48454.0,12,1,8,1
2024-08-27 14:00:00+00:00,2512.107,2525.938,2509.814,2525.097,23153.0,16,1,8,3
2024-08-27 18:00:00+00:00,2525.062,2529.062,2523.78,2525.269,8417.0,20,1,8,0
2024-08-27 22:00:00+00:00,2525.223,2525.813,2513.171,2515.865,21530.0,0,2,8,0
2024-08-28 02:00:00+00:00,2515.824,2516.138,2503.219,2509.984,28296.0,4,2,8,0
2024-08-28 06:00:00+00:00,2509.942,2511.432,2500.69,2501.485,23981.0,8,2,8,0
2024-08-28 10:00:00+00:00,2501.445,2510.712,2493.526,2506.141,46245.0,12,2,8,1
2024-08-28 14:00:00+00:00,2506.182,2509.613,2496.385,2507.607,24063.0,16,2,8,3
2024-08-28 18:00:00+00:00,2507.643,2508.703,2502.76,2508.11,9903.0,20,2,8,0
2024-08-28 22:00:00+00:00,2508.08,2516.771,2507.963,2516.543,21214.0,0,3,8,0
2024-08-29 02:00:00+00:00,2516.591,2521.164,2513.806,2519.091,21949.0,4,3,8,0
2024-08-29 06:00:00+00:00,2519.125,2524.446,2515.043,2519.883,26112.0,8,3,8,0
2024-08-29 10:00:00+00:00,2519.874,2525.67,2503.558,2522.535,54655.0,12,3,8,1
2024-08-29 14:00:00+00:00,2522.507,2528.669,2517.418,2521.166,24512.0,16,3,8,3
2024-08-29 18:00:00+00:00,2521.213,2522.313,2518.893,2519.613,6439.0,20,3,8,0
2024-08-29 22:00:00+00:00,2519.6,2520.108,2512.292,2513.554,20766.0,0,4,8,0
2024-08-30 02:00:00+00:00,2513.533,2524.066,2512.166,2519.369,25067.0,4,4,8,0
2024-08-30 06:00:00+00:00,2519.356,2526.914,2514.987,2519.523,23592.0,8,4,8,0
2024-08-30 10:00:00+00:00,2519.485,2524.76,2500.233,2502.501,63743.0,12,4,8,1
2024-08-30 14:00:00+00:00,2502.465,2506.045,2494.086,2502.343,30798.0,16,4,8,3
2024-08-30 18:00:00+00:00,2502.304,2503.578,2501.849,2503.342,3374.0,20,4,8,0
2024-09-01 18:00:00+00:00,2502.485,2504.755,2501.942,2502.98,5451.0,20,6,9,0
2024-09-01 22:00:00+00:00,2502.983,2504.98,2489.977,2496.228,25633.0,0,0,9,0
2024-09-02 02:00:00+00:00,2496.208,2501.457,2495.19,2498.157,21589.0,4,0,9,0
2024-09-02 06:00:00+00:00,2498.203,2507.334,2497.082,2499.814,22679.0,8,0,9,0
2024-09-02 10:00:00+00:00,2499.774,2503.231,2497.672,2501.485,22609.0,12,0,9,1
2024-09-02 14:00:00+00:00,2501.49,2501.902,2498.616,2500.085,4068.0,16,0,9,3
2024-09-02 18:00:00+00:00,2499.525,2499.708,2496.476,2497.242,3832.0,20,0,9,0
2024-09-02 22:00:00+00:00,2497.247,2497.701,2489.707,2494.717,24516.0,0,1,9,0
2024-09-03 02:00:00+00:00,2494.789,2502.051,2492.733,2500.843,23114.0,4,1,9,0
2024-09-03 06:00:00+00:00,2500.809,2506.248,2484.618,2489.683,31487.0,8,1,9,0
2024-09-03 10:00:00+00:00,2489.626,2502.228,2473.282,2488.353,80808.0,12,1,9,1
2024-09-03 14:00:00+00:00,2488.33,2494.398,2483.879,2492.015,22591.0,16,1,9,3
2024-09-03 18:00:00+00:00,2491.965,2494.764,2491.318,2493.223,7786.0,20,1,9,0
2024-09-03 22:00:00+00:00,2493.2,2496.95,2491.284,2495.016,20715.0,0,2,9,0
2024-09-04 02:00:00+00:00,2495.058,2496.733,2481.921,2482.177,24365.0,4,2,9,0
2024-09-04 06:00:00+00:00,2482.172,2491.259,2471.868,2489.177,33187.0,8,2,9,0
2024-09-04 10:00:00+00:00,2489.14,2500.329,2482.056,2493.984,59769.0,12,2,9,1
2024-09-04 14:00:00+00:00,2493.958,2498.023,2491.432,2493.424,20664.0,16,2,9,3
2024-09-04 18:00:00+00:00,2493.37,2496.951,2492.832,2495.829,7120.0,20,2,9,0
2024-09-04 22:00:00+00:00,2495.827,2499.335,2494.491,2494.868,19061.0,0,3,9,0
2024-09-05 02:00:00+00:00,2494.835,2507.623,2493.759,2506.37,22985.0,4,3,9,0
2024-09-05 06:00:00+00:00,2506.408,2518.375,2505.906,2515.2,29382.0,8,3,9,0
2024-09-05 10:00:00+00:00,2515.247,2523.574,2503.797,2507.154,68530.0,12,3,9,1
2024-09-05 14:00:00+00:00,2507.179,2516.854,2506.065,2514.814,22258.0,16,3,9,3
2024-09-05 18:00:00+00:00,2514.857,2518.007,2514.802,2517.282,6589.0,20,3,9,0
2024-09-05 22:00:00+00:00,2517.277,2518.474,2513.053,2518.248,18846.0,0,4,9,0
2024-09-06 02:00:00+00:00,2518.257,2521.865,2516.278,2516.553,21467.0,4,4,9,0
2024-09-06 06:00:00+00:00,2516.516,2520.364,2514.671,2516.254,20945.0,8,4,9,0
2024-09-06 10:00:00+00:00,2516.302,2529.208,2500.418,2505.418,116016.0,12,4,9,1
2024-09-06 14:00:00+00:00,2505.37,2505.882,2485.004,2495.978,54114.0,16,4,9,3
2024-09-06 18:00:00+00:00,2495.939,2497.827,2494.735,2497.523,3866.0,20,4,9,0
2024-09-08 18:00:00+00:00,2497.038,2498.277,2495.5,2496.869,6151.0,20,6,9,0
2024-09-08 22:00:00+00:00,2496.871,2500.508,2494.721,2499.284,25672.0,0,0,9,0
2024-09-09 02:00:00+00:00,2499.25,2499.519,2485.503,2494.295,33534.0,4,0,9,0
2024-09-09 06:00:00+00:00,2494.338,2499.137,2489.965,2497.242,27730.0,8,0,9,0
2024-09-09 10:00:00+00:00,2497.296,2505.292,2493.231,2499.087,44390.0,12,0,9,1
2024-09-09 14:00:00+00:00,2499.121,2506.577,2499.121,2505.96,22626.0,16,0,9,3
2024-09-09 18:00:00+00:00,2505.921,2507.701,2505.221,2506.813,7037.0,20,0,9,0
2024-09-09 22:00:00+00:00,2506.815,2507.461,2501.37,2502.532,20853.0,0,1,9,0
2024-09-10 02:00:00+00:00,2502.5,2507.773,2500.736,2502.792,21419.0,4,1,9,0
2024-09-10 06:00:00+00:00,2502.754,2509.695,2500.052,2504.607,25355.0,8,1,9,0
2024-09-10 10:00:00+00:00,2504.575,2518.416,2500.854,2512.597,51686.0,12,1,9,1
2024-09-10 14:00:00+00:00,2512.77,2517.515,2510.693,2517.214,23237.0,16,1,9,3
2024-09-10 18:00:00+00:00,2517.21,2518.868,2515.75,2518.678,6479.0,20,1,9,0
2024-09-10 22:00:00+00:00,2518.638,2522.577,2514.94,2519.406,25572.0,0,2,9,0
2024-09-11 02:00:00+00:00,2519.426,2529.029,2518.527,2521.471,26735.0,4,2,9,0
2024-09-11 06:00:00+00:00,2521.437,2527.221,2519.773,2522.267,24367.0,8,2,9,0
2024-09-11 10:00:00+00:00,2522.227,2523.922,2500.844,2514.743,83295.0,12,2,9,1
2024-09-11 14:00:00+00:00,2514.712,2520.033,2509.762,2512.93,26874.0,16,2,9,3
2024-09-11 18:00:00+00:00,2512.904,2513.892,2511.27,2511.901,6768.0,20,2,9,0
2024-09-11 22:00:00+00:00,2511.823,2516.098,2510.973,2515.844,19271.0,0,3,9,0
2024-09-12 02:00:00+00:00,2515.88,2522.26,2514.441,2515.934,20580.0,4,3,9,0
2024-09-12 06:00:00+00:00,2515.906,2521.014,2512.966,2519.444,24093.0,8,3,9,0
2024-09-12 10:00:00+00:00,2519.485,2555.229,2518.862,2553.315,86208.0,12,3,9,1
2024-09-12 14:00:00+00:00,2553.279,2559.083,2544.852,2557.905,33569.0,16,3,9,3
2024-09-12 18:00:00+00:00,2557.87,2560.091,2556.742,2558.422,9528.0,20,3,9,0
2024-09-12 22:00:00+00:00,2558.419,2570.082,2556.78,2567.853,29634.0,0,4,9,0
2024-09-13 02:00:00+00:00,2567.858,2571.135,2563.068,2569.848,28687.0,4,4,9,0
2024-09-13 06:00:00+00:00,2569.856,2573.019,2563.648,2567.288,28554.0,8,4,9,0
2024-09-13 10:00:00+00:00,2567.323,2583.48,2566.033,2582.14,56688.0,12,4,9,1
2024-09-13 14:00:00+00:00,2582.175,2586.12,2578.593,2582.646,26092.0,16,4,9,3
2024-09-13 18:00:00+00:00,2582.612,2582.909,2577.704,2579.067,3422.0,20,4,9,0
2024-09-15 18:00:00+00:00,2578.456,2580.454,2577.545,2579.163,7282.0,20,6,9,0
2024-09-15 22:00:00+00:00,2579.17,2589.001,2578.887,2586.294,17164.0,0,0,9,0
2024-09-16 02:00:00+00:00,2586.335,2589.651,2579.452,2582.142,23122.0,4,0,9,0
2024-09-16 06:00:00+00:00,2582.135,2588.526,2575.285,2582.999,27374.0,8,0,9,0
2024-09-16 10:00:00+00:00,2582.966,2589.298,2576.07,2579.879,46569.0,12,0,9,1
2024-09-16 14:00:00+00:00,2579.912,2584.172,2579.524,2582.486,18875.0,16,0,9,3
2024-09-16 18:00:00+00:00,2582.55,2583.855,2581.809,2583.659,6351.0,20,0,9,0
2024-09-16 22:00:00+00:00,2583.654,2586.338,2576.771,2577.184,18584.0,0,1,9,0
2024-09-17 02:00:00+00:00,2577.178,2586.956,2574.537,2583.8,21614.0,4,1,9,0
2024-09-17 06:00:00+00:00,2583.761,2584.162,2569.707,2579.824,30623.0,8,1,9,0
2024-09-17 10:00:00+00:00,2579.834,2582.239,2561.739,2565.668,59248.0,12,1,9,1
2024-09-17 14:00:00+00:00,2565.692,2571.658,2560.661,2568.615,27651.0,16,1,9,3
2024-09-17 18:00:00+00:00,2568.64,2574.367,2568.289,2574.05,7358.0,20,1,9,0
2024-09-17 22:00:00+00:00,2574.019,2576.474,2570.016,2575.899,26185.0,0,2,9,0
2024-09-18 02:00:00+00:00,2575.923,2576.511,2565.709,2571.566,23038.0,4,2,9,0
2024-09-18 06:00:00+00:00,2571.643,2580.74,2567.934,2577.407,23532.0,8,2,9,0
2024-09-18 10:00:00+00:00,2577.441,2578.872,2567.951,2569.701,38346.0,12,2,9,1
2024-09-18 14:00:00+00:00,2569.731,2600.138,2546.828,2549.026,124556.0,16,2,9,3
2024-09-18 18:00:00+00:00,2548.981,2561.568,2548.283,2559.239,18653.0,20,2,9,0
2024-09-18 22:00:00+00:00,2559.239,2566.702,2550.894,2563.959,35586.0,0,3,9,0
2024-09-19 02:00:00+00:00,2564.002,2584.633,2559.564,2584.344,35061.0,4,3,9,0
2024-09-19 06:00:00+00:00,2584.361,2594.963,2581.338,2589.435,35304.0,8,3,9,0
2024-09-19 10:00:00+00:00,2589.399,2591.203,2569.753,2589.022,71182.0,12,3,9,1
2024-09-19 14:00:00+00:00,2589.062,2592.612,2585.932,2588.309,24417.0,16,3,9,3
2024-09-19 18:00:00+00:00,2588.355,2589.803,2585.876,2587.282,7683.0,20,3,9,0
2024-09-19 22:00:00+00:00,2587.253,2593.705,2584.714,2591.389,23807.0,0,4,9,0
2024-09-20 02:00:00+00:00,2591.397,2609.797,2591.258,2607.178,28251.0,4,4,9,0
2024-09-20 06:00:00+00:00,2607.158,2615.5,2602.44,2613.736,29486.0,8,4,9,0
2024-09-20 10:00:00+00:00,2613.697,2623.035,2602.476,2622.725,68667.0,12,4,9,1
2024-09-20 14:00:00+00:00,2622.762,2625.754,2617.836,2621.087,31877.0,16,4,9,3
2024-09-20 18:00:00+00:00,2621.129,2622.509,2619.1,2622.098,3393.0,20,4,9,0
2024-09-22 18:00:00+00:00,2620.944,2622.128,2619.652,2620.234,5587.0,20,6,9,0
2024-09-22 22:00:00+00:00,2620.202,2631.128,2616.029,2628.553,24262.0,0,0,9,0
2024-09-23 02:00:00+00:00,2628.558,2631.395,2613.799,2615.15,30289.0,4,0,9,0
2024-09-23 06:00:00+00:00,2615.113,2625.786,2614.564,2624.063,27341.0,8,0,9,0
2024-09-23 10:00:00+00:00,2624.056,2634.881,2619.96,2629.242,49953.0,12,0,9,1
2024-09-23 14:00:00+00:00,2629.201,2630.915,2625.665,2626.24,23830.0,16,0,9,3
2024-09-23 18:00:00+00:00,2626.295,2628.501,2625.821,2626.3,6390.0,20,0,9,0
2024-09-23 22:00:00+00:00,2626.295,2636.156,2623.745,2634.099,26527.0,0,1,9,0
2024-09-24 02:00:00+00:00,2634.09,2640.092,2622.524,2628.996,38984.0,4,1,9,0
2024-09-24 06:00:00+00:00,2629.005,2636.312,2623.339,2626.367,30131.0,8,1,9,0
2024-09-24 10:00:00+00:00,2626.411,2648.504,2623.47,2643.143,60526.0,12,1,9,1
2024-09-24 14:00:00+00:00,2643.153,2664.366,2642.369,2662.622,34519.0,16,1,9,3
2024-09-24 18:00:00+00:00,2662.588,2663.747,2656.417,2658.204,10855.0,20,1,9,0
2024-09-24 22:00:00+00:00,2658.163,2670.629,2655.427,2661.479,35898.0,0,2,9,0
2024-09-25 02:00:00+00:00,2661.499,2661.718,2651.321,2657.018,31530.0,4,2,9,0
2024-09-25 06:00:00+00:00,2657.026,2658.581,2652.698,2657.431,26652.0,8,2,9,0
2024-09-25 10:00:00+00:00,2657.38,2667.448,2654.155,2657.678,57734.0,12,2,9,1
2024-09-25 14:00:00+00:00,2657.652,2663.062,2649.566,2659.754,27567.0,16,2,9,3
2024-09-25 18:00:00+00:00,2659.802,2660.306,2656.203,2656.259,9018.0,20,2,9,0
2024-09-25 22:00:00+00:00,2656.359,2662.537,2655.307,2662.516,24604.0,0,3,9,0
2024-09-26 02:00:00+00:00,2662.545,2666.924,2657.93,2664.684,26509.0,4,3,9,0
2024-09-26 06:00:00+00:00,2664.65,2685.611,2664.599,2682.764,36317.0,8,3,9,0
2024-09-26 10:00:00+00:00,2682.797,2684.211,2654.717,2671.348,96517.0,12,3,9,1
2024-09-26 14:00:00+00:00,2671.39,2677.911,2662.946,2673.675,32724.0,16,3,9,3
2024-09-26 18:00:00+00:00,2673.715,2674.068,2670.805,2672.601,7416.0,20,3,9,0
2024-09-26 22:00:00+00:00,2672.61,2673.944,2666.19,2673.638,27919.0,0,4,9,0
2024-09-27 02:00:00+00:00,2673.65,2673.944,2660.89,2664.72,35750.0,4,4,9,0
2024-09-27 06:00:00+00:00,2664.685,2669.236,2658.284,2666.159,29630.0,8,4,9,0
2024-09-27 10:00:00+00:00,2666.125,2674.266,2644.705,2649.794,77221.0,12,4,9,1
2024-09-27 14:00:00+00:00,2649.751,2656.361,2642.994,2652.079,34877.0,16,4,9,3
2024-09-27 18:00:00+00:00,2652.036,2660.009,2651.126,2657.983,4330.0,20,4,9,0
2024-09-29 18:00:00+00:00,2661.714,2665.106,2659.762,2663.543,9865.0,20,6,9,0
2024-09-29 22:00:00+00:00,2663.58,2666.049,2647.264,2653.617,37955.0,0,0,9,0
2024-09-30 02:00:00+00:00,2653.573,2660.619,2650.63,2650.993,27620.0,4,0,9,0
2024-09-30 06:00:00+00:00,2650.935,2656.591,2634.41,2641.542,33550.0,8,0,9,0
2024-09-30 10:00:00+00:00,2641.523,2644.199,2628.694,2633.868,58134.0,12,0,9,1
2024-09-30 14:00:00+00:00,2633.874,2641.893,2624.679,2630.923,37963.0,16,0,9,3
2024-09-30 18:00:00+00:00,2630.963,2636.228,2630.747,2635.634,7949.0,20,0,9,0
2024-09-30 22:00:00+00:00,2635.659,2640.008,2633.911,2637.947,17683.0,0,1,10,0
2024-10-01 02:00:00+00:00,2637.955,2647.449,2637.401,2645.559,24285.0,4,1,10,0
2024-10-01 06:00:00+00:00,2645.593,2652.074,2642.418,2650.229,25555.0,8,1,10,0
2024-10-01 10:00:00+00:00,2650.274,2671.868,2647.946,2663.338,82083.0,12,1,10,1
2024-10-01 14:00:00+00:00,2663.303,2673.222,2657.515,2658.691,44871.0,16,1,10,3
2024-10-01 18:00:00+00:00,2658.73,2664.009,2657.812,2660.361,8047.0,20,1,10,0
2024-10-01 22:00:00+00:00,2660.39,2662.017,2655.101,2655.376,21198.0,0,2,10,0
2024-10-02 02:00:00+00:00,2655.351,2656.542,2644.495,2655.426,29697.0,4,2,10,0
2024-10-02 06:00:00+00:00,2655.482,2655.871,2647.941,2649.577,25858.0,8,2,10,0
2024-10-02 10:00:00+00:00,2649.619,2663.354,2641.038,2649.89,61769.0,12,2,10,1
2024-10-02 14:00:00+00:00,2649.918,2658.986,2647.096,2658.64,24069.0,16,2,10,3
2024-10-02 18:00:00+00:00,2658.622,2661.236,2658.263,2660.333,8380.0,20,2,10,0
2024-10-02 22:00:00+00:00,2660.299,2662.968,2653.273,2656.001,21802.0,0,3,10,0
2024-10-03 02:00:00+00:00,2655.966,2657.491,2643.491,2645.187,27258.0,4,3,10,0
2024-10-03 06:00:00+00:00,2645.215,2649.024,2640.975,2648.018,29218.0,8,3,10,0
2024-10-03 10:00:00+00:00,2647.984,2654.619,2638.06,2648.798,70659.0,12,3,10,1
2024-10-03 14:00:00+00:00,2648.842,2662.161,2648.49,2657.974,28573.0,16,3,10,3
2024-10-03 18:00:00+00:00,2658.009,2658.009,2654.319,2655.804,6956.0,20,3,10,0
2024-10-03 22:00:00+00:00,2655.8,2663.591,2655.444,2661.137,18864.0,0,4,10,0
2024-10-04 02:00:00+00:00,2661.128,2667.864,2658.703,2661.08,22726.0,4,4,10,0
2024-10-04 06:00:00+00:00,2661.05,2662.567,2656.783,2661.342,21861.0,8,4,10,0
2024-10-04 10:00:00+00:00,2661.307,2670.167,2632.038,2653.201,102623.0,12,4,10,1
2024-10-04 14:00:00+00:00,2653.227,2653.859,2641.813,2651.624,34352.0,16,4,10,3
2024-10-04 18:00:00+00:00,2651.657,2653.995,2649.848,2653.488,3395.0,20,4,10,0
2024-10-06 18:00:00+00:00,2651.575,2652.397,2649.674,2650.12,6850.0,20,6,10,0
2024-10-06 22:00:00+00:00,2650.103,2651.928,2643.825,2647.421,23602.0,0,0,10,0
2024-10-07 02:00:00+00:00,2647.399,2652.832,2639.597,2651.974,25515.0,4,0,10,0
2024-10-07 06:00:00+00:00,2652.016,2659.677,2650.597,2656.913,28159.0,8,0,10,0
2024-10-07 10:00:00+00:00,2656.949,2659.206,2637.728,2645.728,62819.0,12,0,10,1
2024-10-07 14:00:00+00:00,2645.687,2648.744,2639.686,2643.26,23823.0,16,0,10,3
2024-10-07 18:00:00+00:00,2643.224,2649.189,2641.768,2642.944,10095.0,20,0,10,0
2024-10-07 22:00:00+00:00,2642.962,2648.317,2633.726,2642.99,45169.0,0,1,10,0
2024-10-08 02:00:00+00:00,2642.952,2646.429,2631.1,2633.951,34087.0,4,1,10,0
2024-10-08 06:00:00+00:00,2633.977,2651.92,2628.487,2650.745,34371.0,8,1,10,0
2024-10-08 10:00:00+00:00,2650.739,2652.978,2604.686,2612.939,84523.0,12,1,10,1
2024-10-08 14:00:00+00:00,2613.015,2623.574,2605.467,2622.921,34724.0,16,1,10,3
2024-10-08 18:00:00+00:00,2622.963,2623.813,2618.811,2621.868,9298.0,20,1,10,0
2024-10-08 22:00:00+00:00,2621.868,2624.264,2614.848,2617.072,29278.0,0,2,10,0
2024-10-09 02:00:00+00:00,2617.035,2624.321,2609.139,2611.628,29953.0,4,2,10,0
2024-10-09 06:00:00+00:00,2611.669,2622.45,2610.405,2619.022,26532.0,8,2,10,0
2024-10-09 10:00:00+00:00,2619.061,2622.458,2605.189,2614.842,56811.0,12,2,10,1
2024-10-09 14:00:00+00:00,2614.861,2615.889,2605.116,2609.087,25527.0,16,2,10,3
2024-10-09 18:00:00+00:00,2609.15,2609.477,2606.881,2608.476,7193.0,20,2,10,0
2024-10-09 22:00:00+00:00,2608.438,2616.9,2605.904,2611.762,27966.0,0,3,10,0
2024-10-10 02:00:00+00:00,2611.724,2617.066,2610.202,2616.657,24429.0,4,3,10,0
2024-10-10 06:00:00+00:00,2616.695,2618.912,2611.306,2612.98,23235.0,8,3,10,0
2024-10-10 10:00:00+00:00,2613.013,2629.794,2602.228,2623.615,81070.0,12,3,10,1
2024-10-10 14:00:00+00:00,2623.619,2631.357,2616.442,2629.16,31427.0,16,3,10,3
2024-10-10 18:00:00+00:00,2629.135,2636.032,2628.071,2633.149,10131.0,20,3,10,0
2024-10-10 22:00:00+00:00,2633.161,2646.025,2631.952,2645.483,29101.0,0,4,10,0
2024-10-11 02:00:00+00:00,2645.51,2647.209,2638.037,2645.355,23519.0,4,4,10,0
2024-10-11 06:00:00+00:00,2645.317,2646.198,2636.118,2644.635,22416.0,8,4,10,0
2024-10-11 10:00:00+00:00,2644.599,2659.318,2640.61,2658.776,51283.0,12,4,10,1
2024-10-11 14:00:00+00:00,2658.784,2661.462,2655.24,2656.122,22500.0,16,4,10,3
2024-10-11 18:00:00+00:00,2656.16,2657.207,2654.728,2656.836,2817.0,20,4,10,0
2024-10-13 18:00:00+00:00,2650.086,2652.472,2646.866,2648.091,9830.0,20,6,10,0
2024-10-13 22:00:00+00:00,2648.131,2657.455,2643.075,2655.553,30702.0,0,0,10,0
2024-10-14 02:00:00+00:00,2655.556,2666.867,2655.194,2660.395,26002.0,4,0,10,0
2024-10-14 06:00:00+00:00,2660.396,2662.995,2650.987,2652.184,24480.0,8,0,10,0
2024-10-14 10:00:00+00:00,2652.174,2661.162,2643.94,2646.733,48481.0,12,0,10,1
2024-10-14 14:00:00+00:00,2646.795,2652.575,2645.745,2652.395,18366.0,16,0,10,3
2024-10-14 18:00:00+00:00,2652.437,2653.329,2646.075,2649.351,8187.0,20,0,10,0
2024-10-14 22:00:00+00:00,2649.419,2652.769,2644.449,2645.705,24252.0,0,1,10,0
2024-10-15 02:00:00+00:00,2645.743,2653.947,2637.975,2650.758,30793.0,4,1,10,0
2024-10-15 06:00:00+00:00,2650.74,2656.771,2645.596,2647.751,27064.0,8,1,10,0
2024-10-15 10:00:00+00:00,2647.726,2665.158,2646.006,2664.637,59550.0,12,1,10,1
2024-10-15 14:00:00+00:00,2664.673,2668.93,2658.971,2661.602,26037.0,16,1,10,3
2024-10-15 18:00:00+00:00,2661.64,2663.11,2660.269,2660.5,7141.0,20,1,10,0
2024-10-15 22:00:00+00:00,2660.498,2670.139,2658.722,2667.156,28533.0,0,2,10,0
2024-10-16 02:00:00+00:00,2667.12,2677.704,2665.592,2676.115,30743.0,4,2,10,0
2024-10-16 06:00:00+00:00,2676.113,2682.759,2672.97,2678.329,28108.0,8,2,10,0
2024-10-16 10:00:00+00:00,2678.312,2685.394,2667.541,2669.985,59891.0,12,2,10,1
2024-10-16 14:00:00+00:00,2669.925,2676.704,2666.69,2674.69,22564.0,16,2,10,3
2024-10-16 18:00:00+00:00,2674.735,2674.996,2673.078,2674.087,5941.0,20,2,10,0
2024-10-16 22:00:00+00:00,2674.122,2684.898,2674.069,2676.61,30758.0,0,3,10,0
2024-10-17 02:00:00+00:00,2676.651,2685.756,2676.395,2681.953,31921.0,4,3,10,0
2024-10-17 06:00:00+00:00,2681.981,2688.826,2676.949,2681.298,26152.0,8,3,10,0
2024-10-17 10:00:00+00:00,2681.258,2696.788,2673.155,2693.295,70990.0,12,3,10,1
2024-10-17 14:00:00+00:00,2693.365,2694.202,2683.959,2691.954,25861.0,16,3,10,3
2024-10-17 18:00:00+00:00,2692.006,2694.411,2690.958,2693.709,6017.0,20,3,10,0
2024-10-17 22:00:00+00:00,2693.67,2711.964,2692.765,2709.959,35073.0,0,4,10,0
2024-10-18 02:00:00+00:00,2709.944,2714.08,2702.233,2702.272,33077.0,4,4,10,0
2024-10-18 06:00:00+00:00,2702.281,2713.204,2701.682,2709.779,27898.0,8,4,10,0
2024-10-18 10:00:00+00:00,2709.808,2720.131,2704.921,2714.813,57714.0,12,4,10,1
2024-10-18 14:00:00+00:00,2714.846,2721.281,2713.576,2719.624,25032.0,16,4,10,3
2024-10-18 18:00:00+00:00,2719.665,2722.633,2719.181,2721.778,3661.0,20,4,10,0
2024-10-20 18:00:00+00:00,2723.092,2725.132,2720.179,2723.416,7427.0,20,6,10,0
2024-10-20 22:00:00+00:00,2723.457,2732.826,2721.04,2731.512,40080.0,0,0,10,0
2024-10-21 02:00:00+00:00,2731.514,2732.512,2723.554,2730.312,27584.0,4,0,10,0
2024-10-21 06:00:00+00:00,2730.322,2738.128,2727.706,2734.419,31372.0,8,0,10,0
2024-10-21 10:00:00+00:00,2734.458,2740.561,2716.833,2720.119,75161.0,12,0,10,1
2024-10-21 14:00:00+00:00,2720.093,2725.598,2714.178,2719.854,29229.0,16,0,10,3
2024-10-21 18:00:00+00:00,2719.81,2722.592,2718.707,2721.483,7822.0,20,0,10,0
2024-10-21 22:00:00+00:00,2721.478,2733.081,2720.633,2731.019,27192.0,0,1,10,0
2024-10-22 02:00:00+00:00,2730.967,2737.141,2729.015,2733.656,25309.0,4,1,10,0
2024-10-22 06:00:00+00:00,2733.617,2739.358,2729.436,2731.976,29726.0,8,1,10,0
2024-10-22 10:00:00+00:00,2732.01,2744.206,2731.553,2737.562,54814.0,12,1,10,1
2024-10-22 14:00:00+00:00,2737.521,2748.905,2737.117,2748.306,26229.0,16,1,10,3
2024-10-22 18:00:00+00:00,2748.354,2748.863,2745.82,2746.55,7386.0,20,1,10,0
2024-10-22 22:00:00+00:00,2746.557,2747.217,2737.816,2746.047,27086.0,0,2,10,0
2024-10-23 02:00:00+00:00,2746.054,2755.632,2745.347,2754.874,27594.0,4,2,10,0
2024-10-23 06:00:00+00:00,2754.913,2758.508,2749.134,2749.967,26579.0,8,2,10,0
2024-10-23 10:00:00+00:00,2749.932,2750.514,2708.604,2721.726,87178.0,12,2,10,1
2024-10-23 14:00:00+00:00,2721.692,2723.275,2711.932,2716.202,33661.0,16,2,10,3
2024-10-23 18:00:00+00:00,2716.236,2721.885,2714.143,2721.258,9398.0,20,2,10,0
2024-10-23 22:00:00+00:00,2721.219,2726.698,2717.761,2722.877,29693.0,0,3,10,0
2024-10-24 02:00:00+00:00,2722.882,2737.121,2722.824,2733.54,26720.0,4,3,10,0
2024-10-24 06:00:00+00:00,2733.613,2739.696,2732.489,2738.556,24521.0,8,3,10,0
2024-10-24 10:00:00+00:00,2738.464,2743.208,2722.364,2731.099,60914.0,12,3,10,1
2024-10-24 14:00:00+00:00,2731.091,2737.727,2725.758,2737.049,29899.0,16,3,10,3
2024-10-24 18:00:00+00:00,2737.011,2737.147,2733.621,2733.844,6726.0,20,3,10,0
2024-10-24 22:00:00+00:00,2733.885,2735.199,2724.372,2726.042,24480.0,0,4,10,0
2024-10-25 02:00:00+00:00,2726.078,2732.567,2723.863,2726.376,25680.0,4,4,10,0
2024-10-25 06:00:00+00:00,2726.465,2729.391,2716.958,2724.181,30261.0,8,4,10,0
2024-10-25 10:00:00+00:00,2724.208,2742.028,2723.205,2737.131,49337.0,12,4,10,1
2024-10-25 14:00:00+00:00,2737.093,2745.022,2733.869,2742.519,25013.0,16,4,10,3
2024-10-25 18:00:00+00:00,2742.561,2747.774,2742.469,2747.023,4213.0,20,4,10,0
2024-10-27 18:00:00+00:00,2733.443,2740.21,2730.34,2735.815,12792.0,20,6,10,0
2024-10-27 22:00:00+00:00,2735.783,2736.301,2724.631,2729.702,31145.0,0,0,10,0
2024-10-28 02:00:00+00:00,2729.629,2744.515,2729.059,2738.919,26138.0,4,0,10,0
2024-10-28 06:00:00+00:00,2738.887,2740.869,2727.811,2732.319,28695.0,8,0,10,0
2024-10-28 10:00:00+00:00,2732.312,2745.917,2731.171,2740.704,44230.0,12,0,10,1
2024-10-28 14:00:00+00:00,2740.671,2744.967,2739.976,2742.498,21369.0,16,0,10,3
2024-10-28 18:00:00+00:00,2742.464,2744.427,2739.774,2744.427,7506.0,20,0,10,0
2024-10-28 22:00:00+00:00,2744.379,2757.75,2743.267,2751.681,29348.0,0,1,10,0
2024-10-29 02:00:00+00:00,2751.677,2756.854,2748.898,2752.459,24973.0,4,1,10,0
2024-10-29 06:00:00+00:00,2752.499,2756.663,2746.19,2751.774,31155.0,8,1,10,0
2024-10-29 10:00:00+00:00,2751.806,2771.73,2748.142,2764.241,58342.0,12,1,10,1
2024-10-29 14:00:00+00:00,2764.219,2774.755,2764.128,2772.196,28782.0,16,1,10,3
2024-10-29 18:00:00+00:00,2772.165,2775.397,2771.823,2774.915,8017.0,20,1,10,0
2024-10-29 22:00:00+00:00,2774.943,2782.15,2774.778,2778.924,26994.0,0,2,10,0
2024-10-30 02:00:00+00:00,2778.93,2789.821,2777.395,2782.222,24493.0,4,2,10,0
2024-10-30 06:00:00+00:00,2782.257,2786.529,2778.213,2778.58,24873.0,8,2,10,0
2024-10-30 10:00:00+00:00,2778.556,2787.509,2770.83,2784.634,65935.0,12,2,10,1
2024-10-30 14:00:00+00:00,2784.675,2790.075,2783.002,2787.285,25121.0,16,2,10,3
2024-10-30 18:00:00+00:00,2787.333,2788.085,2784.777,2785.49,8697.0,20,2,10,0
2024-10-30 22:00:00+00:00,2785.489,2790.069,2783.554,2784.547,21487.0,0,3,10,0
2024-10-31 02:00:00+00:00,2784.598,2786.563,2778.054,2782.06,25490.0,4,3,10,0
2024-10-31 06:00:00+00:00,2782.028,2783.153,2773.305,2779.413,26354.0,8,3,10,0
2024-10-31 10:00:00+00:00,2779.414,2781.941,2731.515,2740.576,81920.0,12,3,10,1
2024-10-31 14:00:00+00:00,2740.617,2749.747,2738.004,2746.442,32867.0,16,3,10,3
2024-10-31 18:00:00+00:00,2746.407,2748.168,2743.269,2746.691,9627.0,20,3,10,0
2024-10-31 22:00:00+00:00,2746.672,2751.878,2744.815,2751.77,27263.0,0,4,11,0
2024-11-01 02:00:00+00:00,2751.728,2757.649,2747.065,2749.627,22827.0,4,4,11,0
2024-11-01 06:00:00+00:00,2749.589,2755.48,2744.818,2752.873,27205.0,8,4,11,0
2024-11-01 10:00:00+00:00,2752.892,2762.216,2739.674,2744.72,74808.0,12,4,11,1
2024-11-01 14:00:00+00:00,2744.706,2746.212,2733.12,2734.121,31090.0,16,4,11,3
2024-11-01 18:00:00+00:00,2734.077,2736.773,2733.266,2736.69,3639.0,20,4,11,0
2024-11-03 18:00:00+00:00,2732.846,2740.334,2732.577,2738.352,5452.0,20,6,11,0
2024-11-03 22:00:00+00:00,2738.379,2742.401,2735.343,2740.989,26934.0,0,0,11,0
2024-11-04 02:00:00+00:00,2740.952,2744.781,2735.07,2735.837,23564.0,4,0,11,0
2024-11-04 06:00:00+00:00,2735.806,2745.304,2731.807,2740.611,29140.0,8,0,11,0
2024-11-04 10:00:00+00:00,2740.534,2748.189,2737.67,2738.505,44886.0,12,0,11,1
2024-11-04 14:00:00+00:00,2738.529,2739.706,2731.711,2738.304,28753.0,16,0,11,3
2024-11-04 18:00:00+00:00,2738.245,2738.571,2736.008,2736.008,8966.0,20,0,11,0
2024-11-04 22:00:00+00:00,2736.046,2736.677,2724.694,2735.296,27274.0,0,1,11,0
2024-11-05 02:00:00+00:00,2735.24,2741.352,2731.697,2736.532,23088.0,4,1,11,0
2024-11-05 06:00:00+00:00,2736.492,2745.031,2732.09,2741.6,26999.0,8,1,11,0
2024-11-05 10:00:00+00:00,2741.697,2749.96,2732.921,2741.957,43447.0,12,1,11,1
2024-11-05 14:00:00+00:00,2742.001,2744.579,2736.327,2740.513,26374.0,16,1,11,3
2024-11-05 18:00:00+00:00,2740.549,2746.441,2739.619,2745.692,10276.0,20,1,11,0
2024-11-05 22:00:00+00:00,2745.686,2749.681,2730.639,2734.081,62615.0,0,2,11,0
2024-11-06 02:00:00+00:00,2734.118,2743.708,2701.319,2725.921,78421.0,4,2,11,0
2024-11-06 06:00:00+00:00,2725.87,2733.796,2696.018,2699.272,54489.0,8,2,11,0
2024-11-06 10:00:00+00:00,2699.231,2708.066,2652.335,2675.715,121980.0,12,2,11,1
2024-11-06 14:00:00+00:00,2675.752,2678.273,2661.574,2667.091,42873.0,16,2,11,3
2024-11-06 18:00:00+00:00,2667.055,2667.748,2658.958,2664.048,12990.0,20,2,11,0
2024-11-06 22:00:00+00:00,2664.035,2664.261,2643.208,2659.156,41934.0,0,3,11,0
2024-11-07 02:00:00+00:00,2659.199,2667.596,2652.794,2663.309,31042.0,4,3,11,0
2024-11-07 06:00:00+00:00,2663.349,2668.431,2657.423,2666.144,30395.0,8,3,11,0
2024-11-07 10:00:00+00:00,2666.266,2700.185,2664.276,2698.698,61937.0,12,3,11,1
2024-11-07 14:00:00+00:00,2698.687,2700.279,2687.424,2694.266,52394.0,16,3,11,3
2024-11-07 18:00:00+00:00,2694.308,2710.36,2692.819,2706.866,22116.0,20,3,11,0
2024-11-07 22:00:00+00:00,2706.87,2710.418,2694.034,2695.113,31576.0,0,4,11,0
2024-11-08 02:00:00+00:00,2695.083,2696.362,2680.286,2687.362,28837.0,4,4,11,0
2024-11-08 06:00:00+00:00,2687.404,2694.917,2681.906,2691.912,37361.0,8,4,11,0
2024-11-08 10:00:00+00:00,2691.937,2704.061,2683.379,2687.552,60444.0,12,4,11,1
2024-11-08 14:00:00+00:00,2687.499,2689.283,2682.813,2687.057,32074.0,16,4,11,3
2024-11-08 18:00:00+00:00,2687.023,2688.549,2682.983,2684.758,10772.0,20,4,11,0
2024-11-10 18:00:00+00:00,2683.161,2685.651,2681.526,2685.605,3698.0,20,6,11,0
2024-11-10 22:00:00+00:00,2685.638,2686.141,2666.444,2670.269,32867.0,0,0,11,0
2024-11-11 02:00:00+00:00,2670.272,2674.282,2666.928,2669.561,26296.0,4,0,11,0
2024-11-11 06:00:00+00:00,2669.516,2675.377,2658.992,2662.647,34819.0,8,0,11,0
2024-11-11 10:00:00+00:00,2662.672,2663.232,2613.422,2614.599,75422.0,12,0,11,1
2024-11-11 14:00:00+00:00,2614.558,2620.672,2610.53,2619.271,30835.0,16,0,11,3
2024-11-11 18:00:00+00:00,2619.316,2626.187,2619.233,2624.038,10895.0,20,0,11,0
2024-11-11 22:00:00+00:00,2624.027,2627.186,2618.717,2618.924,28452.0,0,1,11,0
2024-11-12 02:00:00+00:00,2618.875,2619.099,2595.164,2598.273,43211.0,4,1,11,0
2024-11-12 06:00:00+00:00,2598.309,2606.511,2589.657,2597.845,45650.0,8,1,11,0
2024-11-12 10:00:00+00:00,2597.82,2617.068,2597.387,2598.437,68240.0,12,1,11,1
2024-11-12 14:00:00+00:00,2598.479,2604.219,2592.43,2598.191,35797.0,16,1,11,3
2024-11-12 18:00:00+00:00,2598.166,2601.39,2595.112,2598.952,11808.0,20,1,11,0
2024-11-12 22:00:00+00:00,2599.01,2613.333,2598.002,2611.547,28803.0,0,2,11,0
2024-11-13 02:00:00+00:00,2611.579,2612.405,2603.49,2606.115,25143.0,4,2,11,0
2024-11-13 06:00:00+00:00,2606.166,2611.665,2601.031,2610.783,29182.0,8,2,11,0
2024-11-13 10:00:00+00:00,2610.848,2618.841,2593.564,2605.385,74637.0,12,2,11,1
2024-11-13 14:00:00+00:00,2605.341,2605.975,2577.507,2581.004,48379.0,16,2,11,3
2024-11-13 18:00:00+00:00,2580.971,2581.41,2569.214,2570.989,20876.0,20,2,11,0
2024-11-13 22:00:00+00:00,2571.012,2574.79,2558.875,2560.708,34219.0,0,3,11,0
2024-11-14 02:00:00+00:00,2560.718,2565.256,2550.361,2557.014,33088.0,4,3,11,0
2024-11-14 06:00:00+00:00,2556.972,2559.782,2536.747,2553.579,46065.0,8,3,11,0
2024-11-14 10:00:00+00:00,2553.621,2572.945,2550.07,2570.179,71232.0,12,3,11,1
2024-11-14 14:00:00+00:00,2570.203,2577.433,2567.086,2575.97,35272.0,16,3,11,3
2024-11-14 18:00:00+00:00,2575.981,2576.524,2563.866,2566.899,23536.0,20,3,11,0
2024-11-14 22:00:00+00:00,2566.888,2571.677,2563.027,2567.756,25406.0,0,4,11,0
2024-11-15 02:00:00+00:00,2567.719,2569.538,2554.392,2563.73,26238.0,4,4,11,0
2024-11-15 06:00:00+00:00,2563.692,2573.393,2560.822,2570.774,33495.0,8,4,11,0
2024-11-15 10:00:00+00:00,2570.801,2576.07,2561.218,2570.733,72674.0,12,4,11,1
2024-11-15 14:00:00+00:00,2570.742,2573.291,2559.413,2563.849,35455.0,16,4,11,3
2024-11-15 18:00:00+00:00,2563.849,2563.862,2559.758,2562.969,9849.0,20,4,11,0
2024-11-17 18:00:00+00:00,2568.027,2575.523,2568.027,2571.445,5725.0,20,6,11,0
2024-11-17 22:00:00+00:00,2571.418,2597.414,2569.866,2589.863,41861.0,0,0,11,0
2024-11-18 02:00:00+00:00,2589.895,2593.197,2580.42,2582.838,28037.0,4,0,11,0
2024-11-18 06:00:00+00:00,2582.796,2597.258,2582.021,2594.412,34587.0,8,0,11,0
2024-11-18 10:00:00+00:00,2594.339,2613.39,2590.358,2612.936,48779.0,12,0,11,1
2024-11-18 14:00:00+00:00,2612.972,2615.087,2607.341,2609.848,27038.0,16,0,11,3
2024-11-18 18:00:00+00:00,2609.804,2613.107,2608.192,2612.704,10638.0,20,0,11,0
2024-11-18 22:00:00+00:00,2612.731,2625.591,2611.047,2624.435,28396.0,0,1,11,0
2024-11-19 02:00:00+00:00,2624.456,2626.636,2617.689,2619.057,25856.0,4,1,11,0
2024-11-19 06:00:00+00:00,2619.021,2636.506,2618.674,2629.639,40629.0,8,1,11,0
2024-11-19 10:00:00+00:00,2629.667,2639.438,2620.912,2624.443,63078.0,12,1,11,1
2024-11-19 14:00:00+00:00,2624.478,2633.132,2622.295,2630.678,30937.0,16,1,11,3
2024-11-19 18:00:00+00:00,2630.717,2635.536,2630.414,2635.161,10934.0,20,1,11,0
2024-11-19 22:00:00+00:00,2635.161,2641.847,2634.676,2637.977,24754.0,0,2,11,0
2024-11-20 02:00:00+00:00,2638.012,2638.772,2621.232,2621.591,27504.0,4,2,11,0
2024-11-20 06:00:00+00:00,2621.555,2628.172,2618.864,2628.085,29944.0,8,2,11,0
2024-11-20 10:00:00+00:00,2628.123,2648.932,2627.065,2648.81,45056.0,12,2,11,1
2024-11-20 14:00:00+00:00,2648.808,2655.433,2645.357,2650.872,32636.0,16,2,11,3
2024-11-20 18:00:00+00:00,2650.841,2652.94,2647.27,2652.111,13119.0,20,2,11,0
2024-11-20 22:00:00+00:00,2652.153,2660.466,2650.358,2656.901,24855.0,0,3,11,0
2024-11-21 02:00:00+00:00,2656.873,2664.723,2654.625,2663.099,23037.0,4,3,11,0
2024-11-21 06:00:00+00:00,2663.06,2673.522,2661.969,2671.448,30374.0,8,3,11,0
2024-11-21 10:00:00+00:00,2671.491,2671.816,2660.418,2667.636,54540.0,12,3,11,1
2024-11-21 14:00:00+00:00,2667.674,2673.516,2661.306,2669.684,35156.0,16,3,11,3
2024-11-21 18:00:00+00:00,2669.718,2671.906,2668.056,2669.159,12027.0,20,3,11,0
2024-11-21 22:00:00+00:00,2669.127,2690.519,2668.844,2686.153,30171.0,0,4,11,0
2024-11-22 02:00:00+00:00,2686.186,2698.978,2682.975,2696.457,31198.0,4,4,11,0
2024-11-22 06:00:00+00:00,2696.488,2710.127,2693.554,2698.867,45270.0,8,4,11,0
2024-11-22 10:00:00+00:00,2698.826,2705.073,2684.441,2703.681,64515.0,12,4,11,1
2024-11-22 14:00:00+00:00,2703.741,2711.452,2700.745,2708.221,31821.0,16,4,11,3
2024-11-22 18:00:00+00:00,2708.18,2715.662,2705.102,2715.573,11621.0,20,4,11,0
2024-11-24 18:00:00+00:00,2711.186,2721.437,2710.748,2719.756,8493.0,20,6,11,0
2024-11-24 22:00:00+00:00,2719.719,2720.143,2658.997,2672.236,68178.0,0,0,11,0
2024-11-25 02:00:00+00:00,2672.191,2676.359,2658.14,2667.774,54493.0,4,0,11,0
2024-11-25 06:00:00+00:00,2667.809,2688.768,2667.098,2686.776,36836.0,8,0,11,0
2024-11-25 10:00:00+00:00,2686.806,2687.863,2626.231,2628.404,97104.0,12,0,11,1
2024-11-25 14:00:00+00:00,2628.435,2639.392,2615.519,2625.804,46684.0,16,0,11,3
2024-11-25 18:00:00+00:00,2625.83,2628.74,2605.128,2610.455,21759.0,20,0,11,0
2024-11-25 22:00:00+00:00,2610.484,2632.216,2608.477,2630.366,48564.0,0,1,11,0
2024-11-26 02:00:00+00:00,2630.342,2631.447,2610.832,2614.036,32391.0,4,1,11,0
2024-11-26 06:00:00+00:00,2614.07,2633.226,2612.417,2633.202,37928.0,8,1,11,0
2024-11-26 10:00:00+00:00,2633.243,2641.989,2616.723,2629.512,66465.0,12,1,11,1
2024-11-26 14:00:00+00:00,2629.527,2631.485,2619.498,2628.025,34330.0,16,1,11,3
2024-11-26 18:00:00+00:00,2628.065,2634.138,2627.427,2632.254,12198.0,20,1,11,0
2024-11-26 22:00:00+00:00,2632.249,2640.527,2627.017,2637.722,26792.0,0,2,11,0
2024-11-27 02:00:00+00:00,2637.728,2648.503,2636.555,2646.63,26384.0,4,2,11,0
2024-11-27 06:00:00+00:00,2646.54,2653.92,2643.187,2651.103,29717.0,8,2,11,0
2024-11-27 10:00:00+00:00,2651.115,2658.181,2635.501,2642.655,56881.0,12,2,11,1
2024-11-27 14:00:00+00:00,2642.651,2644.29,2633.73,2634.71,32618.0,16,2,11,3
2024-11-27 18:00:00+00:00,2634.755,2639.03,2634.231,2637.168,10248.0,20,2,11,0
2024-11-27 22:00:00+00:00,2637.127,2638.432,2620.844,2630.275,36055.0,0,3,11,0
2024-11-28 02:00:00+00:00,2630.286,2639.614,2629.328,2637.344,22463.0,4,3,11,0
2024-11-28 06:00:00+00:00,2637.275,2649.641,2635.668,2646.884,23677.0,8,3,11,0
2024-11-28 10:00:00+00:00,2646.881,2647.931,2636.215,2638.104,28577.0,12,3,11,1
2024-11-28 14:00:00+00:00,2638.07,2642.458,2637.519,2640.603,9120.0,16,3,11,3
2024-11-28 18:00:00+00:00,2638.68,2639.268,2637.144,2638.765,2374.0,20,3,11,0
2024-11-28 22:00:00+00:00,2638.73,2662.802,2633.989,2660.047,34690.0,0,4,11,0
2024-11-29 02:00:00+00:00,2660.02,2666.383,2658.323,2660.522,26053.0,4,4,11,0
2024-11-29 06:00:00+00:00,2660.557,2665.917,2654.471,2659.61,27768.0,8,4,11,0
2024-11-29 10:00:00+00:00,2659.653,2664.936,2650.537,2658.946,45822.0,12,4,11,1
2024-11-29 14:00:00+00:00,2659.002,2662.281,2655.23,2655.23,20157.0,16,4,11,3
2024-12-01 18:00:00+00:00,2649.036,2650.324,2643.057,2645.659,5626.0,20,6,12,0
2024-12-01 22:00:00+00:00,2645.701,2647.691,2622.897,2629.272,52694.0,0,0,12,0
2024-12-02 02:00:00+00:00,2629.235,2633.664,2621.818,2629.898,32624.0,4,0,12,0
2024-12-02 06:00:00+00:00,2629.859,2646.37,2626.514,2641.885,38230.0,8,0,12,0
2024-12-02 10:00:00+00:00,2641.837,2651.794,2637.048,2642.318,56312.0,12,0,12,1
2024-12-02 14:00:00+00:00,2642.359,2644.372,2633.546,2637.611,32836.0,16,0,12,3
2024-12-02 18:00:00+00:00,2637.577,2644.203,2635.288,2642.206,13808.0,20,0,12,0
2024-12-02 22:00:00+00:00,2642.199,2645.325,2634.033,2640.427,29933.0,0,1,12,0
2024-12-03 02:00:00+00:00,2640.441,2650.052,2637.08,2644.622,27158.0,4,1,12,0
2024-12-03 06:00:00+00:00,2644.597,2648.095,2639.169,2643.663,31303.0,8,1,12,0
2024-12-03 10:00:00+00:00,2643.671,2655.665,2635.174,2640.435,52929.0,12,1,12,1
2024-12-03 14:00:00+00:00,2640.444,2649.164,2638.837,2640.998,31774.0,16,1,12,3
2024-12-03 18:00:00+00:00,2640.936,2644.226,2640.626,2642.721,10225.0,20,1,12,0
2024-12-03 22:00:00+00:00,2642.725,2648.093,2637.602,2644.501,26578.0,0,2,12,0
2024-12-04 02:00:00+00:00,2644.48,2651.403,2640.312,2641.412,24309.0,4,2,12,0
2024-12-04 06:00:00+00:00,2641.331,2647.735,2636.59,2646.168,29553.0,8,2,12,0
2024-12-04 10:00:00+00:00,2646.203,2657.165,2632.33,2655.062,62371.0,12,2,12,1
2024-12-04 14:00:00+00:00,2655.095,2655.581,2646.793,2651.708,34388.0,16,2,12,3
2024-12-04 18:00:00+00:00,2651.673,2651.962,2648.066,2650.397,11162.0,20,2,12,0
2024-12-04 22:00:00+00:00,2650.404,2650.717,2644.6,2648.882,22624.0,0,3,12,0
2024-12-05 02:00:00+00:00,2648.866,2655.518,2645.325,2648.575,25379.0,4,3,12,0
2024-12-05 06:00:00+00:00,2648.622,2652.714,2641.821,2651.307,25257.0,8,3,12,0
2024-12-05 10:00:00+00:00,2651.351,2654.517,2631.797,2640.27,52134.0,12,3,12,1
2024-12-05 14:00:00+00:00,2640.232,2643.395,2623.444,2629.8,37788.0,16,3,12,3
2024-12-05 18:00:00+00:00,2629.774,2633.832,2627.977,2633.713,10582.0,20,3,12,0
2024-12-05 22:00:00+00:00,2633.721,2642.55,2612.931,2640.877,39626.0,0,4,12,0
2024-12-06 02:00:00+00:00,2640.875,2644.577,2635.306,2639.682,26994.0,4,4,12,0
2024-12-06 06:00:00+00:00,2639.655,2645.733,2632.344,2638.489,26430.0,8,4,12,0
2024-12-06 10:00:00+00:00,2638.412,2643.536,2624.045,2637.53,79025.0,12,4,12,1
2024-12-06 14:00:00+00:00,2637.563,2641.654,2632.902,2634.544,27777.0,16,4,12,3
2024-12-06 18:00:00+00:00,2634.661,2636.145,2630.872,2632.914,5073.0,20,4,12,0
2024-12-08 18:00:00+00:00,2642.963,2648.524,2636.316,2640.128,8065.0,20,6,12,0
2024-12-08 22:00:00+00:00,2640.128,2650.632,2627.525,2638.889,42559.0,0,0,12,0
2024-12-09 02:00:00+00:00,2638.842,2651.245,2634.553,2650.49,29890.0,4,0,12,0
2024-12-09 06:00:00+00:00,2650.523,2660.406,2646.072,2656.227,30107.0,8,0,12,0
2024-12-09 10:00:00+00:00,2656.184,2676.454,2653.28,2668.257,53431.0,12,0,12,1
2024-12-09 14:00:00+00:00,2668.221,2670.569,2658.854,2660.166,30244.0,16,0,12,3
2024-12-09 18:00:00+00:00,2660.203,2661.677,2656.649,2660.454,11463.0,20,0,12,0
2024-12-09 22:00:00+00:00,2660.476,2671.782,2657.958,2669.918,31972.0,0,1,12,0
2024-12-10 02:00:00+00:00,2669.942,2673.909,2663.647,2664.666,25231.0,4,1,12,0
2024-12-10 06:00:00+00:00,2664.606,2676.839,2661.154,2674.496,33673.0,8,1,12,0
2024-12-10 10:00:00+00:00,2674.539,2691.777,2672.308,2687.446,51087.0,12,1,12,1
2024-12-10 14:00:00+00:00,2687.446,2695.524,2684.557,2692.011,27858.0,16,1,12,3
2024-12-10 18:00:00+00:00,2691.976,2698.332,2690.877,2695.991,11201.0,20,1,12,0
2024-12-10 22:00:00+00:00,2695.93,2704.348,2692.297,2695.697,49423.0,0,2,12,0
2024-12-11 02:00:00+00:00,2695.616,2698.242,2675.502,2690.644,83561.0,4,2,12,0
2024-12-11 06:00:00+00:00,2690.435,2699.761,2686.245,2696.439,17734.0,8,2,12,0
2024-12-11 10:00:00+00:00,2696.56,2715.956,2690.641,2713.101,14577.0,12,2,12,1
2024-12-11 14:00:00+00:00,2713.213,2721.064,2711.186,2717.964,13293.0,16,2,12,3
2024-12-11 18:00:00+00:00,2718.148,2720.433,2716.053,2719.922,6706.0,20,2,12,0
2024-12-11 22:00:00+00:00,2719.986,2726.206,2700.251,2710.489,12017.0,0,3,12,0
2024-12-12 02:00:00+00:00,2710.508,2720.369,2709.689,2716.047,11358.0,4,3,12,0
2024-12-12 06:00:00+00:00,2716.209,2719.428,2707.31,2710.934,13521.0,8,3,12,0
2024-12-12 10:00:00+00:00,2710.997,2712.392,2675.078,2679.785,16906.0,12,3,12,1
2024-12-12 14:00:00+00:00,2679.597,2687.038,2677.303,2683.133,13123.0,16,3,12,3
2024-12-12 18:00:00+00:00,2683.187,2683.576,2679.459,2680.623,6837.0,20,3,12,0
2024-12-12 22:00:00+00:00,2680.617,2692.778,2678.871,2688.114,12462.0,0,4,12,0
2024-12-13 02:00:00+00:00,2687.967,2690.527,2681.111,2683.202,11934.0,4,4,12,0
2024-12-13 06:00:00+00:00,2682.994,2684.782,2664.39,2664.993,13274.0,8,4,12,0
2024-12-13 10:00:00+00:00,2664.8,2672.877,2654.582,2659.888,15023.0,12,4,12,1
2024-12-13 14:00:00+00:00,2659.811,2664.566,2652.145,2653.04,12318.0,16,4,12,3
2024-12-13 18:00:00+00:00,2652.972,2653.522,2646.046,2648.392,5304.0,20,4,12,0
2024-12-15 18:00:00+00:00,2649.414,2653.127,2648.804,2651.479,1932.0,20,6,12,0
2024-12-15 22:00:00+00:00,2651.484,2655.608,2643.497,2653.871,11534.0,0,0,12,0
2024-12-16 02:00:00+00:00,2653.874,2655.868,2649.545,2653.69,10613.0,4,0,12,0
2024-12-16 06:00:00+00:00,2653.536,2664.168,2652.31,2663.542,24286.0,8,0,12,0
2024-12-16 10:00:00+00:00,2663.579,2664.447,2650.833,2654.472,40330.0,12,0,12,1
2024-12-16 14:00:00+00:00,2654.438,2655.801,2648.477,2653.299,22774.0,16,0,12,3
2024-12-16 18:00:00+00:00,2653.258,2653.608,2651.46,2651.744,8908.0,20,0,12,0
2024-12-16 22:00:00+00:00,2651.762,2658.611,2651.122,2653.616,21640.0,0,1,12,0
2024-12-17 02:00:00+00:00,2653.578,2657.093,2646.417,2653.753,23183.0,4,1,12,0
2024-12-17 06:00:00+00:00,2653.727,2653.736,2636.207,2642.187,34953.0,8,1,12,0
2024-12-17 10:00:00+00:00,2642.208,2646.944,2632.966,2640.16,48303.0,12,1,12,1
2024-12-17 14:00:00+00:00,2640.241,2649.079,2636.659,2645.385,24330.0,16,1,12,3
2024-12-17 18:00:00+00:00,2645.428,2647.681,2643.083,2647.378,9065.0,20,1,12,0
2024-12-17 22:00:00+00:00,2647.365,2651.7,2645.204,2645.669,20952.0,0,2,12,0
2024-12-18 02:00:00+00:00,2645.632,2649.551,2642.666,2644.61,19919.0,4,2,12,0
2024-12-18 06:00:00+00:00,2644.585,2649.734,2642.074,2646.096,21449.0,8,2,12,0
2024-12-18 10:00:00+00:00,2646.106,2647.723,2633.694,2638.145,33614.0,12,2,12,1
2024-12-18 14:00:00+00:00,2638.109,2639.991,2604.035,2604.543,48203.0,16,2,12,3
2024-12-18 18:00:00+00:00,2604.581,2609.313,2583.38,2588.225,40710.0,20,2,12,0
2024-12-18 22:00:00+00:00,2588.256,2618.118,2587.957,2610.455,41703.0,0,3,12,0
2024-12-19 02:00:00+00:00,2610.479,2622.636,2603.318,2616.515,28783.0,4,3,12,0
2024-12-19 06:00:00+00:00,2616.555,2626.43,2613.213,2616.81,31617.0,8,3,12,0
2024-12-19 10:00:00+00:00,2616.771,2616.771,2586.951,2588.446,60226.0,12,3,12,1
2024-12-19 14:00:00+00:00,2588.401,2600.993,2587.134,2596.788,34296.0,16,3,12,3
2024-12-19 18:00:00+00:00,2596.832,2600.343,2592.307,2593.519,12297.0,20,3,12,0
2024-12-19 22:00:00+00:00,2593.496,2604.033,2589.593,2598.471,29055.0,0,4,12,0
2024-12-20 02:00:00+00:00,2598.467,2607.516,2596.422,2606.253,21689.0,4,4,12,0
2024-12-20 06:00:00+00:00,2606.285,2607.695,2600.041,2603.694,26112.0,8,4,12,0
2024-12-20 10:00:00+00:00,2603.668,2631.214,2600.34,2630.314,52606.0,12,4,12,1
2024-12-20 14:00:00+00:00,2630.351,2631.875,2622.142,2627.881,38419.0,16,4,12,3
2024-12-20 18:00:00+00:00,2627.845,2628.12,2619.202,2622.643,10931.0,20,4,12,0
2024-12-22 18:00:00+00:00,2623.329,2624.924,2621.74,2624.293,1852.0,20,6,12,0
2024-12-22 22:00:00+00:00,2624.398,2627.446,2617.498,2624.095,11177.0,0,0,12,0
2024-12-23 02:00:00+00:00,2624.106,2633.241,2623.863,2630.23,10467.0,4,0,12,0
2024-12-23 06:00:00+00:00,2630.184,2632.093,2612.959,2616.26,26288.0,8,0,12,0
2024-12-23 10:00:00+00:00,2616.292,2619.898,2609.253,2609.762,36744.0,12,0,12,1
2024-12-23 14:00:00+00:00,2609.798,2616.609,2608.078,2611.084,29937.0,16,0,12,3
2024-12-23 18:00:00+00:00,2611.129,2617.043,2609.147,2615.492,9410.0,20,0,12,0
2024-12-23 22:00:00+00:00,2615.546,2619.928,2613.507,2618.697,18431.0,0,1,12,0
2024-12-24 02:00:00+00:00,2618.729,2621.447,2616.422,2618.459,17714.0,4,1,12,0
2024-12-24 06:00:00+00:00,2618.503,2619.808,2612.376,2615.152,18392.0,8,1,12,0
2024-12-24 10:00:00+00:00,2615.199,2617.266,2610.019,2611.664,28490.0,12,1,12,1
2024-12-24 14:00:00+00:00,2611.7,2619.335,2611.492,2616.713,17962.0,16,1,12,3
2024-12-25 18:00:00+00:00,2615.621,2620.115,2615.371,2618.656,2414.0,20,2,12,0
2024-12-25 22:00:00+00:00,2618.647,2629.113,2618.614,2626.893,18372.0,0,3,12,0
2024-12-26 02:00:00+00:00,2626.902,2629.713,2623.599,2625.413,15767.0,4,3,12,0
2024-12-26 06:00:00+00:00,2625.398,2630.019,2625.132,2627.882,16218.0,8,3,12,0
2024-12-26 10:00:00+00:00,2627.855,2639.177,2621.696,2636.479,31152.0,12,3,12,1
2024-12-26 14:00:00+00:00,2636.527,2636.838,2627.885,2634.951,24432.0,16,3,12,3
2024-12-26 18:00:00+00:00,2634.875,2636.162,2624.659,2632.684,12229.0,20,3,12,0
2024-12-26 22:00:00+00:00,2632.689,2635.512,2628.886,2633.706,19935.0,0,4,12,0
2024-12-27 02:00:00+00:00,2633.744,2638.314,2631.25,2633.638,18834.0,4,4,12,0
2024-12-27 06:00:00+00:00,2633.599,2633.599,2623.452,2628.642,21160.0,8,4,12,0
2024-12-27 10:00:00+00:00,2628.638,2631.55,2611.608,2618.134,40798.0,12,4,12,1
2024-12-27 14:00:00+00:00,2618.174,2621.397,2614.117,2620.685,25184.0,16,4,12,3
2024-12-27 18:00:00+00:00,2620.719,2621.98,2612.724,2621.623,9785.0,20,4,12,0
2024-12-29 18:00:00+00:00,2621.977,2626.167,2621.632,2624.035,4006.0,20,6,12,0
2024-12-29 22:00:00+00:00,2624.08,2628.157,2621.486,2626.579,20555.0,0,0,12,0
2024-12-30 02:00:00+00:00,2626.567,2626.567,2615.813,2616.784,19128.0,4,0,12,0
2024-12-30 06:00:00+00:00,2616.75,2618.71,2609.092,2616.332,23525.0,8,0,12,0
2024-12-30 10:00:00+00:00,2616.332,2622.635,2599.558,2601.599,41092.0,12,0,12,1
2024-12-30 14:00:00+00:00,2601.613,2608.39,2596.042,2607.153,27705.0,16,0,12,3
2024-12-30 18:00:00+00:00,2607.169,2609.518,2603.865,2606.677,9460.0,20,0,12,0
2024-12-30 22:00:00+00:00,2606.717,2611.613,2603.507,2604.613,16550.0,0,1,12,0
2024-12-31 02:00:00+00:00,2604.612,2614.132,2602.591,2613.694,17718.0,4,1,12,0
2024-12-31 06:00:00+00:00,2613.735,2617.796,2609.714,2611.051,20696.0,8,1,12,0
2024-12-31 10:00:00+00:00,2611.016,2626.638,2605.314,2625.656,35167.0,12,1,12,1
2024-12-31 14:00:00+00:00,2625.632,2627.562,2622.227,2623.872,26096.0,16,1,12,3
2024-12-31 18:00:00+00:00,2623.84,2625.024,2622.19,2624.381,6132.0,20,1,12,0
2025-01-01 18:00:00+00:00,2625.179,2625.839,2621.641,2623.766,3113.0,20,2,1,0
2025-01-01 22:00:00+00:00,2623.798,2636.54,2622.72,2633.644,25913.0,0,3,1,0
2025-01-02 02:00:00+00:00,2633.633,2636.491,2631.05,2635.915,17564.0,4,3,1,0
2025-01-02 06:00:00+00:00,2635.953,2646.379,2631.123,2641.974,27557.0,8,3,1,0
2025-01-02 10:00:00+00:00,2642.006,2655.843,2636.005,2654.13,46780.0,12,3,1,1
2025-01-02 14:00:00+00:00,2654.062,2660.457,2650.035,2654.74,32340.0,16,3,1,3
2025-01-02 18:00:00+00:00,2654.775,2660.458,2654.151,2658.327,11225.0,20,3,1,0
2025-01-02 22:00:00+00:00,2658.328,2665.214,2656.109,2662.288,22421.0,0,4,1,0
2025-01-03 02:00:00+00:00,2662.255,2664.409,2651.924,2654.192,19296.0,4,4,1,0
2025-01-03 06:00:00+00:00,2654.164,2659.258,2649.89,2658.361,20848.0,8,4,1,0
2025-01-03 10:00:00+00:00,2657.003,2657.461,2640.927,2643.842,37909.0,12,4,1,1
2025-01-03 14:00:00+00:00,2643.812,2647.264,2638.954,2639.421,25260.0,16,4,1,3
2025-01-03 18:00:00+00:00,2639.392,2640.74,2636.644,2640.37,7945.0,20,4,1,0
2025-01-05 18:00:00+00:00,2639.644,2642.386,2639.644,2641.063,3243.0,20,6,1,0
2025-01-05 22:00:00+00:00,2641.098,2647.426,2638.6,2640.19,23648.0,0,0,1,0
2025-01-06 02:00:00+00:00,2640.203,2640.824,2625.058,2626.921,25071.0,4,0,1,0
2025-01-06 06:00:00+00:00,2626.891,2649.489,2625.759,2645.602,32097.0,8,0,1,0
2025-01-06 10:00:00+00:00,2645.562,2648.848,2614.436,2634.392,76200.0,12,0,1,1
2025-01-06 14:00:00+00:00,2634.419,2641.381,2632.507,2634.373,28764.0,16,0,1,3
2025-01-06 18:00:00+00:00,2634.41,2637.067,2633.132,2634.681,9199.0,20,0,1,0
2025-01-06 22:00:00+00:00,2634.634,2641.146,2632.918,2639.563,19372.0,0,1,1,0
2025-01-07 02:00:00+00:00,2639.56,2646.757,2637.02,2640.487,20164.0,4,1,1,0
2025-01-07 06:00:00+00:00,2640.444,2648.689,2640.031,2648.389,20928.0,8,1,1,0
2025-01-07 10:00:00+00:00,2648.348,2664.264,2641.885,2647.7,58108.0,12,1,1,1
2025-01-07 14:00:00+00:00,2647.625,2656.015,2646.383,2649.245,41393.0,16,1,1,3
2025-01-07 18:00:00+00:00,2649.297,2651.445,2647.195,2649.807,11137.0,20,1,1,0
2025-01-07 22:00:00+00:00,2649.817,2651.512,2645.569,2646.751,19011.0,0,2,1,0
2025-01-08 02:00:00+00:00,2646.728,2654.429,2645.202,2652.619,17537.0,4,2,1,0
2025-01-08 06:00:00+00:00,2652.651,2655.158,2647.595,2650.925,23377.0,8,2,1,0
2025-01-08 10:00:00+00:00,2650.838,2667.835,2645.847,2665.818,50312.0,12,2,1,1
2025-01-08 14:00:00+00:00,2665.84,2670.053,2649.388,2658.327,38718.0,16,2,1,3
2025-01-08 18:00:00+00:00,2658.364,2664.067,2658.276,2662.507,13632.0,20,2,1,0
2025-01-08 22:00:00+00:00,2662.526,2662.85,2656.266,2659.369,17673.0,0,3,1,0
2025-01-09 02:00:00+00:00,2659.335,2666.973,2655.471,2662.45,18742.0,4,3,1,0
2025-01-09 06:00:00+00:00,2662.418,2673.299,2660.422,2670.266,27474.0,8,3,1,0
2025-01-09 10:00:00+00:00,2670.249,2678.351,2667.196,2668.326,36025.0,12,3,1,1
2025-01-09 14:00:00+00:00,2668.32,2672.51,2662.689,2670.19,27902.0,16,3,1,3
2025-01-09 18:00:00+00:00,2670.154,2671.332,2668.492,2669.951,8310.0,20,3,1,0
2025-01-09 22:00:00+00:00,2669.978,2674.771,2668.966,2673.658,18568.0,0,4,1,0
2025-01-10 02:00:00+00:00,2673.631,2678.743,2671.556,2676.146,19645.0,4,4,1,0
2025-01-10 06:00:00+00:00,2676.181,2683.088,2675.736,2681.402,31133.0,8,4,1,0
2025-01-10 10:00:00+00:00,2681.363,2698.026,2663.994,2692.684,120040.0,12,4,1,1
2025-01-10 14:00:00+00:00,2692.588,2697.915,2684.586,2685.855,67842.0,16,4,1,3
2025-01-10 18:00:00+00:00,2685.89,2693.773,2684.5,2689.592,16902.0,20,4,1,0
2025-01-12 18:00:00+00:00,2689.769,2691.385,2687.574,2691.105,5121.0,20,6,1,0
2025-01-12 22:00:00+00:00,2691.128,2693.368,2679.294,2687.941,37494.0,0,0,1,0
2025-01-13 02:00:00+00:00,2687.977,2691.323,2683.273,2685.102,36380.0,4,0,1,0
2025-01-13 06:00:00+00:00,2685.074,2689.77,2675.449,2675.952,48716.0,8,0,1,0
2025-01-13 10:00:00+00:00,2675.911,2677.164,2661.033,2661.867,89138.0,12,0,1,1
2025-01-13 14:00:00+00:00,2661.792,2667.989,2656.768,2658.897,39504.0,16,0,1,3
2025-01-13 18:00:00+00:00,2658.959,2669.455,2658.734,2668.058,12754.0,20,0,1,0
2025-01-13 22:00:00+00:00,2667.975,2672.268,2666.365,2669.78,29962.0,0,1,1,0
2025-01-14 02:00:00+00:00,2669.818,2675.37,2667.184,2669.154,27801.0,4,1,1,0
2025-01-14 06:00:00+00:00,2669.196,2674.436,2664.453,2669.331,32493.0,8,1,1,0
2025-01-14 10:00:00+00:00,2669.287,2674.418,2659.802,2671.779,63862.0,12,1,1,1
2025-01-14 14:00:00+00:00,2671.826,2676.308,2666.703,2674.245,34473.0,16,1,1,3
2025-01-14 18:00:00+00:00,2674.209,2678.294,2671.833,2675.59,13363.0,20,1,1,0
2025-01-14 22:00:00+00:00,2675.58,2676.321,2669.389,2676.091,18845.0,0,2,1,0
2025-01-15 02:00:00+00:00,2676.052,2684.033,2674.183,2681.313,22710.0,4,2,1,0
2025-01-15 06:00:00+00:00,2681.357,2689.09,2681.168,2686.779,33076.0,8,2,1,0
2025-01-15 10:00:00+00:00,2686.748,2696.056,2676.64,2678.475,89250.0,12,2,1,1
2025-01-15 14:00:00+00:00,2678.512,2695.127,2676.925,2694.181,42493.0,16,2,1,3
2025-01-15 18:00:00+00:00,2694.142,2697.97,2693.249,2694.956,13130.0,20,2,1,0
2025-01-15 22:00:00+00:00,2694.984,2702.177,2692.861,2697.196,35195.0,0,3,1,0
2025-01-16 02:00:00+00:00,2697.144,2699.924,2689.907,2698.271,26762.0,4,3,1,0
2025-01-16 06:00:00+00:00,2698.313,2711.175,2697.115,2706.412,36124.0,8,3,1,0
2025-01-16 10:00:00+00:00,2706.416,2719.718,2700.041,2716.874,86760.0,12,3,1,1
2025-01-16 14:00:00+00:00,2716.93,2724.74,2714.652,2715.346,47684.0,16,3,1,3
2025-01-16 18:00:00+00:00,2715.368,2717.046,2712.401,2714.585,12961.0,20,3,1,0
2025-01-16 22:00:00+00:00,2714.619,2717.325,2709.834,2715.439,25911.0,0,4,1,0
2025-01-17 02:00:00+00:00,2715.476,2716.515,2708.585,2710.519,27929.0,4,4,1,0
2025-01-17 06:00:00+00:00,2710.577,2712.991,2702.767,2708.041,31204.0,8,4,1,0
2025-01-17 10:00:00+00:00,2708.002,2715.136,2702.723,2714.243,50891.0,12,4,1,1
2025-01-17 14:00:00+00:00,2714.256,2717.261,2702.88,2703.175,22139.0,16,4,1,3
2025-01-17 18:00:00+00:00,2703.189,2704.088,2699.242,2702.879,7288.0,20,4,1,0
2025-01-19 18:00:00+00:00,2702.629,2703.084,2691.547,2696.424,4791.0,20,6,1,0
2025-01-19 22:00:00+00:00,2696.424,2703.987,2689.395,2703.554,21433.0,0,0,1,0
2025-01-20 02:00:00+00:00,2703.559,2713.771,2702.279,2703.592,18123.0,4,0,1,0
2025-01-20 06:00:00+00:00,2703.571,2712.492,2702.993,2708.331,19727.0,8,0,1,0
2025-01-20 10:00:00+00:00,2708.289,2711.844,2701.915,2707.065,55205.0,12,0,1,1
2025-01-20 14:00:00+00:00,2707.063,2711.161,2703.168,2709.059,25794.0,16,0,1,3
2025-01-20 18:00:00+00:00,2708.347,2711.032,2706.593,2710.445,2927.0,20,0,1,0
2025-01-20 22:00:00+00:00,2710.433,2726.943,2702.797,2724.196,33829.0,0,1,1,0
2025-01-21 02:00:00+00:00,2724.221,2732.773,2722.695,2729.729,24289.0,4,1,1,0
2025-01-21 06:00:00+00:00,2729.701,2730.052,2716.508,2723.998,34497.0,8,1,1,0
2025-01-21 10:00:00+00:00,2723.989,2740.384,2722.003,2738.776,40871.0,12,1,1,1
2025-01-21 14:00:00+00:00,2738.792,2745.963,2737.839,2742.837,23481.0,16,1,1,3
2025-01-21 18:00:00+00:00,2742.819,2745.863,2740.082,2744.259,12504.0,20,1,1,0
2025-01-21 22:00:00+00:00,2744.309,2751.088,2742.713,2750.266,32956.0,0,2,1,0
2025-01-22 02:00:00+00:00,2750.238,2758.831,2745.569,2748.781,36528.0,4,2,1,0
2025-01-22 06:00:00+00:00,2748.818,2763.43,2746.77,2756.534,38401.0,8,2,1,0
2025-01-22 10:00:00+00:00,2756.572,2761.606,2750.329,2759.351,69159.0,12,2,1,1
2025-01-22 14:00:00+00:00,2759.389,2760.278,2754.891,2755.309,32337.0,16,2,1,3
2025-01-22 18:00:00+00:00,2755.269,2757.144,2753.88,2755.583,11995.0,20,2,1,0
2025-01-22 22:00:00+00:00,2755.562,2756.3,2749.474,2749.959,30342.0,0,3,1,0
2025-01-23 02:00:00+00:00,2750.03,2755.575,2749.79,2752.683,31178.0,4,3,1,0
2025-01-23 06:00:00+00:00,2752.735,2754.789,2740.871,2751.898,38860.0,8,3,1,0
2025-01-23 10:00:00+00:00,2751.873,2753.386,2735.77,2746.424,76136.0,12,3,1,1
2025-01-23 14:00:00+00:00,2746.383,2758.962,2744.175,2754.173,43324.0,16,3,1,3
2025-01-23 18:00:00+00:00,2754.13,2755.636,2751.306,2754.543,15473.0,20,3,1,0
2025-01-23 22:00:00+00:00,2754.546,2777.417,2754.329,2772.308,43095.0,0,4,1,0
2025-01-24 02:00:00+00:00,2772.28,2778.363,2770.527,2772.675,39161.0,4,4,1,0
2025-01-24 06:00:00+00:00,2772.716,2780.193,2769.966,2776.617,35661.0,8,4,1,0
2025-01-24 10:00:00+00:00,2776.678,2786.011,2773.713,2775.973,58264.0,12,4,1,1
2025-01-24 14:00:00+00:00,2775.918,2777.564,2769.894,2774.628,36566.0,16,4,1,3
2025-01-24 18:00:00+00:00,2774.632,2774.798,2770.458,2771.079,9538.0,20,4,1,0
2025-01-26 18:00:00+00:00,2765.65,2769.721,2765.185,2767.553,8228.0,20,6,1,0
2025-01-26 22:00:00+00:00,2767.554,2772.54,2753.871,2761.117,45600.0,0,0,1,0
2025-01-27 02:00:00+00:00,2761.066,2761.075,2747.189,2749.46,39706.0,4,0,1,0
2025-01-27 06:00:00+00:00,2749.436,2772.108,2749.291,2771.247,57198.0,8,0,1,0
2025-01-27 10:00:00+00:00,2771.3,2771.634,2739.499,2742.084,70864.0,12,0,1,1
2025-01-27 14:00:00+00:00,2742.052,2743.136,2730.478,2739.328,50005.0,16,0,1,3
2025-01-27 18:00:00+00:00,2739.353,2745.325,2738.147,2741.71,16513.0,20,0,1,0
2025-01-27 22:00:00+00:00,2741.743,2745.268,2737.815,2738.813,29977.0,0,1,1,0
2025-01-28 02:00:00+00:00,2738.765,2744.894,2738.33,2738.91,30156.0,4,1,1,0
2025-01-28 06:00:00+00:00,2738.936,2745.172,2734.773,2742.793,39132.0,8,1,1,0
2025-01-28 10:00:00+00:00,2742.709,2757.204,2741.196,2755.33,53969.0,12,1,1,1
2025-01-28 14:00:00+00:00,2755.325,2764.998,2755.222,2764.828,39677.0,16,1,1,3
2025-01-28 18:00:00+00:00,2764.788,2765.052,2762.387,2762.695,12392.0,20,1,1,0
2025-01-28 22:00:00+00:00,2762.698,2766.271,2762.234,2762.774,22917.0,0,2,1,0
2025-01-29 02:00:00+00:00,2762.766,2764.356,2757.414,2759.074,28878.0,4,2,1,0
2025-01-29 06:00:00+00:00,2759.118,2766.083,2757.008,2758.994,34818.0,8,2,1,0
2025-01-29 10:00:00+00:00,2758.956,2761.119,2748.2,2754.11,62151.0,12,2,1,1
2025-01-29 14:00:00+00:00,2754.15,2757.913,2744.745,2755.218,55389.0,16,2,1,3
2025-01-29 18:00:00+00:00,2755.18,2760.685,2752.745,2760.306,22854.0,20,2,1,0
2025-01-29 22:00:00+00:00,2760.243,2762.577,2758.901,2761.735,22104.0,0,3,1,0
2025-01-30 02:00:00+00:00,2761.699,2769.528,2758.704,2769.135,23853.0,4,3,1,0
2025-01-30 06:00:00+00:00,2769.133,2779.432,2768.322,2777.699,28252.0,8,3,1,0
2025-01-30 10:00:00+00:00,2777.686,2796.778,2776.061,2795.411,70540.0,12,3,1,1
2025-01-30 14:00:00+00:00,2795.388,2798.469,2788.797,2793.363,59844.0,16,3,1,3
2025-01-30 18:00:00+00:00,2793.343,2798.476,2790.749,2796.146,30241.0,20,3,1,0
2025-01-30 22:00:00+00:00,2796.183,2799.636,2794.429,2796.453,29118.0,0,4,1,0
2025-01-31 02:00:00+00:00,2796.412,2801.072,2792.122,2798.232,32392.0,4,4,1,0
2025-01-31 06:00:00+00:00,2798.205,2800.867,2791.0,2800.195,40817.0,8,4,1,0
2025-01-31 10:00:00+00:00,2800.165,2817.244,2799.95,2809.224,70287.0,12,4,1,1
2025-01-31 14:00:00+00:00,2809.129,2816.261,2795.295,2796.26,92525.0,16,4,1,3
2025-01-31 18:00:00+00:00,2796.303,2802.565,2794.089,2799.348,29743.0,20,4,1,0
2025-02-02 18:00:00+00:00,2801.018,2804.653,2784.271,2793.709,36985.0,20,6,2,0
2025-02-02 22:00:00+00:00,2793.726,2796.511,2772.137,2774.454,89427.0,0,0,2,0
2025-02-03 02:00:00+00:00,2774.457,2789.913,2774.192,2789.28,58541.0,4,0,2,0
2025-02-03 06:00:00+00:00,2789.32,2804.248,2786.965,2801.146,54449.0,8,0,2,0
2025-02-03 10:00:00+00:00,2801.204,2830.566,2800.43,2817.46,103985.0,12,0,2,1
2025-02-03 14:00:00+00:00,2817.427,2825.297,2812.764,2818.272,62514.0,16,0,2,3
2025-02-03 18:00:00+00:00,2818.246,2819.504,2811.892,2814.027,23911.0,20,0,2,0
2025-02-03 22:00:00+00:00,2813.989,2824.7,2812.609,2821.399,39643.0,0,1,2,0
2025-02-04 02:00:00+00:00,2821.389,2821.492,2807.201,2812.711,57948.0,4,1,2,0
2025-02-04 06:00:00+00:00,2812.756,2821.899,2810.131,2815.448,55617.0,8,1,2,0
2025-02-04 10:00:00+00:00,2815.456,2845.508,2814.435,2835.918,93724.0,12,1,2,1
2025-02-04 14:00:00+00:00,2835.859,2844.973,2832.455,2843.053,49466.0,16,1,2,3
2025-02-04 18:00:00+00:00,2843.088,2844.921,2840.382,2841.21,15906.0,20,1,2,0
2025-02-04 22:00:00+00:00,2841.225,2854.325,2839.683,2852.338,51857.0,0,2,2,0
2025-02-05 02:00:00+00:00,2852.348,2864.21,2851.812,2864.17,34065.0,4,2,2,0
2025-02-05 06:00:00+00:00,2864.129,2877.065,2863.526,2868.662,40997.0,8,2,2,0
2025-02-05 10:00:00+00:00,2868.617,2882.429,2858.594,2880.227,78591.0,12,2,2,1
2025-02-05 14:00:00+00:00,2880.267,2881.19,2862.665,2863.499,63079.0,16,2,2,3
2025-02-05 18:00:00+00:00,2863.534,2870.989,2859.878,2869.283,21866.0,20,2,2,0
2025-02-05 22:00:00+00:00,2869.276,2873.322,2863.698,2869.409,41671.0,0,3,2,0
2025-02-06 02:00:00+00:00,2869.368,2872.315,2854.98,2855.806,42864.0,4,3,2,0
2025-02-06 06:00:00+00:00,2855.759,2867.351,2848.884,2865.968,54456.0,8,3,2,0
2025-02-06 10:00:00+00:00,2865.962,2870.309,2834.055,2850.599,92743.0,12,3,2,1
2025-02-06 14:00:00+00:00,2850.559,2854.725,2848.029,2853.742,43644.0,16,3,2,3
2025-02-06 18:00:00+00:00,2853.787,2858.773,2853.571,2857.996,14582.0,20,3,2,0
2025-02-06 22:00:00+00:00,2857.99,2870.649,2857.751,2867.186,31153.0,0,4,2,0
2025-02-07 02:00:00+00:00,2867.116,2869.619,2858.998,2864.218,32265.0,4,4,2,0
2025-02-07 06:00:00+00:00,2864.272,2870.696,2863.221,2867.624,38649.0,8,4,2,0
2025-02-07 10:00:00+00:00,2867.665,2886.751,2852.363,2880.318,93390.0,12,4,2,1
2025-02-07 14:00:00+00:00,2880.357,2881.549,2853.298,2860.15,64174.0,16,4,2,3
2025-02-07 18:00:00+00:00,2860.123,2863.778,2859.375,2860.971,13895.0,20,4,2,0
2025-02-09 18:00:00+00:00,2861.269,2870.59,2860.088,2867.495,7930.0,20,6,2,0
2025-02-09 22:00:00+00:00,2867.539,2876.602,2865.83,2875.572,38118.0,0,0,2,0
2025-02-10 02:00:00+00:00,2875.572,2896.595,2874.29,2895.471,37901.0,4,0,2,0
2025-02-10 06:00:00+00:00,2895.475,2906.297,2892.213,2904.502,47969.0,8,0,2,0
2025-02-10 10:00:00+00:00,2904.528,2912.062,2896.26,2908.93,76354.0,12,0,2,1
2025-02-10 14:00:00+00:00,2908.977,2910.318,2896.632,2904.342,38562.0,16,0,2,3
2025-02-10 18:00:00+00:00,2904.361,2921.603,2902.88,2917.847,20834.0,20,0,2,0
2025-02-10 22:00:00+00:00,2917.894,2942.649,2905.417,2919.716,82405.0,0,1,2,0
2025-02-11 02:00:00+00:00,2919.751,2929.431,2907.124,2913.351,54722.0,4,1,2,0
2025-02-11 06:00:00+00:00,2913.329,2915.303,2901.864,2903.981,61797.0,8,1,2,0
2025-02-11 10:00:00+00:00,2904.016,2906.574,2881.696,2904.794,104024.0,12,1,2,1
2025-02-11 14:00:00+00:00,2904.834,2908.679,2899.562,2900.082,41951.0,16,1,2,3
2025-02-11 18:00:00+00:00,2900.085,2900.906,2894.038,2898.536,16732.0,20,1,2,0
2025-02-11 22:00:00+00:00,2898.562,2898.894,2883.76,2889.001,46662.0,0,2,2,0
2025-02-12 02:00:00+00:00,2888.998,2895.862,2883.668,2892.773,38268.0,4,2,2,0
2025-02-12 06:00:00+00:00,2892.813,2894.083,2879.317,2879.802,37703.0,8,2,2,0
2025-02-12 10:00:00+00:00,2879.811,2898.014,2864.102,2894.553,90455.0,12,2,2,1
2025-02-12 14:00:00+00:00,2894.513,2909.267,2892.029,2897.905,42563.0,16,2,2,3
2025-02-12 18:00:00+00:00,2897.936,2906.403,2895.54,2905.781,14229.0,20,2,2,0
2025-02-12 22:00:00+00:00,2905.756,2918.097,2901.452,2916.475,33954.0,0,3,2,0
2025-02-13 02:00:00+00:00,2916.509,2922.801,2912.459,2914.569,35153.0,4,3,2,0
2025-02-13 06:00:00+00:00,2914.607,2919.475,2909.416,2917.873,39527.0,8,3,2,0
2025-02-13 10:00:00+00:00,2917.909,2921.398,2905.762,2920.235,67577.0,12,3,2,1
2025-02-13 14:00:00+00:00,2920.22,2927.402,2912.887,2926.812,36595.0,16,3,2,3
2025-02-13 18:00:00+00:00,2926.825,2932.484,2924.855,2931.217,15420.0,20,3,2,0
2025-02-13 22:00:00+00:00,2931.192,2933.879,2923.164,2924.33,33551.0,0,4,2,0
2025-02-14 02:00:00+00:00,2924.336,2936.84,2923.77,2931.853,36423.0,4,4,2,0
2025-02-14 06:00:00+00:00,2931.81,2940.0,2929.246,2931.181,38925.0,8,4,2,0
2025-02-14 10:00:00+00:00,2931.136,2933.388,2892.87,2901.939,105575.0,12,4,2,1
2025-02-14 14:00:00+00:00,2901.827,2903.915,2878.691,2880.499,61684.0,16,4,2,3
2025-02-14 18:00:00+00:00,2880.468,2886.209,2876.991,2882.772,14439.0,20,4,2,0
2025-02-16 18:00:00+00:00,2893.643,2894.024,2878.43,2879.221,15904.0,20,6,2,0
2025-02-16 22:00:00+00:00,2879.254,2904.607,2879.254,2903.603,37323.0,0,0,2,0
2025-02-17 02:00:00+00:00,2903.553,2905.407,2888.211,2902.479,34172.0,4,0,2,0
2025-02-17 06:00:00+00:00,2902.499,2906.428,2895.044,2900.992,38944.0,8,0,2,0
2025-02-17 10:00:00+00:00,2901.007,2904.199,2895.413,2899.19,43403.0,12,0,2,1
2025-02-17 14:00:00+00:00,2899.27,2901.314,2896.488,2897.392,18031.0,16,0,2,3
2025-02-17 18:00:00+00:00,2899.102,2899.482,2897.106,2899.373,2056.0,20,0,2,0
2025-02-17 22:00:00+00:00,2899.325,2910.89,2892.013,2909.001,25909.0,0,1,2,0
2025-02-18 02:00:00+00:00,2908.996,2915.629,2907.173,2911.501,25708.0,4,1,2,0
2025-02-18 06:00:00+00:00,2911.54,2914.922,2906.997,2914.174,25763.0,8,1,2,0
2025-02-18 10:00:00+00:00,2914.224,2929.609,2912.054,2927.02,46494.0,12,1,2,1
2025-02-18 14:00:00+00:00,2926.986,2936.994,2924.186,2935.821,32538.0,16,1,2,3
2025-02-18 18:00:00+00:00,2935.832,2936.788,2932.393,2934.061,10964.0,20,1,2,0
2025-02-18 22:00:00+00:00,2934.059,2939.653,2924.058,2928.825,28241.0,0,2,2,0
2025-02-19 02:00:00+00:00,2928.828,2935.872,2926.487,2934.25,24529.0,4,2,2,0
2025-02-19 06:00:00+00:00,2934.21,2947.049,2933.718,2935.087,32066.0,8,2,2,0
2025-02-19 10:00:00+00:00,2935.059,2941.657,2925.426,2925.793,55359.0,12,2,2,1
2025-02-19 14:00:00+00:00,2925.767,2932.365,2918.524,2931.754,42361.0,16,2,2,3
2025-02-19 18:00:00+00:00,2931.715,2937.461,2931.305,2935.384,13196.0,20,2,2,0
2025-02-19 22:00:00+00:00,2935.386,2944.057,2933.877,2941.913,28769.0,0,3,2,0
2025-02-20 02:00:00+00:00,2941.933,2954.216,2939.267,2948.871,22982.0,4,3,2,0
2025-02-20 06:00:00+00:00,2948.966,2954.975,2947.15,2948.768,27444.0,8,3,2,0
2025-02-20 10:00:00+00:00,2948.743,2950.82,2924.08,2938.545,65709.0,12,3,2,1
2025-02-20 14:00:00+00:00,2938.503,2946.996,2933.524,2937.894,35607.0,16,3,2,3
2025-02-20 18:00:00+00:00,2938.034,2943.433,2935.526,2941.53,13827.0,20,3,2,0
2025-02-20 22:00:00+00:00,2941.57,2949.786,2926.286,2931.262,43544.0,0,4,2,0
2025-02-21 02:00:00+00:00,2931.262,2934.039,2924.187,2930.07,30596.0,4,4,2,0
2025-02-21 06:00:00+00:00,2930.032,2936.114,2916.682,2928.376,30320.0,8,4,2,0
2025-02-21 10:00:00+00:00,2928.411,2939.091,2921.547,2928.696,52129.0,12,4,2,1
2025-02-21 14:00:00+00:00,2928.67,2942.804,2927.322,2933.398,32868.0,16,4,2,3
2025-02-21 18:00:00+00:00,2933.374,2938.227,2932.093,2936.453,11591.0,20,4,2,0
2025-02-23 18:00:00+00:00,2939.411,2940.546,2936.498,2936.867,6036.0,20,6,2,0
2025-02-23 22:00:00+00:00,2936.863,2944.839,2921.332,2941.076,51186.0,0,0,2,0
2025-02-24 02:00:00+00:00,2941.133,2945.01,2935.22,2943.809,29689.0,4,0,2,0
2025-02-24 06:00:00+00:00,2943.85,2948.737,2934.893,2947.75,29260.0,8,0,2,0
2025-02-24 10:00:00+00:00,2947.709,2956.181,2930.649,2936.524,55916.0,12,0,2,1
2025-02-24 14:00:00+00:00,2936.5,2949.91,2936.45,2949.154,30341.0,16,0,2,3
2025-02-24 18:00:00+00:00,2949.214,2953.943,2947.038,2949.996,13704.0,20,0,2,0
2025-02-24 22:00:00+00:00,2949.957,2952.552,2937.535,2939.513,29870.0,0,1,2,0
2025-02-25 02:00:00+00:00,2939.492,2940.964,2930.471,2931.736,28624.0,4,1,2,0
2025-02-25 06:00:00+00:00,2931.762,2942.456,2929.553,2938.626,28500.0,8,1,2,0
2025-02-25 10:00:00+00:00,2938.664,2944.949,2900.498,2905.866,85037.0,12,1,2,1
2025-02-25 14:00:00+00:00,2905.892,2913.899,2888.229,2912.051,56269.0,16,1,2,3
2025-02-25 18:00:00+00:00,2912.074,2919.051,2910.817,2918.604,16584.0,20,1,2,0
2025-02-25 22:00:00+00:00,2918.626,2930.141,2914.783,2917.295,31102.0,0,2,2,0
2025-02-26 02:00:00+00:00,2917.264,2921.014,2905.857,2915.529,27104.0,4,2,2,0
2025-02-26 06:00:00+00:00,2915.504,2918.966,2909.518,2913.815,27331.0,8,2,2,0
2025-02-26 10:00:00+00:00,2913.844,2915.471,2890.669,2913.199,61187.0,12,2,2,1
2025-02-26 14:00:00+00:00,2913.239,2916.689,2909.914,2913.934,33413.0,16,2,2,3
2025-02-26 18:00:00+00:00,2913.921,2920.788,2911.996,2919.118,12507.0,20,2,2,0
2025-02-26 22:00:00+00:00,2919.176,2919.176,2904.352,2905.729,29358.0,0,3,2,0
2025-02-27 02:00:00+00:00,2905.768,2906.555,2887.924,2891.988,43098.0,4,3,2,0
2025-02-27 06:00:00+00:00,2891.944,2894.942,2876.987,2883.942,43537.0,8,3,2,0
2025-02-27 10:00:00+00:00,2884.054,2892.452,2867.74,2872.392,86994.0,12,3,2,1
2025-02-27 14:00:00+00:00,2872.363,2887.704,2871.766,2879.21,41343.0,16,3,2,3
2025-02-27 18:00:00+00:00,2879.248,2879.342,2871.339,2876.063,21668.0,20,3,2,0
2025-02-27 22:00:00+00:00,2876.069,2885.034,2863.667,2865.751,38157.0,0,4,2,0
2025-02-28 02:00:00+00:00,2865.731,2867.005,2856.942,2858.678,40380.0,4,4,2,0
2025-02-28 06:00:00+00:00,2858.639,2864.852,2851.064,2862.174,31914.0,8,4,2,0
2025-02-28 10:00:00+00:00,2862.216,2864.99,2832.578,2850.167,74852.0,12,4,2,1
2025-02-28 14:00:00+00:00,2850.197,2853.899,2838.063,2849.606,46260.0,16,4,2,3
2025-02-28 18:00:00+00:00,2849.58,2859.697,2847.79,2858.242,13117.0,20,4,2,0
2025-03-02 18:00:00+00:00,2873.556,2876.994,2863.995,2870.799,14065.0,20,6,3,0
2025-03-02 22:00:00+00:00,2870.866,2872.055,2859.294,2864.775,36225.0,0,0,3,0
2025-03-03 02:00:00+00:00,2864.85,2868.481,2860.093,2863.208,24800.0,4,0,3,0
2025-03-03 06:00:00+00:00,2863.274,2875.413,2858.83,2874.411,30827.0,8,0,3,0
2025-03-03 10:00:00+00:00,2874.361,2890.536,2868.878,2887.771,54995.0,12,0,3,1
2025-03-03 14:00:00+00:00,2887.862,2893.108,2879.697,2881.612,37479.0,16,0,3,3
2025-03-03 18:00:00+00:00,2881.655,2895.267,2878.303,2890.886,21297.0,20,0,3,0
2025-03-03 22:00:00+00:00,2890.863,2893.734,2881.95,2888.629,30469.0,0,1,3,0
2025-03-04 02:00:00+00:00,2888.57,2901.552,2884.391,2899.923,29092.0,4,1,3,0
2025-03-04 06:00:00+00:00,2899.908,2921.773,2896.707,2919.942,38807.0,8,1,3,0
2025-03-04 10:00:00+00:00,2920.02,2927.891,2900.31,2906.102,70784.0,12,1,3,1
2025-03-04 14:00:00+00:00,2906.087,2916.501,2903.724,2916.09,37224.0,16,1,3,3
2025-03-04 18:00:00+00:00,2916.052,2920.529,2913.269,2914.363,16623.0,20,1,3,0
2025-03-04 22:00:00+00:00,2914.355,2917.168,2902.094,2908.743,42887.0,0,2,3,0
2025-03-05 02:00:00+00:00,2908.704,2921.646,2908.576,2917.989,30884.0,4,2,3,0
2025-03-05 06:00:00+00:00,2917.947,2922.528,2909.01,2913.225,38017.0,8,2,3,0
2025-03-05 10:00:00+00:00,2913.278,2923.808,2894.255,2917.167,87416.0,12,2,3,1
2025-03-05 14:00:00+00:00,2917.109,2930.042,2911.189,2920.551,51541.0,16,2,3,3
2025-03-05 18:00:00+00:00,2920.512,2923.119,2916.711,2918.236,14191.0,20,2,3,0
2025-03-05 22:00:00+00:00,2918.237,2926.567,2915.874,2921.261,26170.0,0,3,3,0
2025-03-06 02:00:00+00:00,2921.227,2923.073,2909.757,2910.137,30597.0,4,3,3,0
2025-03-06 06:00:00+00:00,2910.108,2911.53,2891.159,2905.714,49646.0,8,3,3,0
2025-03-06 10:00:00+00:00,2905.76,2922.764,2899.238,2914.497,71094.0,12,3,3,1
2025-03-06 14:00:00+00:00,2914.53,2921.419,2912.337,2914.04,38827.0,16,3,3,3
2025-03-06 18:00:00+00:00,2914.013,2916.613,2908.373,2910.314,16933.0,20,3,3,0
2025-03-06 22:00:00+00:00,2910.249,2910.326,2896.667,2905.355,47812.0,0,4,3,0
2025-03-07 02:00:00+00:00,2905.269,2917.279,2904.73,2917.098,31861.0,4,4,3,0
2025-03-07 06:00:00+00:00,2917.138,2923.007,2915.201,2918.7,34268.0,8,4,3,0
2025-03-07 10:00:00+00:00,2918.796,2930.466,2903.57,2915.819,90290.0,12,4,3,1
2025-03-07 14:00:00+00:00,2915.783,2919.423,2901.86,2905.229,57920.0,16,4,3,3
2025-03-07 18:00:00+00:00,2905.199,2912.663,2904.716,2911.256,10911.0,20,4,3,0
2025-03-09 18:00:00+00:00,2912.347,2917.051,2909.658,2916.187,10320.0,20,6,3,0
2025-03-09 22:00:00+00:00,2916.19,2918.312,2908.127,2910.943,35770.0,0,0,3,0
2025-03-10 02:00:00+00:00,2910.982,2915.426,2904.304,2908.444,27523.0,4,0,3,0
2025-03-10 06:00:00+00:00,2908.432,2915.472,2895.606,2904.027,51501.0,8,0,3,0
2025-03-10 10:00:00+00:00,2904.029,2910.642,2897.632,2904.485,77898.0,12,0,3,1
2025-03-10 14:00:00+00:00,2904.506,2906.874,2880.166,2885.494,55256.0,16,0,3,3
2025-03-10 18:00:00+00:00,2885.422,2890.177,2882.332,2884.685,12062.0,20,0,3,0
2025-03-10 22:00:00+00:00,2884.724,2900.486,2880.131,2896.91,37571.0,0,1,3,0
2025-03-11 02:00:00+00:00,2896.91,2903.586,2892.752,2901.009,30245.0,4,1,3,0
2025-03-11 06:00:00+00:00,2901.052,2915.464,2900.416,2913.668,28256.0,8,1,3,0
2025-03-11 10:00:00+00:00,2913.651,2922.262,2906.789,2916.875,56730.0,12,1,3,1
2025-03-11 14:00:00+00:00,2916.833,2921.385,2914.071,2918.403,28462.0,16,1,3,3
2025-03-11 18:00:00+00:00,2918.365,2919.589,2914.414,2915.551,9972.0,20,1,3,0
2025-03-11 22:00:00+00:00,2915.589,2919.995,2910.866,2914.941,23692.0,0,2,3,0
2025-03-12 02:00:00+00:00,2914.977,2921.125,2908.904,2914.462,28272.0,4,2,3,0
2025-03-12 06:00:00+00:00,2914.477,2925.372,2912.638,2915.304,32511.0,8,2,3,0
2025-03-12 10:00:00+00:00,2915.308,2929.444,2905.97,2928.377,66274.0,12,2,3,1
2025-03-12 14:00:00+00:00,2928.457,2940.592,2927.89,2931.322,40117.0,16,2,3,3
2025-03-12 18:00:00+00:00,2931.289,2939.353,2930.784,2938.039,11227.0,20,2,3,0
2025-03-12 22:00:00+00:00,2938.025,2947.124,2936.511,2945.636,24283.0,0,3,3,0
2025-03-13 02:00:00+00:00,2945.601,2946.152,2932.92,2935.252,25506.0,4,3,3,0
2025-03-13 06:00:00+00:00,2935.287,2948.885,2934.768,2946.333,27215.0,8,3,3,0
2025-03-13 10:00:00+00:00,2946.371,2978.486,2938.935,2977.772,73473.0,12,3,3,1
2025-03-13 14:00:00+00:00,2977.797,2985.474,2976.363,2982.946,44798.0,16,3,3,3
2025-03-13 18:00:00+00:00,2982.973,2989.907,2981.256,2986.435,13017.0,20,3,3,0
2025-03-13 22:00:00+00:00,2986.473,2992.96,2981.721,2992.631,34466.0,0,4,3,0
2025-03-14 02:00:00+00:00,2992.654,2993.922,2980.753,2986.892,29298.0,4,4,3,0
2025-03-14 06:00:00+00:00,2986.921,3004.908,2985.154,2993.503,36448.0,8,4,3,0
2025-03-14 10:00:00+00:00,2993.477,2999.673,2978.421,2984.607,69030.0,12,4,3,1
2025-03-14 14:00:00+00:00,2984.569,2990.43,2982.14,2984.02,27449.0,16,4,3,3
2025-03-14 18:00:00+00:00,2983.985,2988.756,2981.633,2986.37,3477.0,20,4,3,0
2025-03-16 18:00:00+00:00,2987.601,2994.105,2986.054,2990.061,7880.0,20,6,3,0
2025-03-16 22:00:00+00:00,2990.027,2993.091,2985.22,2986.917,24494.0,0,0,3,0
2025-03-17 02:00:00+00:00,2986.943,2990.73,2982.158,2985.487,19498.0,4,0,3,0
2025-03-17 06:00:00+00:00,2985.548,3001.217,2983.053,2997.475,22050.0,8,0,3,0
2025-03-17 10:00:00+00:00,2997.515,3000.512,2984.718,2997.095,52900.0,12,0,3,1
2025-03-17 14:00:00+00:00,2997.165,3000.838,2993.027,3000.173,23571.0,16,0,3,3
2025-03-17 18:00:00+00:00,3000.147,3002.807,2999.583,2999.831,7175.0,20,0,3,0
2025-03-17 22:00:00+00:00,2999.803,3015.054,2999.49,3011.333,28098.0,0,1,3,0
2025-03-18 02:00:00+00:00,3011.34,3018.955,3006.066,3016.439,26836.0,4,1,3,0
2025-03-18 06:00:00+00:00,3016.483,3029.461,3016.354,3026.839,28715.0,8,1,3,0
2025-03-18 10:00:00+00:00,3026.842,3038.334,3024.72,3031.758,60313.0,12,1,3,1
2025-03-18 14:00:00+00:00,3031.719,3037.935,3029.777,3035.615,26614.0,16,1,3,3
2025-03-18 18:00:00+00:00,3035.643,3035.974,3031.512,3031.774,7868.0,20,1,3,0
2025-03-18 22:00:00+00:00,3031.801,3039.029,3027.32,3036.325,20227.0,0,2,3,0
2025-03-19 02:00:00+00:00,3036.291,3045.362,3034.25,3035.896,31348.0,4,2,3,0
2025-03-19 06:00:00+00:00,3035.949,3039.949,3022.744,3038.946,28256.0,8,2,3,0
2025-03-19 10:00:00+00:00,3038.955,3041.155,3025.845,3031.458,42495.0,12,2,3,1
2025-03-19 14:00:00+00:00,3031.482,3051.924,3029.388,3047.858,44288.0,16,2,3,3
2025-03-19 18:00:00+00:00,3047.818,3051.335,3044.205,3050.026,10364.0,20,2,3,0
2025-03-19 22:00:00+00:00,3050.023,3056.225,3045.054,3049.964,35058.0,0,3,3,0
2025-03-20 02:00:00+00:00,3050.068,3057.484,3041.78,3042.232,32535.0,4,3,3,0
2025-03-20 06:00:00+00:00,3042.268,3046.241,3025.626,3034.433,40488.0,8,3,3,0
2025-03-20 10:00:00+00:00,3034.467,3042.288,3029.883,3040.765,50203.0,12,3,3,1
2025-03-20 14:00:00+00:00,3040.802,3046.094,3033.884,3044.569,28130.0,16,3,3,3
2025-03-20 18:00:00+00:00,3044.604,3046.598,3043.501,3046.409,7027.0,20,3,3,0
2025-03-20 22:00:00+00:00,3046.335,3047.435,3029.984,3030.585,25617.0,0,4,3,0
2025-03-21 02:00:00+00:00,3030.539,3033.939,3021.553,3031.927,27916.0,4,4,3,0
2025-03-21 06:00:00+00:00,3032.022,3037.694,3027.049,3034.332,27999.0,8,4,3,0
2025-03-21 10:00:00+00:00,3034.311,3038.128,2999.385,3011.072,78208.0,12,4,3,1
2025-03-21 14:00:00+00:00,3011.037,3022.049,3010.66,3020.013,30190.0,16,4,3,3
2025-03-21 18:00:00+00:00,3020.037,3024.274,3019.974,3023.493,3771.0,20,4,3,0
2025-03-23 18:00:00+00:00,3023.441,3026.292,3022.143,3024.721,6816.0,20,6,3,0
2025-03-23 22:00:00+00:00,3024.709,3025.582,3013.646,3016.999,31892.0,0,0,3,0
2025-03-24 02:00:00+00:00,3017.049,3028.903,3016.524,3022.361,24576.0,4,0,3,0
2025-03-24 06:00:00+00:00,3022.329,3033.208,3021.835,3024.642,29522.0,8,0,3,0
2025-03-24 10:00:00+00:00,3024.602,3028.651,3005.745,3014.036,51324.0,12,0,3,1
2025-03-24 14:00:00+00:00,3014.054,3015.604,3002.465,3006.133,30566.0,16,0,3,3
2025-03-24 18:00:00+00:00,3006.096,3014.63,3005.559,3009.91,8774.0,20,0,3,0
2025-03-24 22:00:00+00:00,3009.945,3016.215,3007.555,3015.248,21519.0,0,1,3,0
2025-03-25 02:00:00+00:00,3015.284,3021.06,3010.521,3011.13,20129.0,4,1,3,0
2025-03-25 06:00:00+00:00,3011.151,3026.436,3010.681,3020.775,25570.0,8,1,3,0
2025-03-25 10:00:00+00:00,3020.738,3036.014,3014.132,3021.561,51477.0,12,1,3,1
2025-03-25 14:00:00+00:00,3021.592,3025.531,3017.721,3019.59,23138.0,16,1,3,3
2025-03-25 18:00:00+00:00,3019.616,3022.454,3018.824,3021.041,6391.0,20,1,3,0
2025-03-25 22:00:00+00:00,3021.037,3027.135,3016.394,3017.616,26370.0,0,2,3,0
2025-03-26 02:00:00+00:00,3017.542,3030.819,3013.218,3030.471,24940.0,4,2,3,0
2025-03-26 06:00:00+00:00,3030.509,3032.042,3016.886,3027.62,26162.0,8,2,3,0
2025-03-26 10:00:00+00:00,3027.54,3029.975,3012.325,3015.878,41865.0,12,2,3,1
2025-03-26 14:00:00+00:00,3015.911,3020.861,3015.157,3017.342,23335.0,16,2,3,3
2025-03-26 18:00:00+00:00,3017.367,3021.855,3017.188,3021.623,11644.0,20,2,3,0
2025-03-26 22:00:00+00:00,3021.563,3034.286,3021.522,3033.568,26219.0,0,3,3,0
2025-03-27 02:00:00+00:00,3033.568,3038.61,3026.7,3035.85,32014.0,4,3,3,0
2025-03-27 06:00:00+00:00,3035.863,3055.898,3033.757,3054.566,37324.0,8,3,3,0
2025-03-27 10:00:00+00:00,3054.548,3059.86,3033.428,3052.181,72170.0,12,3,3,1
2025-03-27 14:00:00+00:00,3052.123,3057.83,3047.779,3057.468,33154.0,16,3,3,3
2025-03-27 18:00:00+00:00,3057.438,3057.641,3054.119,3055.71,8382.0,20,3,3,0
2025-03-27 22:00:00+00:00,3055.726,3077.502,3054.997,3075.266,35018.0,0,4,3,0
2025-03-28 02:00:00+00:00,3075.25,3086.017,3072.446,3079.348,29588.0,4,4,3,0
2025-03-28 06:00:00+00:00,3079.302,3081.231,3066.153,3076.363,31307.0,8,4,3,0
2025-03-28 10:00:00+00:00,3076.344,3086.807,3067.255,3083.707,80792.0,12,4,3,1
2025-03-28 14:00:00+00:00,3083.677,3086.717,3073.488,3080.734,32812.0,16,4,3,3
2025-03-28 18:00:00+00:00,3080.708,3085.955,3080.708,3085.002,4578.0,20,4,3,0
2025-03-30 18:00:00+00:00,3092.531,3097.843,3087.793,3089.213,13253.0,20,6,3,0
2025-03-30 22:00:00+00:00,3089.159,3111.695,3076.803,3107.138,59108.0,0,0,3,0
2025-03-31 02:00:00+00:00,3107.072,3128.165,3105.925,3124.523,47597.0,4,0,3,0
2025-03-31 06:00:00+00:00,3124.477,3127.156,3111.82,3119.48,38684.0,8,0,3,0
2025-03-31 10:00:00+00:00,3119.471,3127.237,3099.753,3113.807,89082.0,12,0,3,1
2025-03-31 14:00:00+00:00,3113.847,3124.652,3111.637,3124.36,32504.0,16,0,3,3
2025-03-31 18:00:00+00:00,3124.32,3126.447,3120.05,3120.581,9926.0,20,0,3,0
2025-03-31 22:00:00+00:00,3120.569,3147.335,3120.227,3146.028,49894.0,0,1,4,0
2025-04-01 02:00:00+00:00,3146.0,3149.059,3124.123,3127.638,55649.0,4,1,4,0
2025-04-01 06:00:00+00:00,3127.594,3138.997,3126.392,3130.319,35920.0,8,1,4,0
2025-04-01 10:00:00+00:00,3130.354,3137.075,3113.401,3113.725,73418.0,12,1,4,1
2025-04-01 14:00:00+00:00,3113.69,3119.037,3100.761,3118.723,45278.0,16,1,4,3
2025-04-01 18:00:00+00:00,3118.681,3120.866,3107.742,3115.168,12627.0,20,1,4,0
2025-04-01 22:00:00+00:00,3115.16,3135.703,3112.989,3125.489,43377.0,0,2,4,0
2025-04-02 02:00:00+00:00,3125.458,3126.779,3108.623,3125.309,38015.0,4,2,4,0
2025-04-02 06:00:00+00:00,3125.275,3133.878,3110.052,3121.23,40331.0,8,2,4,0
2025-04-02 10:00:00+00:00,3121.314,3132.192,3116.608,3125.863,57667.0,12,2,4,1
2025-04-02 14:00:00+00:00,3125.909,3134.396,3118.666,3124.385,35040.0,16,2,4,3
2025-04-02 18:00:00+00:00,3124.305,3167.792,3104.795,3162.703,105562.0,20,2,4,0
2025-04-02 22:00:00+00:00,3162.55,3164.804,3140.669,3148.066,101102.0,0,3,4,0
2025-04-03 02:00:00+00:00,3148.02,3149.659,3116.432,3128.957,76119.0,4,3,4,0
2025-04-03 06:00:00+00:00,3129.011,3132.039,3085.054,3093.188,87963.0,8,3,4,0
2025-04-03 10:00:00+00:00,3093.193,3135.605,3054.052,3110.553,168210.0,12,3,4,1
2025-04-03 14:00:00+00:00,3110.603,3114.282,3099.949,3107.575,47712.0,16,3,4,3
2025-04-03 18:00:00+00:00,3107.567,3119.971,3107.2,3112.884,17573.0,20,3,4,0
2025-04-03 22:00:00+00:00,3112.908,3115.792,3087.018,3098.409,53808.0,0,4,4,0
2025-04-04 02:00:00+00:00,3098.459,3109.927,3091.993,3092.85,50066.0,4,4,4,0
2025-04-04 06:00:00+00:00,3092.774,3136.756,3078.42,3110.242,109541.0,8,4,4,0
2025-04-04 10:00:00+00:00,3110.248,3111.835,3016.939,3021.951,204795.0,12,4,4,1
2025-04-04 14:00:00+00:00,3021.908,3040.953,3015.556,3036.427,89711.0,16,4,4,3
2025-04-04 18:00:00+00:00,3036.464,3040.904,3033.834,3038.506,9043.0,20,4,4,0
2025-04-06 18:00:00+00:00,3028.686,3032.445,2977.024,2999.944,46497.0,20,6,4,0
2025-04-06 22:00:00+00:00,2999.954,3055.804,2970.689,3018.882,170237.0,0,0,4,0
2025-04-07 02:00:00+00:00,3018.946,3044.629,3013.2,3018.569,101993.0,4,0,4,0
2025-04-07 06:00:00+00:00,3018.527,3046.148,3017.652,3031.27,91003.0,8,0,4,0
2025-04-07 10:00:00+00:00,3031.296,3038.037,2979.826,2987.491,205160.0,12,0,4,1
2025-04-07 14:00:00+00:00,2987.526,2987.842,2956.302,2976.636,94905.0,16,0,4,3
2025-04-07 18:00:00+00:00,2976.704,2988.651,2969.926,2981.328,22759.0,20,0,4,0
2025-04-07 22:00:00+00:00,2981.363,3004.834,2980.318,2994.741,69712.0,0,1,4,0
2025-04-08 02:00:00+00:00,2994.716,3015.779,2990.88,3003.607,62946.0,4,1,4,0
2025-04-08 06:00:00+00:00,3003.579,3019.502,2994.795,3017.379,42646.0,8,1,4,0
2025-04-08 10:00:00+00:00,3017.467,3022.746,3001.241,3001.545,79296.0,12,1,4,1
2025-04-08 14:00:00+00:00,3001.596,3001.596,2974.596,2984.959,56823.0,16,1,4,3
2025-04-08 18:00:00+00:00,2984.996,2990.846,2969.971,2978.367,21884.0,20,1,4,0
2025-04-08 22:00:00+00:00,2978.398,3011.253,2972.477,3004.464,78764.0,0,2,4,0
2025-04-09 02:00:00+00:00,3004.464,3052.419,2999.481,3041.091,76785.0,4,2,4,0
2025-04-09 06:00:00+00:00,3041.05,3068.139,3036.077,3066.596,65666.0,8,2,4,0
2025-04-09 10:00:00+00:00,3066.631,3087.778,3042.626,3086.288,100256.0,12,2,4,1
2025-04-09 14:00:00+00:00,3086.33,3099.69,3048.521,3093.574,110128.0,16,2,4,3
2025-04-09 18:00:00+00:00,3093.548,3095.544,3071.424,3086.784,26896.0,20,2,4,0
2025-04-09 22:00:00+00:00,3086.745,3131.834,3078.448,3125.405,78053.0,0,3,4,0
2025-04-10 02:00:00+00:00,3125.366,3132.57,3106.611,3108.703,49176.0,4,3,4,0
2025-04-10 06:00:00+00:00,3108.704,3125.656,3103.182,3124.648,48212.0,8,3,4,0
2025-04-10 10:00:00+00:00,3124.677,3174.993,3116.011,3157.996,100506.0,12,3,4,1
2025-04-10 14:00:00+00:00,3157.95,3176.428,3151.542,3170.773,59477.0,16,3,4,3
2025-04-10 18:00:00+00:00,3170.749,3191.324,3168.493,3188.972,23657.0,20,3,4,0
2025-04-10 22:00:00+00:00,3188.993,3220.133,3184.855,3217.686,85391.0,0,4,4,0
2025-04-11 02:00:00+00:00,3217.693,3219.286,3187.126,3212.406,73477.0,4,4,4,0
2025-04-11 06:00:00+00:00,3212.43,3237.815,3208.511,3213.872,73516.0,8,4,4,0
2025-04-11 10:00:00+00:00,3213.91,3244.125,3211.033,3240.577,96823.0,12,4,4,1
2025-04-11 14:00:00+00:00,3240.602,3245.436,3219.582,3231.084,48797.0,16,4,4,3
2025-04-11 18:00:00+00:00,3231.057,3238.968,3230.864,3237.519,5174.0,20,4,4,0
2025-04-13 18:00:00+00:00,3220.46,3224.725,3213.589,3223.805,19752.0,20,6,4,0
2025-04-13 22:00:00+00:00,3223.699,3245.757,3215.38,3232.444,54718.0,0,0,4,0
2025-04-14 02:00:00+00:00,3232.445,3238.198,3221.386,3228.013,39558.0,4,0,4,0
2025-04-14 06:00:00+00:00,3227.973,3231.712,3206.323,3223.359,51865.0,8,0,4,0
2025-04-14 10:00:00+00:00,3223.332,3227.712,3193.552,3198.051,75608.0,12,0,4,1
2025-04-14 14:00:00+00:00,3198.089,3216.602,3197.669,3212.699,32677.0,16,0,4,3
2025-04-14 18:00:00+00:00,3212.745,3215.25,3207.342,3212.599,11464.0,20,0,4,0
2025-04-14 22:00:00+00:00,3212.634,3228.966,3209.977,3228.304,34989.0,0,1,4,0
2025-04-15 02:00:00+00:00,3228.345,3232.649,3217.371,3225.671,31273.0,4,1,4,0
2025-04-15 06:00:00+00:00,3225.623,3232.152,3216.776,3220.164,31504.0,8,1,4,0
2025-04-15 10:00:00+00:00,3220.192,3226.861,3211.575,3221.371,47789.0,12,1,4,1
2025-04-15 14:00:00+00:00,3221.394,3231.872,3219.487,3229.793,21552.0,16,1,4,3
2025-04-15 18:00:00+00:00,3229.831,3251.826,3226.428,3251.78,17859.0,20,1,4,0
2025-04-15 22:00:00+00:00,3251.804,3281.75,3251.59,3281.401,54571.0,0,2,4,0
2025-04-16 02:00:00+00:00,3281.401,3300.663,3269.272,3300.41,44826.0,4,2,4,0
2025-04-16 06:00:00+00:00,3300.458,3317.821,3288.646,3306.842,58223.0,8,2,4,0
2025-04-16 10:00:00+00:00,3306.798,3328.14,3296.866,3325.328,72781.0,12,2,4,1
2025-04-16 14:00:00+00:00,3325.288,3342.497,3321.433,3336.667,42377.0,16,2,4,3
2025-04-16 18:00:00+00:00,3336.72,3357.758,3334.437,3350.133,22479.0,20,2,4,0
2025-04-16 22:00:00+00:00,3350.168,3356.281,3320.801,3344.57,75140.0,0,3,4,0
2025-04-17 02:00:00+00:00,3344.55,3345.47,3314.279,3323.323,51687.0,4,3,4,0
2025-04-17 06:00:00+00:00,3323.36,3334.172,3312.683,3327.371,39102.0,8,3,4,0
2025-04-17 10:00:00+00:00,3327.322,3342.361,3283.822,3296.431,99585.0,12,3,4,1
2025-04-17 14:00:00+00:00,3296.335,3322.489,3294.904,3320.74,37741.0,16,3,4,3
2025-04-17 18:00:00+00:00,3320.691,3328.838,3317.975,3327.671,5335.0,20,3,4,0
2025-04-20 18:00:00+00:00,3331.849,3353.168,3331.288,3348.078,23648.0,20,6,4,0
2025-04-20 22:00:00+00:00,3348.191,3385.294,3347.487,3382.472,59990.0,0,0,4,0
2025-04-21 02:00:00+00:00,3382.465,3396.017,3369.558,3385.058,45543.0,4,0,4,0
2025-04-21 06:00:00+00:00,3385.031,3405.924,3383.647,3404.443,38858.0,8,0,4,0
2025-04-21 10:00:00+00:00,3404.499,3430.279,3398.008,3422.941,84616.0,12,0,4,1
2025-04-21 14:00:00+00:00,3422.897,3430.547,3406.013,3423.431,40391.0,16,0,4,3
2025-04-21 18:00:00+00:00,3423.458,3444.257,3419.628,3434.548,26917.0,20,0,4,0
2025-04-21 22:00:00+00:00,3434.524,3494.771,3412.18,3487.776,94790.0,0,1,4,0
2025-04-22 02:00:00+00:00,3487.894,3500.033,3460.861,3468.67,92167.0,4,1,4,0
2025-04-22 06:00:00+00:00,3468.671,3472.681,3443.156,3456.721,68397.0,8,1,4,0
2025-04-22 10:00:00+00:00,3456.706,3464.803,3408.594,3417.72,127024.0,12,1,4,1
2025-04-22 14:00:00+00:00,3417.678,3421.034,3366.718,3374.789,110076.0,16,1,4,3
2025-04-22 18:00:00+00:00,3374.818,3382.706,3315.831,3336.561,54412.0,20,1,4,0
2025-04-22 22:00:00+00:00,3336.607,3386.661,3329.203,3338.878,116713.0,0,2,4,0
2025-04-23 02:00:00+00:00,3338.943,3349.334,3291.763,3319.13,93195.0,4,2,4,0
2025-04-23 06:00:00+00:00,3319.185,3340.536,3305.439,3324.594,58675.0,8,2,4,0
2025-04-23 10:00:00+00:00,3324.677,3333.359,3260.042,3280.373,150496.0,12,2,4,1
2025-04-23 14:00:00+00:00,3280.428,3305.6,3277.789,3293.849,55614.0,16,2,4,3
2025-04-23 18:00:00+00:00,3293.943,3316.882,3283.939,3316.384,23687.0,20,2,4,0
2025-04-23 22:00:00+00:00,3316.351,3367.543,3313.286,3327.074,97871.0,0,3,4,0
2025-04-24 02:00:00+00:00,3326.906,3339.837,3314.775,3333.586,61315.0,4,3,4,0
2025-04-24 06:00:00+00:00,3333.733,3343.988,3325.428,3336.959,44727.0,8,3,4,0
2025-04-24 10:00:00+00:00,3336.948,3344.719,3306.737,3329.391,84284.0,12,3,4,1
2025-04-24 14:00:00+00:00,3329.365,3347.037,3322.437,3342.226,35442.0,16,3,4,3
2025-04-24 18:00:00+00:00,3342.266,3370.789,3338.128,3348.976,26799.0,20,3,4,0
2025-04-24 22:00:00+00:00,3348.951,3363.12,3322.632,3323.655,58452.0,0,4,4,0
2025-04-25 02:00:00+00:00,3323.681,3327.775,3287.012,3307.377,81160.0,4,4,4,0
2025-04-25 06:00:00+00:00,3307.408,3308.754,3287.911,3293.455,49057.0,8,4,4,0
2025-04-25 10:00:00+00:00,3293.426,3303.054,3265.072,3282.883,87852.0,12,4,4,1
2025-04-25 14:00:00+00:00,3282.89,3312.464,3280.338,3304.818,36986.0,16,4,4,3
2025-04-25 18:00:00+00:00,3304.856,3319.24,3304.569,3318.726,7500.0,20,4,4,0
2025-04-27 18:00:00+00:00,3325.64,3330.229,3298.606,3302.739,25692.0,20,6,4,0
2025-04-27 22:00:00+00:00,3302.791,3315.965,3268.074,3290.902,77634.0,0,0,4,0
2025-04-28 02:00:00+00:00,3290.894,3301.054,3277.645,3287.466,46510.0,4,0,4,0
2025-04-28 06:00:00+00:00,3287.44,3297.183,3273.226,3294.202,38749.0,8,0,4,0
2025-04-28 10:00:00+00:00,3294.225,3336.044,3286.823,3325.005,78437.0,12,0,4,1
2025-04-28 14:00:00+00:00,3325.035,3353.004,3324.496,3352.076,41047.0,16,0,4,3
2025-04-28 18:00:00+00:00,3352.107,3352.38,3332.362,3337.61,24150.0,20,0,4,0
2025-04-28 22:00:00+00:00,3337.643,3340.039,3308.016,3316.03,59328.0,0,1,4,0
2025-04-29 02:00:00+00:00,3316.057,3323.895,3305.084,3323.042,39326.0,4,1,4,0
2025-04-29 06:00:00+00:00,3323.066,3324.9,3306.159,3309.416,33218.0,8,1,4,0
2025-04-29 10:00:00+00:00,3309.358,3321.374,3299.649,3312.455,75331.0,12,1,4,1
2025-04-29 14:00:00+00:00,3312.477,3330.013,3312.187,3320.535,35060.0,16,1,4,3
2025-04-29 18:00:00+00:00,3320.51,3323.498,3310.949,3317.122,15592.0,20,1,4,0
2025-04-29 22:00:00+00:00,3317.122,3327.971,3303.774,3304.753,43127.0,0,2,4,0
2025-04-30 02:00:00+00:00,3304.765,3314.658,3301.326,3307.203,31540.0,4,2,4,0
2025-04-30 06:00:00+00:00,3307.242,3307.704,3268.3,3272.319,49621.0,8,2,4,0
2025-04-30 10:00:00+00:00,3272.343,3319.742,3266.901,3307.955,103050.0,12,2,4,1
2025-04-30 14:00:00+00:00,3308.073,3314.279,3292.086,3295.883,38631.0,16,2,4,3
2025-04-30 18:00:00+00:00,3295.808,3297.987,3269.738,3272.887,31977.0,20,2,4,0
2025-04-30 22:00:00+00:00,3272.922,3276.323,3228.894,3229.493,75494.0,0,3,5,0
2025-05-01 02:00:00+00:00,3229.496,3243.171,3221.264,3230.192,51887.0,4,3,5,0
2025-05-01 06:00:00+00:00,3230.149,3236.752,3203.334,3205.502,41358.0,8,3,5,0
2025-05-01 10:00:00+00:00,3205.465,3233.32,3201.862,3216.475,92602.0,12,3,5,1
2025-05-01 14:00:00+00:00,3216.437,3229.776,3208.917,3228.25,36110.0,16,3,5,3
2025-05-01 18:00:00+00:00,3228.236,3243.531,3228.039,3237.253,21974.0,20,3,5,0
2025-05-01 22:00:00+00:00,3237.291,3258.758,3227.533,3254.916,45069.0,0,4,5,0
2025-05-02 02:00:00+00:00,3255.02,3263.343,3246.314,3258.895,36629.0,4,4,5,0
2025-05-02 06:00:00+00:00,3258.992,3269.242,3255.161,3262.698,36576.0,8,4,5,0
2025-05-02 10:00:00+00:00,3262.684,3264.933,3230.19,3231.601,100276.0,12,4,5,1
2025-05-02 14:00:00+00:00,3231.604,3239.823,3222.721,3233.555,56384.0,16,4,5,3
2025-05-02 18:00:00+00:00,3233.581,3241.232,3232.627,3240.947,5916.0,20,4,5,0
2025-05-04 18:00:00+00:00,3238.49,3252.3,3237.49,3247.922,17312.0,20,6,5,0
2025-05-04 22:00:00+00:00,3247.982,3272.429,3241.18,3254.585,48365.0,0,0,5,0
2025-05-05 02:00:00+00:00,3254.55,3267.748,3253.616,3264.76,37613.0,4,0,5,0
2025-05-05 06:00:00+00:00,3264.82,3318.985,3263.06,3312.919,53048.0,8,0,5,0
2025-05-05 10:00:00+00:00,3312.801,3328.838,3309.006,3312.065,65151.0,12,0,5,1
2025-05-05 14:00:00+00:00,3312.028,3337.678,3305.577,3328.793,39961.0,16,0,5,3
2025-05-05 18:00:00+00:00,3328.76,3338.052,3327.401,3334.031,19408.0,20,0,5,0
2025-05-05 22:00:00+00:00,3334.038,3387.099,3323.139,3360.401,97724.0,0,1,5,0
2025-05-06 02:00:00+00:00,3360.395,3379.653,3350.152,3371.2,54250.0,4,1,5,0
2025-05-06 06:00:00+00:00,3371.313,3385.084,3368.547,3379.123,44812.0,8,1,5,0
2025-05-06 10:00:00+00:00,3379.145,3399.895,3373.128,3395.051,72684.0,12,1,5,1
2025-05-06 14:00:00+00:00,3395.083,3424.077,3394.673,3423.168,41770.0,16,1,5,3
2025-05-06 18:00:00+00:00,3423.139,3435.016,3376.84,3400.68,64847.0,20,1,5,0
2025-05-06 22:00:00+00:00,3400.723,3401.666,3360.068,3375.541,99164.0,0,2,5,0
2025-05-07 02:00:00+00:00,3375.519,3397.425,3374.962,3387.991,46290.0,4,2,5,0
2025-05-07 06:00:00+00:00,3387.971,3393.387,3369.186,3387.083,45597.0,8,2,5,0
2025-05-07 10:00:00+00:00,3387.055,3398.082,3375.662,3385.27,69211.0,12,2,5,1
2025-05-07 14:00:00+00:00,3385.224,3398.001,3363.692,3371.832,75739.0,16,2,5,3
2025-05-07 18:00:00+00:00,3371.954,3377.185,3363.791,3376.488,21370.0,20,2,5,0
2025-05-07 22:00:00+00:00,3376.515,3414.851,3373.777,3396.864,65648.0,0,3,5,0
2025-05-08 02:00:00+00:00,3396.839,3399.385,3320.263,3342.956,92365.0,4,3,5,0
2025-05-08 06:00:00+00:00,3342.892,3346.695,3330.39,3344.378,46408.0,8,3,5,0
2025-05-08 10:00:00+00:00,3344.311,3369.602,3326.804,3330.509,86928.0,12,3,5,1
2025-05-08 14:00:00+00:00,3330.47,3330.47,3288.697,3306.384,70156.0,16,3,5,3
2025-05-08 18:00:00+00:00,3306.434,3324.007,3303.828,3316.412,25729.0,20,3,5,0
2025-05-08 22:00:00+00:00,3316.448,3323.138,3274.664,3308.106,81087.0,0,4,5,0
2025-05-09 02:00:00+00:00,3308.099,3332.264,3308.099,3327.074,49797.0,4,4,5,0
2025-05-09 06:00:00+00:00,3327.208,3338.367,3320.217,3332.962,39054.0,8,4,5,0
2025-05-09 10:00:00+00:00,3333.066,3346.044,3320.298,3345.04,63347.0,12,4,5,1
2025-05-09 14:00:00+00:00,3345.143,3347.556,3325.441,3328.802,32137.0,16,4,5,3
2025-05-09 18:00:00+00:00,3328.76,3330.295,3325.142,3326.805,5122.0,20,4,5,0
2025-05-11 18:00:00+00:00,3282.255,3292.606,3265.847,3287.534,32347.0,20,6,5,0
2025-05-11 22:00:00+00:00,3287.506,3289.998,3258.751,3283.25,77878.0,0,0,5,0
2025-05-12 02:00:00+00:00,3283.214,3283.662,3216.131,3222.685,85550.0,4,0,5,0
2025-05-12 06:00:00+00:00,3222.718,3234.462,3207.693,3224.811,80206.0,8,0,5,0
2025-05-12 10:00:00+00:00,3224.777,3248.609,3220.326,3239.262,95225.0,12,0,5,1
2025-05-12 14:00:00+00:00,3239.237,3240.138,3220.295,3235.394,41773.0,16,0,5,3
2025-05-12 18:00:00+00:00,3235.355,3241.807,3229.864,3236.88,18092.0,20,0,5,0
2025-05-12 22:00:00+00:00,3236.906,3243.399,3215.867,3236.743,57841.0,0,1,5,0
2025-05-13 02:00:00+00:00,3236.719,3265.659,3234.881,3259.098,44434.0,4,1,5,0
2025-05-13 06:00:00+00:00,3259.139,3261.284,3248.716,3249.14,34821.0,8,1,5,0
2025-05-13 10:00:00+00:00,3249.098,3255.827,3225.476,3253.325,82273.0,12,1,5,1
2025-05-13 14:00:00+00:00,3253.293,3257.818,3242.044,3249.324,30831.0,16,1,5,3
2025-05-13 18:00:00+00:00,3249.355,3257.115,3248.043,3254.425,12970.0,20,1,5,0
2025-05-13 22:00:00+00:00,3254.388,3254.658,3226.212,3228.366,52548.0,0,2,5,0
2025-05-14 02:00:00+00:00,3228.37,3238.874,3221.57,3238.085,42169.0,4,2,5,0
2025-05-14 06:00:00+00:00,3237.99,3243.897,3219.436,3220.132,45668.0,8,2,5,0
2025-05-14 10:00:00+00:00,3220.142,3222.52,3174.905,3182.674,111440.0,12,2,5,1
2025-05-14 14:00:00+00:00,3182.629,3190.941,3167.933,3180.587,45347.0,16,2,5,3
2025-05-14 18:00:00+00:00,3180.613,3187.312,3177.075,3186.098,15045.0,20,2,5,0
2025-05-14 22:00:00+00:00,3186.043,3192.713,3148.315,3150.594,57317.0,0,3,5,0
2025-05-15 02:00:00+00:00,3150.546,3153.863,3120.649,3142.318,64976.0,4,3,5,0
2025-05-15 06:00:00+00:00,3142.244,3180.019,3139.065,3179.18,47723.0,8,3,5,0
2025-05-15 10:00:00+00:00,3179.141,3220.088,3177.502,3219.74,80385.0,12,3,5,1
2025-05-15 14:00:00+00:00,3219.78,3232.731,3215.873,3232.037,33535.0,16,3,5,3
2025-05-15 18:00:00+00:00,3231.901,3252.132,3231.094,3237.15,26775.0,20,3,5,0
2025-05-15 22:00:00+00:00,3237.175,3244.615,3206.518,3211.889,66300.0,0,4,5,0
2025-05-16 02:00:00+00:00,3211.969,3231.343,3205.365,3207.69,48179.0,4,4,5,0
2025-05-16 06:00:00+00:00,3207.572,3212.954,3154.289,3163.119,62603.0,8,4,5,0
2025-05-16 10:00:00+00:00,3163.149,3188.606,3154.881,3183.479,93382.0,12,4,5,1
2025-05-16 14:00:00+00:00,3183.5,3195.763,3180.432,3192.615,34042.0,16,4,5,3
2025-05-16 18:00:00+00:00,3192.583,3202.928,3192.132,3202.217,8678.0,20,4,5,0
2025-05-18 18:00:00+00:00,3214.226,3245.254,3211.645,3234.91,28716.0,20,6,5,0
2025-05-18 22:00:00+00:00,3234.947,3249.812,3208.04,3212.27,68516.0,0,0,5,0
2025-05-19 02:00:00+00:00,3212.228,3234.64,3206.584,3232.389,47019.0,4,0,5,0
2025-05-19 06:00:00+00:00,3232.361,3248.535,3229.973,3243.82,40235.0,8,0,5,0
2025-05-19 10:00:00+00:00,3243.817,3244.444,3217.216,3231.662,67510.0,12,0,5,1
2025-05-19 14:00:00+00:00,3231.687,3235.866,3225.166,3233.01,29035.0,16,0,5,3
2025-05-19 18:00:00+00:00,3233.056,3233.771,3219.097,3222.532,14915.0,20,0,5,0
2025-05-19 22:00:00+00:00,3222.561,3232.771,3204.521,3211.446,52062.0,0,1,5,0
2025-05-20 02:00:00+00:00,3211.394,3225.46,3207.946,3222.843,40416.0,4,1,5,0
2025-05-20 06:00:00+00:00,3222.819,3241.651,3218.275,3241.138,35275.0,8,1,5,0
2025-05-20 10:00:00+00:00,3241.236,3285.886,3232.837,3277.264,88184.0,12,1,5,1
2025-05-20 14:00:00+00:00,3277.239,3295.172,3275.204,3294.078,32455.0,16,1,5,3
2025-05-20 18:00:00+00:00,3294.13,3304.072,3288.505,3290.695,26448.0,20,1,5,0
2025-05-20 22:00:00+00:00,3290.734,3314.689,3285.42,3307.544,60444.0,0,2,5,0
2025-05-21 02:00:00+00:00,3307.505,3320.768,3298.404,3309.906,45472.0,4,2,5,0
2025-05-21 06:00:00+00:00,3309.933,3318.285,3303.946,3311.249,39013.0,8,2,5,0
2025-05-21 10:00:00+00:00,3311.243,3315.216,3290.693,3311.978,76828.0,12,2,5,1
2025-05-21 14:00:00+00:00,3312.004,3324.897,3302.758,3318.38,42504.0,16,2,5,3
2025-05-21 18:00:00+00:00,3318.423,3324.213,3313.164,3320.082,20380.0,20,2,5,0
2025-05-21 22:00:00+00:00,3320.143,3345.43,3319.389,3335.44,51404.0,0,3,5,0
2025-05-22 02:00:00+00:00,3335.451,3339.502,3322.608,3327.621,40235.0,4,3,5,0
2025-05-22 06:00:00+00:00,3327.636,3329.873,3282.977,3314.466,64883.0,8,3,5,0
2025-05-22 10:00:00+00:00,3314.428,3315.775,3279.252,3294.675,93204.0,12,3,5,1
2025-05-22 14:00:00+00:00,3294.722,3304.818,3288.982,3290.255,38287.0,16,3,5,3
2025-05-22 18:00:00+00:00,3290.301,3302.012,3289.593,3300.146,14879.0,20,3,5,0
2025-05-22 22:00:00+00:00,3300.172,3308.908,3286.942,3302.07,53952.0,0,4,5,0
2025-05-23 02:00:00+00:00,3302.097,3334.502,3301.915,3329.145,42601.0,4,4,5,0
2025-05-23 06:00:00+00:00,3329.191,3349.78,3322.548,3347.926,55236.0,8,4,5,0
2025-05-23 10:00:00+00:00,3347.966,3364.62,3336.612,3361.655,112530.0,12,4,5,1
2025-05-23 14:00:00+00:00,3361.687,3365.925,3356.348,3360.785,33712.0,16,4,5,3
2025-05-23 18:00:00+00:00,3360.743,3361.7,3356.103,3356.295,5515.0,20,4,5,0
2025-05-25 18:00:00+00:00,3352.094,3352.48,3341.349,3342.691,22929.0,20,6,5,0
2025-05-25 22:00:00+00:00,3342.73,3356.859,3331.39,3347.636,50810.0,0,0,5,0
2025-05-26 02:00:00+00:00,3347.639,3351.899,3332.124,3337.327,35117.0,4,0,5,0
2025-05-26 06:00:00+00:00,3337.418,3339.672,3323.485,3333.13,31272.0,8,0,5,0
2025-05-26 10:00:00+00:00,3333.152,3341.613,3326.35,3337.957,31108.0,12,0,5,1
2025-05-26 14:00:00+00:00,3337.998,3343.666,3337.521,3341.558,7838.0,16,0,5,3
2025-05-26 18:00:00+00:00,3346.458,3348.878,3342.829,3346.139,9255.0,20,0,5,0
2025-05-26 22:00:00+00:00,3346.182,3350.029,3331.73,3341.217,34538.0,0,1,5,0
2025-05-27 02:00:00+00:00,3341.188,3341.485,3292.535,3296.244,62119.0,4,1,5,0
2025-05-27 06:00:00+00:00,3296.214,3310.344,3287.724,3288.352,53860.0,8,1,5,0
2025-05-27 10:00:00+00:00,3288.399,3304.901,3285.089,3293.605,59712.0,12,1,5,1
2025-05-27 14:00:00+00:00,3293.612,3308.008,3292.969,3304.38,23762.0,16,1,5,3
2025-05-27 18:00:00+00:00,3304.356,3310.953,3297.621,3309.402,15667.0,20,1,5,0
2025-05-27 22:00:00+00:00,3309.431,3315.805,3291.667,3297.76,43294.0,0,2,5,0
2025-05-28 02:00:00+00:00,3297.722,3322.363,3294.407,3319.271,38717.0,4,2,5,0
2025-05-28 06:00:00+00:00,3319.228,3325.556,3307.461,3311.122,32602.0,8,2,5,0
2025-05-28 10:00:00+00:00,3311.162,3316.424,3292.571,3296.094,55569.0,12,2,5,1
2025-05-28 14:00:00+00:00,3296.125,3303.065,3288.591,3296.983,30528.0,16,2,5,3
2025-05-28 18:00:00+00:00,3297.006,3297.346,3250.249,3259.895,44938.0,20,2,5,0
2025-05-28 22:00:00+00:00,3259.921,3280.189,3245.432,3274.545,75513.0,0,3,5,0
2025-05-29 02:00:00+00:00,3274.635,3287.433,3265.986,3286.559,39190.0,4,3,5,0
2025-05-29 06:00:00+00:00,3286.508,3305.549,3276.262,3299.719,36787.0,8,3,5,0
2025-05-29 10:00:00+00:00,3299.844,3322.008,3298.541,3321.578,68721.0,12,3,5,1
2025-05-29 14:00:00+00:00,3321.664,3331.253,3315.486,3316.615,34547.0,16,3,5,3
2025-05-29 18:00:00+00:00,3316.586,3321.098,3312.854,3315.503,13682.0,20,3,5,0
2025-05-29 22:00:00+00:00,3315.498,3322.777,3291.219,3294.531,48197.0,0,4,5,0
2025-05-30 02:00:00+00:00,3294.53,3305.02,3287.336,3294.93,39758.0,4,4,5,0
2025-05-30 06:00:00+00:00,3294.975,3300.669,3288.668,3294.055,33389.0,8,4,5,0
2025-05-30 10:00:00+00:00,3294.091,3308.322,3271.526,3288.676,102008.0,12,4,5,1
2025-05-30 14:00:00+00:00,3288.603,3295.778,3283.957,3294.826,36780.0,16,4,5,3
2025-05-30 18:00:00+00:00,3294.865,3295.834,3288.642,3289.665,4826.0,20,4,5,0
2025-06-01 18:00:00+00:00,3303.113,3316.742,3299.908,3310.255,16986.0,20,6,6,0
2025-06-01 22:00:00+00:00,3310.213,3314.959,3301.409,3308.685,37666.0,0,0,6,0
2025-06-02 02:00:00+00:00,3308.772,3359.037,3308.772,3352.549,43137.0,4,0,6,0
2025-06-02 06:00:00+00:00,3352.655,3360.152,3344.391,3356.324,37337.0,8,0,6,0
2025-06-02 10:00:00+00:00,3356.296,3379.064,3350.288,3374.294,67931.0,12,0,6,1
2025-06-02 14:00:00+00:00,3374.319,3382.344,3369.309,3381.539,30445.0,16,0,6,3
2025-06-02 18:00:00+00:00,3381.51,3392.238,3378.394,3387.384,18068.0,20,0,6,0
2025-06-02 22:00:00+00:00,3387.407,3388.671,3359.717,3361.087,56960.0,0,1,6,0
2025-06-03 02:00:00+00:00,3361.195,3367.784,3351.149,3359.648,42081.0,4,1,6,0
2025-06-03 06:00:00+00:00,3359.752,3364.88,3353.305,3359.347,29173.0,8,1,6,0
2025-06-03 10:00:00+00:00,3359.323,3363.129,3333.078,3350.255,62511.0,12,1,6,1
2025-06-03 14:00:00+00:00,3350.333,3355.491,3344.585,3352.657,23052.0,16,1,6,3
2025-06-03 18:00:00+00:00,3352.617,3361.632,3352.469,3359.945,11144.0,20,1,6,0
2025-06-03 22:00:00+00:00,3359.972,3372.637,3346.464,3359.246,40456.0,0,2,6,0
2025-06-04 02:00:00+00:00,3359.221,3365.256,3347.996,3354.721,36564.0,4,2,6,0
2025-06-04 06:00:00+00:00,3354.679,3364.998,3343.72,3346.577,35142.0,8,2,6,0
2025-06-04 10:00:00+00:00,3346.613,3384.637,3344.356,3371.764,68679.0,12,2,6,1
2025-06-04 14:00:00+00:00,3371.724,3382.217,3370.804,3373.614,24755.0,16,2,6,3
2025-06-04 18:00:00+00:00,3373.566,3379.08,3370.508,3378.042,12490.0,20,2,6,0
2025-06-04 22:00:00+00:00,3378.099,3384.183,3368.172,3369.674,38056.0,0,3,6,0
2025-06-05 02:00:00+00:00,3369.683,3374.559,3361.138,3371.304,32227.0,4,3,6,0
2025-06-05 06:00:00+00:00,3371.295,3403.592,3369.641,3392.293,48988.0,8,3,6,0
2025-06-05 10:00:00+00:00,3392.327,3400.152,3339.37,3344.779,136262.0,12,3,6,1
2025-06-05 14:00:00+00:00,3344.739,3361.384,3339.811,3356.885,46739.0,16,3,6,3
2025-06-05 18:00:00+00:00,3356.861,3363.526,3352.006,3361.81,17010.0,20,3,6,0
2025-06-05 22:00:00+00:00,3361.867,3371.844,3356.133,3369.747,35061.0,0,4,6,0
2025-06-06 02:00:00+00:00,3369.706,3375.685,3352.833,3359.374,36902.0,4,4,6,0
2025-06-06 06:00:00+00:00,3359.419,3367.732,3352.703,3358.292,32265.0,8,4,6,0
2025-06-06 10:00:00+00:00,3358.308,3364.421,3316.269,3332.231,121028.0,12,4,6,1
2025-06-06 14:00:00+00:00,3332.182,3332.741,3311.358,3312.345,36042.0,16,4,6,3
2025-06-06 18:00:00+00:00,3312.382,3312.896,3307.053,3311.702,5577.0,20,4,6,0
2025-06-08 18:00:00+00:00,3317.821,3321.214,3309.201,3318.038,14569.0,20,6,6,0
2025-06-08 22:00:00+00:00,3318.082,3318.699,3293.452,3310.769,51248.0,0,0,6,0
2025-06-09 02:00:00+00:00,3310.799,3328.652,3309.248,3324.238,31184.0,4,0,6,0
2025-06-09 06:00:00+00:00,3324.269,3325.685,3312.057,3317.429,29523.0,8,0,6,0
2025-06-09 10:00:00+00:00,3317.412,3332.063,3310.698,3328.665,50717.0,12,0,6,1
2025-06-09 14:00:00+00:00,3328.668,3338.21,3325.881,3327.231,25234.0,16,0,6,3
2025-06-09 18:00:00+00:00,3327.201,3329.5,3321.562,3326.766,12461.0,20,0,6,0
2025-06-09 22:00:00+00:00,3326.809,3326.851,3301.92,3307.602,47431.0,0,1,6,0
2025-06-10 02:00:00+00:00,3307.592,3332.172,3302.789,3330.18,43479.0,4,1,6,0
2025-06-10 06:00:00+00:00,3330.09,3342.585,3326.17,3333.78,29689.0,8,1,6,0
2025-06-10 10:00:00+00:00,3333.817,3349.122,3323.199,3326.692,59886.0,12,1,6,1
2025-06-10 14:00:00+00:00,3326.653,3334.539,3319.358,3328.716,28189.0,16,1,6,3
2025-06-10 18:00:00+00:00,3328.757,3328.958,3315.517,3327.862,19977.0,20,1,6,0
2025-06-10 22:00:00+00:00,3327.914,3341.566,3325.008,3339.416,35012.0,0,2,6,0
2025-06-11 02:00:00+00:00,3339.395,3348.531,3332.522,3345.696,31883.0,4,2,6,0
2025-06-11 06:00:00+00:00,3345.664,3346.717,3326.038,3333.097,36304.0,8,2,6,0
2025-06-11 10:00:00+00:00,3333.103,3360.764,3327.242,3333.195,92332.0,12,2,6,1
2025-06-11 14:00:00+00:00,3333.293,3349.268,3319.194,3346.849,50059.0,16,2,6,3
2025-06-11 18:00:00+00:00,3346.876,3373.534,3346.522,3365.376,25957.0,20,2,6,0
2025-06-11 22:00:00+00:00,3365.467,3377.786,3362.125,3373.455,47492.0,0,3,6,0
2025-06-12 02:00:00+00:00,3373.409,3375.783,3338.57,3346.168,43276.0,4,3,6,0
2025-06-12 06:00:00+00:00,3346.192,3388.609,3346.192,3379.285,56802.0,8,3,6,0
2025-06-12 10:00:00+00:00,3379.252,3399.02,3376.337,3385.804,85869.0,12,3,6,1
2025-06-12 14:00:00+00:00,3385.906,3391.374,3378.097,3388.139,31825.0,16,3,6,3
2025-06-12 18:00:00+00:00,3388.111,3396.296,3379.633,3395.952,15147.0,20,3,6,0
2025-06-12 22:00:00+00:00,3395.837,3444.435,3391.72,3425.557,111587.0,0,4,6,0
2025-06-13 02:00:00+00:00,3425.543,3430.288,3407.879,3414.933,55577.0,4,4,6,0
2025-06-13 06:00:00+00:00,3414.858,3427.689,3411.622,3422.217,49422.0,8,4,6,0
2025-06-13 10:00:00+00:00,3422.207,3446.755,3420.906,3426.225,78691.0,12,4,6,1
2025-06-13 14:00:00+00:00,3426.258,3439.473,3419.175,3432.307,40014.0,16,4,6,3
2025-06-13 18:00:00+00:00,3432.352,3434.78,3428.955,3433.449,6186.0,20,4,6,0
2025-06-15 18:00:00+00:00,3440.955,3451.255,3438.616,3444.141,24936.0,20,6,6,0
2025-06-15 22:00:00+00:00,3444.166,3451.224,3429.269,3431.428,51240.0,0,0,6,0
2025-06-16 02:00:00+00:00,3431.475,3433.277,3409.491,3412.619,48970.0,4,0,6,0
2025-06-16 06:00:00+00:00,3412.624,3422.654,3409.776,3415.0,36388.0,8,0,6,0
2025-06-16 10:00:00+00:00,3415.043,3418.093,3382.725,3404.606,86487.0,12,0,6,1
2025-06-16 14:00:00+00:00,3404.534,3404.992,3382.795,3384.094,32403.0,16,0,6,3
2025-06-16 18:00:00+00:00,3384.015,3402.977,3383.294,3402.769,20554.0,20,0,6,0
2025-06-16 22:00:00+00:00,3402.815,3403.289,3373.535,3387.583,52447.0,0,1,6,0
2025-06-17 02:00:00+00:00,3387.557,3396.267,3381.074,3387.783,36400.0,4,1,6,0
2025-06-17 06:00:00+00:00,3387.784,3400.131,3375.747,3388.635,45632.0,8,1,6,0
2025-06-17 10:00:00+00:00,3388.65,3397.536,3366.079,3379.284,79172.0,12,1,6,1
2025-06-17 14:00:00+00:00,3379.386,3392.499,3376.677,3385.71,38592.0,16,1,6,3
2025-06-17 18:00:00+00:00,3385.675,3396.266,3383.634,3387.38,15346.0,20,1,6,0
2025-06-17 22:00:00+00:00,3387.295,3391.524,3370.63,3390.96,35201.0,0,2,6,0
2025-06-18 02:00:00+00:00,3390.928,3400.0,3377.037,3385.991,36578.0,4,2,6,0
2025-06-18 06:00:00+00:00,3385.894,3388.38,3375.433,3382.048,31116.0,8,2,6,0
2025-06-18 10:00:00+00:00,3381.999,3396.852,3373.833,3392.734,58490.0,12,2,6,1
2025-06-18 14:00:00+00:00,3392.709,3395.804,3362.867,3366.818,63133.0,16,2,6,3
2025-06-18 18:00:00+00:00,3366.771,3379.89,3362.474,3375.023,21037.0,20,2,6,0
2025-06-18 22:00:00+00:00,3375.042,3387.968,3369.72,3373.609,35656.0,0,3,6,0
2025-06-19 02:00:00+00:00,3373.609,3375.314,3347.474,3365.957,51753.0,4,3,6,0
2025-06-19 06:00:00+00:00,3366.004,3379.05,3362.215,3371.967,34201.0,8,3,6,0
2025-06-19 10:00:00+00:00,3371.971,3372.963,3361.52,3369.26,41466.0,12,3,6,1
2025-06-19 14:00:00+00:00,3369.223,3374.14,3366.108,3373.455,7488.0,16,3,6,3
2025-06-19 18:00:00+00:00,3369.491,3370.411,3361.971,3368.739,14178.0,20,3,6,0
2025-06-19 22:00:00+00:00,3368.763,3370.35,3344.625,3355.507,40609.0,0,4,6,0
2025-06-20 02:00:00+00:00,3355.611,3357.693,3340.345,3347.685,34530.0,4,4,6,0
2025-06-20 06:00:00+00:00,3347.657,3359.236,3346.498,3347.051,30546.0,8,4,6,0
2025-06-20 10:00:00+00:00,3347.094,3374.477,3341.902,3369.856,54389.0,12,4,6,1
2025-06-20 14:00:00+00:00,3369.786,3373.365,3364.579,3365.625,21445.0,16,4,6,3
2025-06-20 18:00:00+00:00,3365.578,3369.314,3364.69,3368.618,4122.0,20,4,6,0
2025-06-22 18:00:00+00:00,3384.117,3388.928,3371.173,3372.755,26348.0,20,6,6,0
2025-06-22 22:00:00+00:00,3372.776,3373.551,3351.918,3363.372,45518.0,0,0,6,0
2025-06-23 02:00:00+00:00,3363.385,3365.061,3346.971,3357.627,32067.0,4,0,6,0
2025-06-23 06:00:00+00:00,3357.672,3382.017,3357.672,3380.596,32713.0,8,0,6,0
2025-06-23 10:00:00+00:00,3380.627,3389.82,3355.889,3387.24,63815.0,12,0,6,1
2025-06-23 14:00:00+00:00,3387.233,3393.493,3375.598,3376.362,48269.0,16,0,6,3
2025-06-23 18:00:00+00:00,3376.32,3377.295,3341.51,3344.235,32870.0,20,0,6,0
2025-06-23 22:00:00+00:00,3344.27,3357.912,3333.143,3352.404,49992.0,0,1,6,0
2025-06-24 02:00:00+00:00,3352.403,3353.369,3316.022,3329.645,56501.0,4,1,6,0
2025-06-24 06:00:00+00:00,3329.658,3332.32,3317.829,3321.214,35670.0,8,1,6,0
2025-06-24 10:00:00+00:00,3321.181,3321.181,3295.306,3313.261,76753.0,12,1,6,1
2025-06-24 14:00:00+00:00,3313.296,3325.184,3311.276,3323.479,27222.0,16,1,6,3
2025-06-24 18:00:00+00:00,3323.526,3324.882,3320.842,3324.142,10150.0,20,1,6,0
2025-06-24 22:00:00+00:00,3324.139,3335.234,3323.627,3328.295,26453.0,0,2,6,0
2025-06-25 02:00:00+00:00,3328.284,3337.117,3325.797,3330.631,23280.0,4,2,6,0
2025-06-25 06:00:00+00:00,3330.656,3332.414,3321.397,3322.646,29318.0,8,2,6,0
2025-06-25 10:00:00+00:00,3322.66,3329.507,3311.894,3325.643,40238.0,12,2,6,1
2025-06-25 14:00:00+00:00,3325.656,3336.068,3324.111,3333.706,27251.0,16,2,6,3
2025-06-25 18:00:00+00:00,3333.745,3340.158,3331.277,3339.028,13252.0,20,2,6,0
2025-06-25 22:00:00+00:00,3338.987,3343.223,3329.181,3337.97,30052.0,0,3,6,0
2025-06-26 02:00:00+00:00,3338.088,3347.239,3330.981,3346.051,26976.0,4,3,6,0
2025-06-26 06:00:00+00:00,3346.066,3350.37,3331.469,3332.921,30693.0,8,3,6,0
2025-06-26 10:00:00+00:00,3332.937,3344.056,3309.916,3324.808,69867.0,12,3,6,1
2025-06-26 14:00:00+00:00,3324.845,3336.501,3323.729,3331.301,26755.0,16,3,6,3
2025-06-26 18:00:00+00:00,3331.407,3332.327,3316.229,3318.758,13481.0,20,3,6,0
2025-06-26 22:00:00+00:00,3318.731,3322.012,3292.557,3294.318,38491.0,0,4,6,0
2025-06-27 02:00:00+00:00,3294.364,3300.922,3283.394,3284.458,45763.0,4,4,6,0
2025-06-27 06:00:00+00:00,3284.43,3291.126,3276.009,3281.389,40259.0,8,4,6,0
2025-06-27 10:00:00+00:00,3281.358,3282.328,3255.836,3274.655,80441.0,12,4,6,1
2025-06-27 14:00:00+00:00,3274.574,3282.768,3268.366,3270.574,32266.0,16,4,6,3
2025-06-27 18:00:00+00:00,3270.616,3275.496,3270.302,3274.598,4764.0,20,4,6,0
2025-06-29 18:00:00+00:00,3272.488,3274.234,3247.921,3263.805,27933.0,20,6,6,0
2025-06-29 22:00:00+00:00,3263.775,3283.297,3259.425,3278.981,40180.0,0,0,6,0
2025-06-30 02:00:00+00:00,3278.996,3296.845,3276.964,3292.873,28613.0,4,0,6,0
2025-06-30 06:00:00+00:00,3292.879,3296.558,3274.488,3277.932,32282.0,8,0,6,0
2025-06-30 10:00:00+00:00,3277.993,3290.782,3277.955,3289.553,41655.0,12,0,6,1
2025-06-30 14:00:00+00:00,3289.669,3309.446,3289.073,3308.534,26836.0,16,0,6,3
2025-06-30 18:00:00+00:00,3308.502,3314.602,3302.297,3312.441,15531.0,20,0,6,0
2025-06-30 22:00:00+00:00,3312.435,3322.644,3309.917,3321.161,30276.0,0,1,7,0
2025-07-01 02:00:00+00:00,3321.173,3339.897,3318.893,3339.497,30115.0,4,1,7,0
2025-07-01 06:00:00+00:00,3339.501,3353.082,3336.796,3349.01,30776.0,8,1,7,0
2025-07-01 10:00:00+00:00,3348.99,3358.015,3337.007,3340.228,57360.0,12,1,7,1
2025-07-01 14:00:00+00:00,3340.215,3343.523,3336.816,3338.005,25430.0,16,1,7,3
2025-07-01 18:00:00+00:00,3338.042,3343.826,3336.771,3338.152,13764.0,20,1,7,0
2025-07-01 22:00:00+00:00,3338.186,3344.987,3328.509,3339.959,34530.0,0,2,7,0
2025-07-02 02:00:00+00:00,3339.925,3343.951,3327.587,3334.614,28270.0,4,2,7,0
2025-07-02 06:00:00+00:00,3334.583,3347.711,3332.869,3342.199,24989.0,8,2,7,0
2025-07-02 10:00:00+00:00,3342.214,3351.117,3333.818,3341.021,48437.0,12,2,7,1
2025-07-02 14:00:00+00:00,3340.943,3359.519,3340.943,3358.258,22196.0,16,2,7,3
2025-07-02 18:00:00+00:00,3358.302,3365.752,3348.754,3349.395,17841.0,20,2,7,0
2025-07-02 22:00:00+00:00,3349.444,3351.476,3341.88,3347.509,26370.0,0,3,7,0
2025-07-03 02:00:00+00:00,3347.437,3363.677,3347.384,3353.077,26554.0,4,3,7,0
2025-07-03 06:00:00+00:00,3353.096,3358.367,3342.985,3346.03,27279.0,8,3,7,0
2025-07-03 10:00:00+00:00,3346.041,3352.314,3311.535,3328.045,74658.0,12,3,7,1
2025-07-03 14:00:00+00:00,3328.106,3334.862,3325.646,3328.749,15634.0,16,3,7,3
2025-07-03 18:00:00+00:00,3328.713,3332.025,3323.582,3330.871,9828.0,20,3,7,0
2025-07-03 22:00:00+00:00,3330.875,3338.948,3325.869,3338.35,23856.0,0,4,7,0
2025-07-04 02:00:00+00:00,3338.307,3345.087,3336.428,3342.947,24321.0,4,4,7,0
2025-07-04 06:00:00+00:00,3342.95,3344.247,3331.466,3334.795,22808.0,8,4,7,0
2025-07-04 10:00:00+00:00,3334.791,3338.059,3330.855,3332.384,23546.0,12,4,7,1
2025-07-04 14:00:00+00:00,3332.357,3335.958,3332.222,3335.07,2598.0,16,4,7,3
2025-07-06 18:00:00+00:00,3341.408,3341.911,3326.187,3328.853,12017.0,20,6,7,0
2025-07-06 22:00:00+00:00,3328.83,3329.726,3306.008,3310.848,40975.0,0,0,7,0
2025-07-07 02:00:00+00:00,3310.892,3315.215,3300.689,3302.217,35065.0,4,0,7,0
2025-07-07 06:00:00+00:00,3302.175,3312.763,3296.296,3301.982,39699.0,8,0,7,0
2025-07-07 10:00:00+00:00,3301.94,3322.031,3300.376,3320.839,46045.0,12,0,7,1
2025-07-07 14:00:00+00:00,3320.784,3340.438,3320.082,3336.981,29923.0,16,0,7,3
2025-07-07 18:00:00+00:00,3337.025,3345.857,3333.899,3334.653,14667.0,20,0,7,0
2025-07-07 22:00:00+00:00,3334.692,3338.066,3329.595,3331.469,31817.0,0,1,7,0
2025-07-08 02:00:00+00:00,3331.398,3339.5,3327.329,3333.893,25177.0,4,1,7,0
2025-07-08 06:00:00+00:00,3333.852,3333.881,3319.94,3324.971,29570.0,8,1,7,0
2025-07-08 10:00:00+00:00,3325.014,3329.84,3287.078,3298.241,59248.0,12,1,7,1
2025-07-08 14:00:00+00:00,3298.249,3310.438,3295.912,3302.992,36141.0,16,1,7,3
2025-07-08 18:00:00+00:00,3303.02,3304.074,3297.199,3302.277,14020.0,20,1,7,0
2025-07-08 22:00:00+00:00,3302.34,3308.003,3284.909,3293.258,35996.0,0,2,7,0
2025-07-09 02:00:00+00:00,3293.244,3297.833,3285.495,3291.852,32902.0,4,2,7,0
2025-07-09 06:00:00+00:00,3291.822,3295.987,3282.626,3284.936,30237.0,8,2,7,0
2025-07-09 10:00:00+00:00,3284.969,3312.934,3284.969,3309.606,45691.0,12,2,7,1
2025-07-09 14:00:00+00:00,3309.555,3316.874,3307.889,3315.677,23164.0,16,2,7,3
2025-07-09 18:00:00+00:00,3315.645,3321.104,3311.59,3317.66,11210.0,20,2,7,0
2025-07-09 22:00:00+00:00,3317.559,3326.415,3315.362,3315.799,25443.0,0,3,7,0
2025-07-10 02:00:00+00:00,3315.682,3329.486,3314.816,3321.047,23440.0,4,3,7,0
2025-07-10 06:00:00+00:00,3321.071,3330.318,3318.331,3320.411,27437.0,8,3,7,0
2025-07-10 10:00:00+00:00,3320.424,3329.458,3310.017,3319.751,48460.0,12,3,7,1
2025-07-10 14:00:00+00:00,3319.711,3325.908,3312.108,3324.819,23041.0,16,3,7,3
2025-07-10 18:00:00+00:00,3324.842,3326.476,3321.84,3323.808,11379.0,20,3,7,0
2025-07-10 22:00:00+00:00,3323.764,3336.21,3323.621,3333.765,31214.0,0,4,7,0
2025-07-11 02:00:00+00:00,3333.744,3343.827,3329.515,3341.833,31626.0,4,4,7,0
2025-07-11 06:00:00+00:00,3341.789,3350.305,3332.68,3347.507,31825.0,8,4,7,0
2025-07-11 10:00:00+00:00,3347.526,3368.747,3344.356,3358.914,60772.0,12,4,7,1
2025-07-11 14:00:00+00:00,3358.884,3359.753,3349.198,3356.407,27908.0,16,4,7,3
2025-07-11 18:00:00+00:00,3356.459,3358.959,3353.596,3355.105,3733.0,20,4,7,0
2025-07-13 18:00:00+00:00,3361.295,3374.017,3359.658,3367.772,17960.0,20,6,7,0
2025-07-13 22:00:00+00:00,3367.731,3373.284,3353.865,3356.964,33916.0,0,0,7,0
2025-07-14 02:00:00+00:00,3356.952,3375.078,3353.706,3371.948,31310.0,4,0,7,0
2025-07-14 06:00:00+00:00,3371.956,3374.647,3363.917,3364.169,25729.0,8,0,7,0
2025-07-14 10:00:00+00:00,3364.192,3366.631,3340.993,3345.105,47915.0,12,0,7,1
2025-07-14 14:00:00+00:00,3345.044,3351.698,3343.082,3344.125,21801.0,16,0,7,3
2025-07-14 18:00:00+00:00,3344.16,3346.556,3341.217,3345.337,9827.0,20,0,7,0
2025-07-14 22:00:00+00:00,3345.299,3358.362,3344.758,3357.841,22296.0,0,1,7,0
2025-07-15 02:00:00+00:00,3357.853,3365.448,3357.468,3364.347,23668.0,4,1,7,0
2025-07-15 06:00:00+00:00,3364.3,3366.356,3353.954,3354.932,28254.0,8,1,7,0
2025-07-15 10:00:00+00:00,3354.892,3360.367,3325.341,3328.978,65723.0,12,1,7,1
2025-07-15 14:00:00+00:00,3328.955,3331.944,3320.207,3330.455,28000.0,16,1,7,3
2025-07-15 18:00:00+00:00,3330.408,3331.781,3324.792,3331.056,9305.0,20,1,7,0
2025-07-15 22:00:00+00:00,3331.092,3335.084,3325.031,3334.352,23178.0,0,2,7,0
2025-07-16 02:00:00+00:00,3334.281,3341.996,3332.798,3337.778,21248.0,4,2,7,0
2025-07-16 06:00:00+00:00,3337.824,3343.074,3333.695,3339.259,23053.0,8,2,7,0
2025-07-16 10:00:00+00:00,3339.219,3377.523,3319.529,3343.524,115804.0,12,2,7,1
2025-07-16 14:00:00+00:00,3343.499,3357.41,3338.958,3347.08,46623.0,16,2,7,3
2025-07-16 18:00:00+00:00,3347.116,3352.247,3345.265,3346.526,11083.0,20,2,7,0
2025-07-16 22:00:00+00:00,3346.556,3347.405,3336.241,3341.496,23674.0,0,3,7,0
2025-07-17 02:00:00+00:00,3341.511,3344.726,3325.208,3325.886,27044.0,4,3,7,0
2025-07-17 06:00:00+00:00,3325.925,3332.523,3322.39,3324.254,24904.0,8,3,7,0
2025-07-17 10:00:00+00:00,3324.261,3338.451,3309.883,3336.707,57628.0,12,3,7,1
2025-07-17 14:00:00+00:00,3336.675,3341.069,3335.378,3339.763,20731.0,16,3,7,3
2025-07-17 18:00:00+00:00,3339.799,3344.019,3337.409,3340.159,11375.0,20,3,7,0
2025-07-17 22:00:00+00:00,3340.214,3344.208,3334.038,3334.6,23973.0,0,4,7,0
2025-07-18 02:00:00+00:00,3334.598,3350.131,3331.801,3349.823,23366.0,4,4,7,0
2025-07-18 06:00:00+00:00,3349.849,3357.699,3346.237,3354.436,23994.0,8,4,7,0
2025-07-18 10:00:00+00:00,3354.458,3361.212,3351.132,3353.707,41116.0,12,4,7,1
2025-07-18 14:00:00+00:00,3353.626,3357.46,3347.668,3348.325,21902.0,16,4,7,3
2025-07-18 18:00:00+00:00,3348.279,3352.124,3347.804,3350.395,3472.0,20,4,7,0
2025-07-20 18:00:00+00:00,3348.767,3350.115,3345.006,3349.107,7797.0,20,6,7,0
2025-07-20 22:00:00+00:00,3349.168,3358.641,3347.695,3351.286,21852.0,0,0,7,0
2025-07-21 02:00:00+00:00,3351.275,3370.785,3350.618,3364.763,25767.0,4,0,7,0
2025-07-21 06:00:00+00:00,3364.8,3375.631,3362.698,3375.302,23002.0,8,0,7,0
2025-07-21 10:00:00+00:00,3375.271,3401.575,3374.531,3397.994,51295.0,12,0,7,1
2025-07-21 14:00:00+00:00,3397.983,3399.787,3391.468,3398.787,26115.0,16,0,7,3
2025-07-21 18:00:00+00:00,3398.744,3402.783,3393.208,3396.532,11312.0,20,0,7,0
2025-07-21 22:00:00+00:00,3396.54,3397.665,3385.148,3392.628,28734.0,0,1,7,0
2025-07-22 02:00:00+00:00,3392.589,3392.589,3383.24,3387.562,23135.0,4,1,7,0
2025-07-22 06:00:00+00:00,3387.524,3391.675,3384.528,3391.376,22451.0,8,1,7,0
2025-07-22 10:00:00+00:00,3391.334,3430.614,3390.994,3426.597,65293.0,12,1,7,1
2025-07-22 14:00:00+00:00,3426.64,3433.507,3426.257,3431.738,29404.0,16,1,7,3
2025-07-22 18:00:00+00:00,3431.683,3433.368,3426.283,3427.458,13419.0,20,1,7,0
2025-07-22 22:00:00+00:00,3427.433,3438.944,3419.154,3423.153,37809.0,0,2,7,0
2025-07-23 02:00:00+00:00,3423.063,3429.705,3416.341,3420.72,27778.0,4,2,7,0
2025-07-23 06:00:00+00:00,3420.754,3433.851,3420.305,3428.18,27277.0,8,2,7,0
2025-07-23 10:00:00+00:00,3428.17,3429.928,3398.206,3398.206,52118.0,12,2,7,1
2025-07-23 14:00:00+00:00,3398.106,3398.127,3381.375,3390.081,51414.0,16,2,7,3
2025-07-23 18:00:00+00:00,3390.122,3392.51,3386.121,3390.008,11419.0,20,2,7,0
2025-07-23 22:00:00+00:00,3390.047,3393.438,3374.758,3383.7,36792.0,0,3,7,0
2025-07-24 02:00:00+00:00,3383.666,3385.389,3366.054,3367.757,29116.0,4,3,7,0
2025-07-24 06:00:00+00:00,3367.767,3374.679,3361.253,3362.296,26559.0,8,3,7,0
2025-07-24 10:00:00+00:00,3362.254,3377.43,3351.315,3372.541,52186.0,12,3,7,1
2025-07-24 14:00:00+00:00,3372.515,3373.702,3366.215,3370.478,21052.0,16,3,7,3
2025-07-24 18:00:00+00:00,3370.517,3371.457,3365.105,3369.419,11803.0,20,3,7,0
2025-07-24 22:00:00+00:00,3369.422,3373.554,3358.613,3359.194,22095.0,0,4,7,0
2025-07-25 02:00:00+00:00,3359.176,3363.501,3352.636,3354.008,22817.0,4,4,7,0
2025-07-25 06:00:00+00:00,3354.041,3355.358,3338.621,3341.028,24169.0,8,4,7,0
2025-07-25 10:00:00+00:00,3341.008,3347.498,3324.928,3327.896,56778.0,12,4,7,1
2025-07-25 14:00:00+00:00,3327.842,3340.284,3326.161,3337.804,22020.0,16,4,7,3
2025-07-25 18:00:00+00:00,3337.769,3339.166,3336.217,3336.869,3544.0,20,4,7,0
2025-07-27 18:00:00+00:00,3329.144,3337.465,3323.817,3333.683,15976.0,20,6,7,0
2025-07-27 22:00:00+00:00,3333.675,3343.316,3327.64,3343.246,29831.0,0,0,7,0
2025-07-28 02:00:00+00:00,3343.199,3345.351,3333.758,3334.882,25131.0,4,0,7,0
2025-07-28 06:00:00+00:00,3334.879,3340.78,3332.382,3336.563,26162.0,8,0,7,0
2025-07-28 10:00:00+00:00,3336.593,3338.369,3301.777,3314.764,57964.0,12,0,7,1
2025-07-28 14:00:00+00:00,3314.736,3318.89,3308.799,3317.161,21725.0,16,0,7,3
2025-07-28 18:00:00+00:00,3317.195,3318.409,3310.485,3312.468,12552.0,20,0,7,0
2025-07-28 22:00:00+00:00,3312.485,3320.861,3307.843,3312.576,27279.0,0,1,7,0
2025-07-29 02:00:00+00:00,3312.58,3322.43,3308.959,3317.133,29741.0,4,1,7,0
2025-07-29 06:00:00+00:00,3317.139,3329.976,3314.884,3315.278,30139.0,8,1,7,0
2025-07-29 10:00:00+00:00,3315.249,3334.121,3311.89,3320.751,52012.0,12,1,7,1
2025-07-29 14:00:00+00:00,3320.751,3330.864,3319.046,3324.938,24403.0,16,1,7,3
2025-07-29 18:00:00+00:00,3324.989,3329.171,3324.662,3327.552,8696.0,20,1,7,0
2025-07-29 22:00:00+00:00,3327.562,3333.673,3321.829,3328.429,25594.0,0,2,7,0
2025-07-30 02:00:00+00:00,3328.379,3332.149,3323.058,3327.751,22385.0,4,2,7,0
2025-07-30 06:00:00+00:00,3327.784,3334.052,3323.966,3330.846,27299.0,8,2,7,0
2025-07-30 10:00:00+00:00,3330.891,3331.904,3288.575,3290.465,58455.0,12,2,7,1
2025-07-30 14:00:00+00:00,3290.45,3304.767,3268.034,3269.396,66933.0,16,2,7,3
2025-07-30 18:00:00+00:00,3269.334,3285.8,3268.912,3285.303,17417.0,20,2,7,0
2025-07-30 22:00:00+00:00,3285.257,3298.55,3282.802,3295.086,32034.0,0,3,7,0
2025-07-31 02:00:00+00:00,3295.042,3309.741,3293.672,3304.718,26493.0,4,3,7,0
2025-07-31 06:00:00+00:00,3304.682,3314.839,3293.786,3306.111,34966.0,8,3,7,0
2025-07-31 10:00:00+00:00,3306.086,3311.164,3291.296,3295.545,55745.0,12,3,7,1
2025-07-31 14:00:00+00:00,3295.437,3298.43,3289.617,3291.029,28856.0,16,3,7,3
2025-07-31 18:00:00+00:00,3290.989,3295.172,3287.967,3288.651,12409.0,20,3,7,0
2025-07-31 22:00:00+00:00,3288.607,3297.106,3281.59,3291.444,29154.0,0,4,8,0
2025-08-01 02:00:00+00:00,3291.437,3300.445,3285.223,3286.861,26984.0,4,4,8,0
2025-08-01 06:00:00+00:00,3286.823,3303.076,3285.247,3300.309,26991.0,8,4,8,0
2025-08-01 10:00:00+00:00,3300.342,3355.114,3297.385,3348.567,99367.0,12,4,8,1
2025-08-01 14:00:00+00:00,3348.532,3361.318,3340.532,3357.185,36132.0,16,4,8,3
2025-08-01 18:00:00+00:00,3357.239,3363.566,3357.028,3363.119,5140.0,20,4,8,0
2025-08-03 18:00:00+00:00,3364.339,3364.521,3354.572,3361.957,12416.0,20,6,8,0
2025-08-03 22:00:00+00:00,3361.99,3362.378,3345.006,3360.255,28266.0,0,0,8,0
2025-08-04 02:00:00+00:00,3360.259,3362.671,3351.732,3355.809,24900.0,4,0,8,0
2025-08-04 06:00:00+00:00,3355.842,3370.749,3352.886,3370.263,25894.0,8,0,8,0
2025-08-04 10:00:00+00:00,3370.273,3385.347,3361.037,3374.306,44528.0,12,0,8,1
2025-08-04 14:00:00+00:00,3374.305,3378.139,3370.571,3375.971,20787.0,16,0,8,3
2025-08-04 18:00:00+00:00,3375.917,3379.703,3373.415,3377.407,9120.0,20,0,8,0
2025-08-04 22:00:00+00:00,3377.383,3382.398,3372.057,3372.057,21278.0,0,1,8,0
2025-08-05 02:00:00+00:00,3372.107,3375.499,3365.688,3373.648,22510.0,4,1,8,0
2025-08-05 06:00:00+00:00,3373.644,3374.627,3349.803,3351.408,26501.0,8,1,8,0
2025-08-05 10:00:00+00:00,3351.408,3390.033,3349.903,3389.49,47574.0,12,1,8,1
2025-08-05 14:00:00+00:00,3389.527,3390.452,3376.89,3379.006,23097.0,16,1,8,3
2025-08-05 18:00:00+00:00,3378.943,3383.984,3378.164,3383.187,8358.0,20,1,8,0
2025-08-05 22:00:00+00:00,3383.193,3385.34,3373.046,3374.61,22204.0,0,2,8,0
2025-08-06 02:00:00+00:00,3374.59,3378.65,3368.953,3373.632,19814.0,4,2,8,0
2025-08-06 06:00:00+00:00,3373.509,3374.723,3358.091,3365.174,25096.0,8,2,8,0
2025-08-06 10:00:00+00:00,3365.156,3380.007,3360.141,3377.431,41718.0,12,2,8,1
2025-08-06 14:00:00+00:00,3377.392,3379.439,3368.983,3371.674,23085.0,16,2,8,3
2025-08-06 18:00:00+00:00,3371.616,3374.796,3367.133,3370.155,13190.0,20,2,8,0
2025-08-06 22:00:00+00:00,3370.205,3384.146,3365.231,3379.696,29636.0,0,3,8,0
2025-08-07 02:00:00+00:00,3379.732,3397.446,3371.601,3396.155,30044.0,4,3,8,0
2025-08-07 06:00:00+00:00,3396.189,3396.603,3371.726,3378.183,47705.0,8,3,8,0
2025-08-07 10:00:00+00:00,3378.199,3393.866,3375.261,3390.102,70182.0,12,3,8,1
2025-08-07 14:00:00+00:00,3390.152,3400.872,3384.29,3399.659,31738.0,16,3,8,3
2025-08-07 18:00:00+00:00,3399.712,3409.019,3389.025,3400.47,49266.0,20,3,8,0
2025-08-07 22:00:00+00:00,3400.432,3402.356,3381.082,3395.837,66886.0,0,4,8,0
2025-08-08 02:00:00+00:00,3395.821,3404.252,3388.712,3401.976,48535.0,4,4,8,0
2025-08-08 06:00:00+00:00,3402.002,3402.631,3380.361,3386.249,56166.0,8,4,8,0
2025-08-08 10:00:00+00:00,3386.206,3401.944,3381.129,3395.248,87433.0,12,4,8,1
2025-08-08 14:00:00+00:00,3395.284,3404.248,3376.553,3398.566,91926.0,16,4,8,3
2025-08-08 18:00:00+00:00,3398.618,3398.898,3392.421,3398.564,7306.0,20,4,8,0
2025-08-10 18:00:00+00:00,3400.578,3401.819,3390.292,3391.548,14087.0,20,6,8,0
2025-08-10 22:00:00+00:00,3391.592,3391.639,3367.702,3378.257,41278.0,0,0,8,0
2025-08-11 02:00:00+00:00,3378.253,3380.065,3357.097,3360.069,39193.0,4,0,8,0
2025-08-11 06:00:00+00:00,3360.112,3365.807,3349.852,3355.23,39027.0,8,0,8,0
2025-08-11 10:00:00+00:00,3355.226,3362.902,3341.409,3349.405,49846.0,12,0,8,1
2025-08-11 14:00:00+00:00,3349.502,3358.829,3341.273,3351.696,33138.0,16,0,8,3
2025-08-11 18:00:00+00:00,3351.662,3351.777,3342.175,3349.027,14125.0,20,0,8,0
2025-08-11 22:00:00+00:00,3349.01,3357.462,3346.203,3349.39,26659.0,0,1,8,0
2025-08-12 02:00:00+00:00,3349.437,3358.176,3342.274,3355.539,30592.0,4,1,8,0
2025-08-12 06:00:00+00:00,3355.512,3355.863,3336.068,3347.469,28035.0,8,1,8,0
2025-08-12 10:00:00+00:00,3347.464,3359.248,3331.071,3349.812,87273.0,12,1,8,1
2025-08-12 14:00:00+00:00,3349.887,3351.259,3345.516,3347.563,24450.0,16,1,8,3
2025-08-12 18:00:00+00:00,3347.549,3353.762,3346.012,3350.57,10163.0,20,1,8,0
2025-08-12 22:00:00+00:00,3350.58,3354.457,3342.678,3349.593,26119.0,0,2,8,0
2025-08-13 02:00:00+00:00,3349.615,3361.004,3345.69,3354.723,24234.0,4,2,8,0
2025-08-13 06:00:00+00:00,3354.688,3367.121,3352.848,3362.311,26689.0,8,2,8,0
2025-08-13 10:00:00+00:00,3362.314,3370.735,3354.103,3357.746,39448.0,12,2,8,1
2025-08-13 14:00:00+00:00,3357.778,3360.92,3349.9,3357.812,17671.0,16,2,8,3
2025-08-13 18:00:00+00:00,3357.845,3363.446,3355.61,3362.702,9415.0,20,2,8,0
2025-08-13 22:00:00+00:00,3362.724,3374.845,3355.38,3360.464,30564.0,0,3,8,0
2025-08-14 02:00:00+00:00,3360.496,3366.483,3343.591,3345.984,30205.0,4,3,8,0
2025-08-14 06:00:00+00:00,3345.958,3359.197,3341.447,3355.4,32663.0,8,3,8,0
2025-08-14 10:00:00+00:00,3355.431,3358.393,3334.198,3341.796,62083.0,12,3,8,1
2025-08-14 14:00:00+00:00,3341.757,3342.101,3329.838,3337.965,24898.0,16,3,8,3
2025-08-14 18:00:00+00:00,3338.019,3338.54,3332.188,3335.551,10548.0,20,3,8,0
2025-08-14 22:00:00+00:00,3335.58,3344.893,3332.372,3343.45,22704.0,0,4,8,0
2025-08-15 02:00:00+00:00,3343.412,3348.747,3340.093,3346.147,23251.0,4,4,8,0
2025-08-15 06:00:00+00:00,3346.107,3348.268,3336.243,3342.359,27158.0,8,4,8,0
2025-08-15 10:00:00+00:00,3342.362,3345.994,3332.856,3342.287,42505.0,12,4,8,1
2025-08-15 14:00:00+00:00,3342.369,3342.523,3334.387,3339.143,18814.0,16,4,8,3
2025-08-15 18:00:00+00:00,3339.146,3339.435,3335.141,3335.213,3320.0,20,4,8,0
2025-08-17 18:00:00+00:00,3334.569,3335.381,3323.503,3327.097,10042.0,20,6,8,0
2025-08-17 22:00:00+00:00,3327.08,3351.841,3326.727,3347.156,28444.0,0,0,8,0
2025-08-18 02:00:00+00:00,3347.073,3358.418,3346.003,3349.022,26128.0,4,0,8,0
2025-08-18 06:00:00+00:00,3349.024,3351.734,3344.475,3345.456,20657.0,8,0,8,0
2025-08-18 10:00:00+00:00,3345.5,3348.839,3332.195,3335.606,31841.0,12,0,8,1
2025-08-18 14:00:00+00:00,3335.702,3335.884,3330.179,3333.623,16895.0,16,0,8,3
2025-08-18 18:00:00+00:00,3333.667,3334.719,3330.542,3330.978,7914.0,20,0,8,0
2025-08-18 22:00:00+00:00,3330.99,3341.663,3326.07,3337.787,30113.0,0,1,8,0
2025-08-19 02:00:00+00:00,3337.745,3341.845,3334.4,3340.711,21652.0,4,1,8,0
2025-08-19 06:00:00+00:00,3340.777,3345.304,3336.427,3339.767,19103.0,8,1,8,0
2025-08-19 10:00:00+00:00,3339.768,3340.544,3320.884,3322.669,41455.0,12,1,8,1
2025-08-19 14:00:00+00:00,3322.711,3324.435,3314.867,3315.965,21510.0,16,1,8,3
2025-08-19 18:00:00+00:00,3315.923,3317.637,3312.771,3314.231,9539.0,20,1,8,0
2025-08-19 22:00:00+00:00,3314.241,3318.648,3311.514,3317.52,25139.0,0,2,8,0
2025-08-20 02:00:00+00:00,3317.517,3327.549,3317.177,3324.813,20494.0,4,2,8,0
2025-08-20 06:00:00+00:00,3324.769,3332.935,3320.886,3332.313,22339.0,8,2,8,0
2025-08-20 10:00:00+00:00,3332.32,3350.322,3332.046,3340.594,36877.0,12,2,8,1
2025-08-20 14:00:00+00:00,3340.703,3349.263,3340.65,3348.821,18452.0,16,2,8,3
2025-08-20 18:00:00+00:00,3348.773,3352.092,3346.342,3346.836,10372.0,20,2,8,0
2025-08-20 22:00:00+00:00,3346.906,3346.906,3339.687,3339.858,20078.0,0,3,8,0
2025-08-21 02:00:00+00:00,3339.887,3341.525,3334.283,3339.629,19053.0,4,3,8,0
2025-08-21 06:00:00+00:00,3339.665,3342.234,3325.126,3333.569,23550.0,8,3,8,0
2025-08-21 10:00:00+00:00,3333.604,3348.112,3333.604,3343.647,46831.0,12,3,8,1
2025-08-21 14:00:00+00:00,3343.597,3343.972,3336.544,3338.823,17364.0,16,3,8,3
2025-08-21 18:00:00+00:00,3338.863,3340.64,3337.356,3338.411,7641.0,20,3,8,0
2025-08-21 22:00:00+00:00,3338.367,3340.225,3331.613,3331.976,19882.0,0,4,8,0
2025-08-22 02:00:00+00:00,3331.963,3335.026,3325.692,3327.465,20242.0,4,4,8,0
2025-08-22 06:00:00+00:00,3327.428,3331.771,3325.332,3329.346,19634.0,8,4,8,0
2025-08-22 10:00:00+00:00,3329.342,3378.869,3321.378,3367.914,72788.0,12,4,8,1
2025-08-22 14:00:00+00:00,3367.858,3375.501,3367.824,3373.188,22521.0,16,4,8,3
2025-08-22 18:00:00+00:00,3373.213,3373.666,3370.154,3372.299,3371.0,20,4,8,0
2025-08-24 18:00:00+00:00,3368.744,3370.998,3365.848,3368.995,7180.0,20,6,8,0
2025-08-24 22:00:00+00:00,3369.08,3369.684,3359.796,3367.263,21087.0,0,0,8,0
2025-08-25 02:00:00+00:00,3367.263,3369.888,3363.028,3366.226,16199.0,4,0,8,0
2025-08-25 06:00:00+00:00,3366.229,3371.514,3361.927,3370.594,16314.0,8,0,8,0
2025-08-25 10:00:00+00:00,3370.592,3376.306,3362.185,3374.068,26816.0,12,0,8,1
2025-08-25 14:00:00+00:00,3374.001,3374.842,3365.183,3365.421,16596.0,16,0,8,3
2025-08-25 18:00:00+00:00,3365.465,3367.156,3351.71,3354.892,12422.0,20,0,8,0
2025-08-25 22:00:00+00:00,3354.827,3386.515,3351.207,3372.21,45585.0,0,1,8,0
2025-08-26 02:00:00+00:00,3372.217,3379.121,3367.291,3376.726,24758.0,4,1,8,0
2025-08-26 06:00:00+00:00,3376.741,3380.36,3367.235,3377.501,25514.0,8,1,8,0
2025-08-26 10:00:00+00:00,3377.52,3389.457,3370.374,3386.688,36579.0,12,1,8,1
2025-08-26 14:00:00+00:00,3386.675,3390.818,3380.289,3389.658,19133.0,16,1,8,3
2025-08-26 18:00:00+00:00,3389.689,3393.583,3388.72,3390.862,10033.0,20,1,8,0
2025-08-26 22:00:00+00:00,3390.853,3393.554,3380.577,3380.633,21226.0,0,2,8,0
2025-08-27 02:00:00+00:00,3380.677,3381.93,3373.755,3381.393,21519.0,4,2,8,0
2025-08-27 06:00:00+00:00,3381.374,3385.49,3373.698,3376.822,23993.0,8,2,8,0
2025-08-27 10:00:00+00:00,3376.844,3390.42,3374.255,3387.898,34380.0,12,2,8,1
2025-08-27 14:00:00+00:00,3387.917,3398.823,3387.478,3396.21,21066.0,16,2,8,3
2025-08-27 18:00:00+00:00,3396.172,3399.502,3394.137,3395.819,10589.0,20,2,8,0
2025-08-27 22:00:00+00:00,3395.751,3398.029,3384.637,3390.079,23589.0,0,3,8,0
2025-08-28 02:00:00+00:00,3390.206,3397.667,3387.608,3395.752,20120.0,4,3,8,0
2025-08-28 06:00:00+00:00,3395.746,3407.671,3393.821,3404.153,24025.0,8,3,8,0
2025-08-28 10:00:00+00:00,3404.058,3413.49,3394.306,3410.901,40845.0,12,3,8,1
2025-08-28 14:00:00+00:00,3410.897,3423.212,3409.857,3422.07,21956.0,16,3,8,3
2025-08-28 18:00:00+00:00,3422.11,3422.521,3414.759,3414.819,9021.0,20,3,8,0
2025-08-28 22:00:00+00:00,3414.85,3417.885,3407.956,3410.864,20231.0,0,4,8,0
2025-08-29 02:00:00+00:00,3410.843,3412.661,3406.537,3412.197,18604.0,4,4,8,0
2025-08-29 06:00:00+00:00,3412.161,3414.879,3404.309,3410.725,20298.0,8,4,8,0
2025-08-29 10:00:00+00:00,3410.655,3447.633,3406.708,3445.494,44179.0,12,4,8,1
2025-08-29 14:00:00+00:00,3445.487,3453.924,3440.988,3452.573,29518.0,16,4,8,3
2025-08-29 18:00:00+00:00,3452.605,3452.734,3445.768,3448.035,5529.0,20,4,8,0
2025-08-31 18:00:00+00:00,3445.866,3452.606,3442.459,3447.952,9799.0,20,6,8,0
2025-08-31 22:00:00+00:00,3447.912,3486.107,3437.028,3474.523,51974.0,0,0,9,0
2025-09-01 02:00:00+00:00,3474.491,3489.928,3467.764,3477.857,35470.0,4,0,9,0
2025-09-01 06:00:00+00:00,3477.886,3479.901,3466.281,3470.025,31345.0,8,0,9,0
2025-09-01 10:00:00+00:00,3470.058,3481.298,3467.112,3474.085,27407.0,12,0,9,1
2025-09-01 14:00:00+00:00,3474.09,3478.89,3472.35,3476.76,7247.0,16,0,9,3
2025-09-01 18:00:00+00:00,3476.299,3481.524,3474.527,3479.211,11452.0,20,0,9,0
2025-09-01 22:00:00+00:00,3479.183,3508.741,3476.897,3495.044,44092.0,0,1,9,0
2025-09-02 02:00:00+00:00,3495.008,3498.332,3472.072,3476.857,36114.0,4,1,9,0
2025-09-02 06:00:00+00:00,3476.955,3490.14,3470.218,3489.727,39272.0,8,1,9,0
2025-09-02 10:00:00+00:00,3489.687,3520.3,3474.19,3520.3,78175.0,12,1,9,1
2025-09-02 14:00:00+00:00,3520.327,3540.122,3518.157,3536.978,34727.0,16,1,9,3
2025-09-02 18:00:00+00:00,3537.036,3537.73,3526.293,3529.984,15200.0,20,1,9,0
2025-09-02 22:00:00+00:00,3530.01,3546.95,3528.022,3530.921,45371.0,0,2,9,0
2025-09-03 02:00:00+00:00,3530.815,3538.292,3526.806,3533.847,30458.0,4,2,9,0
2025-09-03 06:00:00+00:00,3533.874,3549.594,3532.292,3547.551,32975.0,8,2,9,0
2025-09-03 10:00:00+00:00,3547.535,3567.404,3541.357,3563.953,69370.0,12,2,9,1
2025-09-03 14:00:00+00:00,3563.95,3578.427,3561.159,3563.559,36720.0,16,2,9,3
2025-09-03 18:00:00+00:00,3563.527,3566.064,3554.411,3560.292,21570.0,20,2,9,0
2025-09-03 22:00:00+00:00,3560.341,3563.473,3511.211,3529.147,58070.0,0,3,9,0
2025-09-04 02:00:00+00:00,3529.182,3541.701,3524.44,3541.137,35794.0,4,3,9,0
2025-09-04 06:00:00+00:00,3541.09,3549.862,3536.558,3545.464,34188.0,8,3,9,0
2025-09-04 10:00:00+00:00,3545.419,3558.825,3535.042,3552.829,65867.0,12,3,9,1
2025-09-04 14:00:00+00:00,3552.866,3556.227,3542.526,3549.8,25920.0,16,3,9,3
2025-09-04 18:00:00+00:00,3549.836,3554.549,3539.909,3552.549,14305.0,20,3,9,0
2025-09-04 22:00:00+00:00,3552.532,3559.102,3545.958,3558.294,31295.0,0,4,9,0
2025-09-05 02:00:00+00:00,3558.359,3561.15,3546.635,3548.197,26325.0,4,4,9,0
2025-09-05 06:00:00+00:00,3548.161,3555.201,3544.721,3553.228,26353.0,8,4,9,0
2025-09-05 10:00:00+00:00,3553.254,3597.893,3548.802,3592.005,113094.0,12,4,9,1
2025-09-05 14:00:00+00:00,3592.046,3600.076,3590.504,3594.813,35139.0,16,4,9,3
2025-09-05 18:00:00+00:00,3594.773,3595.357,3586.376,3586.597,5917.0,20,4,9,0
2025-09-07 18:00:00+00:00,3591.856,3596.716,3587.112,3591.178,23722.0,20,6,9,0
2025-09-07 22:00:00+00:00,3591.11,3597.16,3582.926,3583.61,45117.0,0,0,9,0
2025-09-08 02:00:00+00:00,3583.567,3613.605,3579.62,3609.483,31480.0,4,0,9,0
2025-09-08 06:00:00+00:00,3609.581,3622.52,3607.132,3619.901,32340.0,8,0,9,0
2025-09-08 10:00:00+00:00,3619.926,3646.316,3614.775,3639.259,65047.0,12,0,9,1
2025-09-08 14:00:00+00:00,3639.338,3641.772,3631.848,3636.528,28300.0,16,0,9,3
2025-09-08 18:00:00+00:00,3636.555,3637.945,3628.216,3634.992,13999.0,20,0,9,0
2025-09-08 22:00:00+00:00,3635.023,3654.597,3633.474,3645.838,39706.0,0,1,9,0
2025-09-09 02:00:00+00:00,3645.864,3659.258,3636.485,3644.363,43785.0,4,1,9,0
2025-09-09 06:00:00+00:00,3644.298,3656.71,3641.989,3648.0,33255.0,8,1,9,0
2025-09-09 10:00:00+00:00,3648.072,3674.544,3626.845,3645.441,105213.0,12,1,9,1
2025-09-09 14:00:00+00:00,3645.462,3649.458,3628.449,3629.362,29798.0,16,1,9,3
2025-09-09 18:00:00+00:00,3629.325,3640.753,3623.12,3633.568,19604.0,20,1,9,0
2025-09-09 22:00:00+00:00,3633.543,3638.325,3620.18,3636.479,41526.0,0,2,9,0
2025-09-10 02:00:00+00:00,3636.579,3648.467,3636.488,3644.103,28137.0,4,2,9,0
2025-09-10 06:00:00+00:00,3644.141,3657.577,3641.995,3649.282,28465.0,8,2,9,0
2025-09-10 10:00:00+00:00,3649.298,3657.417,3638.438,3644.495,57571.0,12,2,9,1
2025-09-10 14:00:00+00:00,3644.465,3649.72,3635.064,3641.898,25504.0,16,2,9,3
2025-09-10 18:00:00+00:00,3641.864,3645.552,3637.997,3644.915,12587.0,20,2,9,0
2025-09-10 22:00:00+00:00,3644.851,3649.15,3629.8,3632.005,31351.0,0,3,9,0
2025-09-11 02:00:00+00:00,3632.072,3637.976,3622.666,3629.811,33849.0,4,3,9,0
2025-09-11 06:00:00+00:00,3629.845,3631.716,3614.136,3616.789,30322.0,8,3,9,0
2025-09-11 10:00:00+00:00,3616.76,3643.946,3613.133,3633.06,76316.0,12,3,9,1
2025-09-11 14:00:00+00:00,3633.102,3641.947,3630.298,3636.945,27497.0,16,3,9,3
2025-09-11 18:00:00+00:00,3636.909,3638.26,3631.539,3631.842,9639.0,20,3,9,0
2025-09-11 22:00:00+00:00,3631.81,3653.272,3630.497,3652.849,33788.0,0,4,9,0
2025-09-12 02:00:00+00:00,3652.81,3656.62,3647.772,3648.301,25482.0,4,4,9,0
2025-09-12 06:00:00+00:00,3648.242,3652.168,3637.729,3647.044,31988.0,8,4,9,0
2025-09-12 10:00:00+00:00,3647.076,3654.32,3638.242,3644.515,46596.0,12,4,9,1
2025-09-12 14:00:00+00:00,3644.539,3650.615,3642.707,3644.164,18885.0,16,4,9,3
2025-09-12 18:00:00+00:00,3644.204,3645.399,3641.347,3643.484,4084.0,20,4,9,0
2025-09-14 18:00:00+00:00,3644.61,3645.996,3636.772,3638.241,7123.0,20,6,9,0
2025-09-14 22:00:00+00:00,3638.237,3646.422,3626.541,3646.019,32584.0,0,0,9,0
2025-09-15 02:00:00+00:00,3646.03,3646.892,3633.754,3643.821,24220.0,4,0,9,0
2025-09-15 06:00:00+00:00,3643.9,3646.701,3635.711,3642.661,28380.0,8,0,9,0
2025-09-15 10:00:00+00:00,3642.686,3681.938,3636.957,3680.435,47408.0,12,0,9,1
2025-09-15 14:00:00+00:00,3680.497,3685.623,3674.749,3680.955,29692.0,16,0,9,3
2025-09-15 18:00:00+00:00,3680.912,3681.986,3676.111,3676.996,10773.0,20,0,9,0
2025-09-15 22:00:00+00:00,3676.886,3689.454,3674.646,3681.135,33574.0,0,1,9,0
2025-09-16 02:00:00+00:00,3681.062,3694.183,3680.179,3686.47,25484.0,4,1,9,0
2025-09-16 06:00:00+00:00,3686.431,3699.491,3686.136,3697.166,28519.0,8,1,9,0
2025-09-16 10:00:00+00:00,3697.203,3703.11,3678.868,3686.142,60411.0,12,1,9,1
2025-09-16 14:00:00+00:00,3686.21,3691.165,3684.613,3689.61,23130.0,16,1,9,3
2025-09-16 18:00:00+00:00,3689.662,3695.243,3689.44,3694.245,9457.0,20,1,9,0
2025-09-16 22:00:00+00:00,3694.244,3695.378,3674.218,3681.691,33125.0,0,2,9,0
2025-09-17 02:00:00+00:00,3681.688,3685.835,3666.593,3667.199,29659.0,4,2,9,0
2025-09-17 06:00:00+00:00,3667.155,3670.964,3659.843,3665.975,35287.0,8,2,9,0
2025-09-17 10:00:00+00:00,3666.005,3687.2,3665.538,3684.136,39131.0,12,2,9,1
2025-09-17 14:00:00+00:00,3684.167,3707.455,3646.057,3661.73,128103.0,16,2,9,3
2025-09-17 18:00:00+00:00,3661.755,3672.021,3655.582,3669.169,19081.0,20,2,9,0
2025-09-17 22:00:00+00:00,3669.1,3669.989,3651.826,3658.506,41290.0,0,3,9,0
2025-09-18 02:00:00+00:00,3658.554,3659.874,3633.826,3659.018,46391.0,4,3,9,0
2025-09-18 06:00:00+00:00,3658.971,3673.017,3653.687,3667.193,34776.0,8,3,9,0
2025-09-18 10:00:00+00:00,3667.233,3672.452,3627.772,3641.315,83217.0,12,3,9,1
2025-09-18 14:00:00+00:00,3641.346,3647.229,3640.506,3646.565,28052.0,16,3,9,3
2025-09-18 18:00:00+00:00,3646.611,3647.257,3637.719,3640.239,9707.0,20,3,9,0
2025-09-18 22:00:00+00:00,3640.242,3656.444,3632.203,3653.722,40648.0,0,4,9,0
2025-09-19 02:00:00+00:00,3653.66,3661.222,3643.269,3653.981,35622.0,4,4,9,0
2025-09-19 06:00:00+00:00,3653.874,3659.228,3645.676,3648.392,27006.0,8,4,9,0
2025-09-19 10:00:00+00:00,3648.421,3676.032,3643.771,3670.739,55411.0,12,4,9,1
2025-09-19 14:00:00+00:00,3670.71,3685.19,3666.602,3684.462,27214.0,16,4,9,3
2025-09-19 18:00:00+00:00,3684.353,3685.038,3680.835,3684.861,4021.0,20,4,9,0
2025-09-21 18:00:00+00:00,3687.969,3692.329,3683.776,3686.253,12028.0,20,6,9,0
2025-09-21 22:00:00+00:00,3686.263,3697.532,3685.466,3695.442,39668.0,0,0,9,0
2025-09-22 02:00:00+00:00,3695.454,3719.857,3690.102,3713.226,38084.0,4,0,9,0
2025-09-22 06:00:00+00:00,3713.193,3728.313,3712.314,3724.606,33813.0,8,0,9,0
2025-09-22 10:00:00+00:00,3724.643,3736.395,3712.054,3736.15,67103.0,12,0,9,1
2025-09-22 14:00:00+00:00,3736.109,3748.793,3735.201,3747.651,27878.0,16,0,9,3
2025-09-22 18:00:00+00:00,3747.606,3749.254,3738.273,3747.763,15223.0,20,0,9,0
2025-09-22 22:00:00+00:00,3747.797,3759.325,3736.722,3746.477,48708.0,0,1,9,0
2025-09-23 02:00:00+00:00,3746.489,3758.762,3743.065,3753.435,36326.0,4,1,9,0
2025-09-23 06:00:00+00:00,3753.381,3791.065,3752.965,3783.475,48450.0,8,1,9,0
2025-09-23 10:00:00+00:00,3783.52,3788.815,3767.617,3779.338,68536.0,12,1,9,1
2025-09-23 14:00:00+00:00,3779.37,3785.704,3751.856,3764.306,62297.0,16,1,9,3
2025-09-23 18:00:00+00:00,3764.248,3770.193,3761.554,3763.842,14841.0,20,1,9,0
2025-09-23 22:00:00+00:00,3763.822,3771.877,3750.597,3765.4,43539.0,0,2,9,0
2025-09-24 02:00:00+00:00,3765.422,3779.229,3763.218,3777.358,31398.0,4,2,9,0
2025-09-24 06:00:00+00:00,3777.391,3777.734,3759.629,3768.903,30576.0,8,2,9,0
2025-09-24 10:00:00+00:00,3768.958,3772.985,3739.64,3741.114,69178.0,12,2,9,1
2025-09-24 14:00:00+00:00,3741.079,3745.219,3717.427,3730.032,44172.0,16,2,9,3
2025-09-24 18:00:00+00:00,3730.098,3745.319,3729.941,3742.92,13948.0,20,2,9,0
2025-09-24 22:00:00+00:00,3743.0,3751.539,3729.422,3736.578,41376.0,0,3,9,0
2025-09-25 02:00:00+00:00,3736.581,3755.001,3731.74,3752.213,36656.0,4,3,9,0
2025-09-25 06:00:00+00:00,3752.174,3761.601,3741.067,3753.056,46052.0,8,3,9,0
2025-09-25 10:00:00+00:00,3753.018,3755.93,3721.941,3735.828,97057.0,12,3,9,1
2025-09-25 14:00:00+00:00,3735.893,3758.296,3732.366,3746.523,45577.0,16,3,9,3
2025-09-25 18:00:00+00:00,3746.56,3752.524,3738.051,3744.717,17979.0,20,3,9,0
2025-09-25 22:00:00+00:00,3744.676,3753.317,3734.464,3745.435,40219.0,0,4,9,0
2025-09-26 02:00:00+00:00,3745.474,3754.165,3739.181,3747.971,34290.0,4,4,9,0
2025-09-26 06:00:00+00:00,3747.991,3755.206,3742.903,3748.706,29904.0,8,4,9,0
2025-09-26 10:00:00+00:00,3748.662,3783.826,3746.602,3780.373,82117.0,12,4,9,1
2025-09-26 14:00:00+00:00,3780.332,3783.204,3764.617,3766.692,42342.0,16,4,9,3
2025-09-26 18:00:00+00:00,3766.743,3769.555,3760.026,3761.041,6559.0,20,4,9,0
2025-09-28 18:00:00+00:00,3764.718,3772.502,3763.322,3766.899,12952.0,20,6,9,0
2025-09-28 22:00:00+00:00,3766.858,3799.439,3763.91,3794.34,74512.0,0,0,9,0
2025-09-29 02:00:00+00:00,3794.355,3819.874,3792.419,3806.343,61558.0,4,0,9,0
2025-09-29 06:00:00+00:00,3806.381,3831.36,3806.381,3828.916,44063.0,8,0,9,0
2025-09-29 10:00:00+00:00,3828.865,3833.183,3809.189,3830.351,86603.0,12,0,9,1
2025-09-29 14:00:00+00:00,3830.345,3833.56,3822.605,3828.754,37081.0,16,0,9,3
2025-09-29 18:00:00+00:00,3828.792,3834.025,3825.656,3832.835,14626.0,20,0,9,0
2025-09-29 22:00:00+00:00,3832.89,3867.205,3831.128,3864.772,52264.0,0,1,9,0
2025-09-30 02:00:00+00:00,3864.731,3871.7,3839.471,3843.811,53175.0,4,1,9,0
2025-09-30 06:00:00+00:00,3843.843,3847.244,3793.074,3815.189,93170.0,8,1,9,0
2025-09-30 10:00:00+00:00,3815.128,3854.543,3808.828,3839.035,101788.0,12,1,9,1
2025-09-30 14:00:00+00:00,3839.001,3860.808,3837.779,3859.05,38103.0,16,1,9,3
2025-09-30 18:00:00+00:00,3859.09,3863.08,3850.731,3862.927,19795.0,20,1,9,0
2025-09-30 22:00:00+00:00,3862.94,3875.562,3855.514,3861.982,43459.0,0,2,10,0
2025-10-01 02:00:00+00:00,3861.988,3879.88,3853.356,3879.185,45138.0,4,2,10,0
2025-10-01 06:00:00+00:00,3879.237,3895.376,3878.059,3883.512,48731.0,8,2,10,0
2025-10-01 10:00:00+00:00,3883.596,3891.122,3856.11,3868.483,120512.0,12,2,10,1
2025-10-01 14:00:00+00:00,3868.424,3871.894,3854.896,3867.708,44770.0,16,2,10,3
2025-10-01 18:00:00+00:00,3867.731,3867.883,3857.474,3863.518,20165.0,20,2,10,0
2025-10-01 22:00:00+00:00,3863.475,3870.021,3852.832,3866.58,36487.0,0,3,10,0
2025-10-02 02:00:00+00:00,3866.587,3874.822,3861.697,3868.558,35154.0,4,3,10,0
2025-10-02 06:00:00+00:00,3868.463,3886.696,3864.659,3886.313,35955.0,8,3,10,0
2025-10-02 10:00:00+00:00,3886.277,3897.154,3819.32,3828.364,136839.0,12,3,10,1
2025-10-02 14:00:00+00:00,3828.316,3859.08,3827.173,3855.554,55519.0,16,3,10,3
2025-10-02 18:00:00+00:00,3855.603,3863.763,3852.146,3862.41,14633.0,20,3,10,0
2025-10-02 22:00:00+00:00,3862.365,3862.779,3837.995,3842.757,45122.0,0,4,10,0
2025-10-03 02:00:00+00:00,3842.711,3865.28,3841.597,3864.286,37605.0,4,4,10,0
2025-10-03 06:00:00+00:00,3864.196,3867.688,3854.689,3862.077,35983.0,8,4,10,0
2025-10-03 10:00:00+00:00,3862.141,3891.638,3860.448,3889.44,96526.0,12,4,10,1
2025-10-03 14:00:00+00:00,3889.402,3889.785,3876.909,3885.568,47171.0,16,4,10,3
2025-10-03 18:00:00+00:00,3885.537,3887.228,3882.845,3887.045,4690.0,20,4,10,0
2025-10-05 18:00:00+00:00,3888.624,3920.986,3884.034,3909.45,35339.0,20,6,10,0
2025-10-05 22:00:00+00:00,3909.487,3932.041,3898.931,3929.569,55156.0,0,0,10,0
2025-10-06 02:00:00+00:00,3929.584,3945.205,3922.449,3941.617,71034.0,4,0,10,0
2025-10-06 06:00:00+00:00,3941.651,3949.598,3930.997,3938.294,61924.0,8,0,10,0
2025-10-06 10:00:00+00:00,3938.256,3964.121,3926.478,3962.468,103799.0,12,0,10,1
2025-10-06 14:00:00+00:00,3962.454,3970.01,3945.753,3959.451,54497.0,16,0,10,3
2025-10-06 18:00:00+00:00,3959.415,3976.198,3957.397,3969.514,32064.0,20,0,10,0
2025-10-06 22:00:00+00:00,3969.556,3977.475,3955.804,3973.395,50080.0,0,1,10,0
2025-10-07 02:00:00+00:00,3973.418,3976.904,3943.273,3945.962,64651.0,4,1,10,0
2025-10-07 06:00:00+00:00,3945.918,3969.135,3940.82,3966.998,49835.0,8,1,10,0
2025-10-07 10:00:00+00:00,3966.949,3991.059,3961.777,3966.153,104487.0,12,1,10,1
2025-10-07 14:00:00+00:00,3966.198,3987.739,3963.164,3980.14,62236.0,16,1,10,3
2025-10-07 18:00:00+00:00,3980.195,3995.946,3980.195,3994.411,16590.0,20,1,10,0
2025-10-07 22:00:00+00:00,3994.367,4016.527,3984.478,4014.641,50938.0,0,2,10,0
2025-10-08 02:00:00+00:00,4014.688,4039.046,4014.688,4034.2,57635.0,4,2,10,0
2025-10-08 06:00:00+00:00,4034.165,4049.628,4030.829,4037.935,51950.0,8,2,10,0
2025-10-08 10:00:00+00:00,4037.899,4050.719,4026.342,4045.664,92302.0,12,2,10,1
2025-10-08 14:00:00+00:00,4045.694,4059.321,4032.041,4044.914,75422.0,16,2,10,3
2025-10-08 18:00:00+00:00,4044.886,4046.707,4001.257,4011.708,40299.0,20,2,10,0
2025-10-08 22:00:00+00:00,4011.706,4036.3,4002.492,4026.749,93765.0,0,3,10,0
2025-10-09 02:00:00+00:00,4026.72,4043.744,4022.631,4031.582,59723.0,4,3,10,0
2025-10-09 06:00:00+00:00,4031.479,4046.733,4030.183,4044.488,44254.0,8,3,10,0
2025-10-09 10:00:00+00:00,4044.45,4057.978,4003.929,4014.65,169705.0,12,3,10,1
2025-10-09 14:00:00+00:00,4014.581,4021.757,3944.6,3973.033,150551.0,16,3,10,3
2025-10-09 18:00:00+00:00,3973.087,3990.833,3958.514,3989.932,32622.0,20,3,10,0
2025-10-09 22:00:00+00:00,3989.927,3994.402,3960.778,3961.963,70643.0,0,4,10,0
2025-10-10 02:00:00+00:00,3961.934,3977.909,3946.916,3971.99,79417.0,4,4,10,0
2025-10-10 06:00:00+00:00,3971.998,4006.76,3970.098,3987.181,73096.0,8,4,10,0
2025-10-10 10:00:00+00:00,3987.207,4022.825,3970.664,3997.977,160229.0,12,4,10,1
2025-10-10 14:00:00+00:00,3998.011,4021.315,3974.975,4011.206,117148.0,16,4,10,3
2025-10-10 18:00:00+00:00,4011.247,4020.903,4005.645,4010.399,17154.0,20,4,10,0
2025-10-12 18:00:00+00:00,4014.463,4060.193,4008.645,4035.147,49685.0,20,6,10,0
2025-10-12 22:00:00+00:00,4035.195,4059.926,4024.338,4051.928,99586.0,0,0,10,0
2025-10-13 02:00:00+00:00,4051.922,4078.206,4050.974,4071.176,70611.0,4,0,10,0
2025-10-13 06:00:00+00:00,4071.135,4085.261,4069.026,4073.986,55120.0,8,0,10,0
2025-10-13 10:00:00+00:00,4073.987,4107.412,4073.173,4104.946,91532.0,12,0,10,1
2025-10-13 14:00:00+00:00,4104.908,4117.037,4090.701,4108.627,63349.0,16,0,10,3
2025-10-13 18:00:00+00:00,4108.532,4132.069,4106.024,4128.045,29138.0,20,0,10,0
2025-10-13 22:00:00+00:00,4128.091,4166.495,4119.597,4163.373,89478.0,0,1,10,0
2025-10-14 02:00:00+00:00,4163.414,4179.726,4090.603,4126.245,180637.0,4,1,10,0
2025-10-14 06:00:00+00:00,4126.277,4145.217,4121.782,4130.511,97126.0,8,1,10,0
2025-10-14 10:00:00+00:00,4130.473,4142.716,4097.762,4137.989,153701.0,12,1,10,1
2025-10-14 14:00:00+00:00,4138.03,4155.284,4127.903,4141.606,92844.0,16,1,10,3
2025-10-14 18:00:00+00:00,4141.564,4167.144,4139.138,4161.613,29822.0,20,1,10,0
2025-10-14 22:00:00+00:00,4161.574,4190.883,4153.803,4187.051,79742.0,0,2,10,0
2025-10-15 02:00:00+00:00,4187.099,4209.799,4173.253,4207.69,55542.0,4,2,10,0
2025-10-15 06:00:00+00:00,4207.732,4218.221,4164.774,4198.664,80588.0,8,2,10,0
2025-10-15 10:00:00+00:00,4198.692,4212.361,4176.187,4190.235,135872.0,12,2,10,1
2025-10-15 14:00:00+00:00,4190.285,4213.525,4182.527,4210.372,80019.0,16,2,10,3
2025-10-15 18:00:00+00:00,4210.328,4215.9,4199.584,4209.458,26797.0,20,2,10,0
2025-10-15 22:00:00+00:00,4209.563,4242.119,4204.95,4233.816,66671.0,0,3,10,0
2025-10-16 02:00:00+00:00,4233.804,4239.452,4203.546,4230.521,83988.0,4,3,10,0
2025-10-16 06:00:00+00:00,4230.551,4247.734,4222.062,4240.659,49469.0,8,3,10,0
2025-10-16 10:00:00+00:00,4240.703,4276.073,4227.691,4273.407,111029.0,12,3,10,1
2025-10-16 14:00:00+00:00,4273.438,4313.043,4261.335,4307.326,133750.0,16,3,10,3
2025-10-16 18:00:00+00:00,4307.373,4380.074,4307.373,4365.805,76341.0,20,3,10,0
2025-10-16 22:00:00+00:00,4365.763,4371.673,4278.793,4366.694,176862.0,0,4,10,0
2025-10-17 02:00:00+00:00,4366.703,4378.554,4308.845,4342.371,145010.0,4,4,10,0
2025-10-17 06:00:00+00:00,4342.341,4349.77,4286.653,4287.115,143675.0,8,4,10,0
2025-10-17 10:00:00+00:00,4287.178,4320.271,4216.85,4237.478,309884.0,12,4,10,1
2025-10-17 14:00:00+00:00,4237.54,4244.985,4186.172,4225.936,188175.0,16,4,10,3
2025-10-17 18:00:00+00:00,4225.895,4252.702,4220.102,4250.936,21062.0,20,4,10,0
2025-10-19 18:00:00+00:00,4264.629,4268.325,4233.246,4237.851,40942.0,20,6,10,0
2025-10-19 22:00:00+00:00,4237.822,4271.286,4218.935,4264.725,122946.0,0,0,10,0
2025-10-20 02:00:00+00:00,4264.681,4268.314,4221.41,4255.173,98191.0,4,0,10,0
2025-10-20 06:00:00+00:00,4255.137,4279.738,4245.621,4279.281,66824.0,8,0,10,0
2025-10-20 10:00:00+00:00,4279.313,4355.752,4272.727,4349.215,170900.0,12,0,10,1
2025-10-20 14:00:00+00:00,4349.18,4381.569,4337.34,4378.172,75253.0,16,0,10,3
2025-10-20 18:00:00+00:00,4378.211,4380.115,4346.475,4360.492,54197.0,20,0,10,0
2025-10-20 22:00:00+00:00,4360.442,4372.296,4332.872,4346.584,97014.0,0,1,10,0
2025-10-21 02:00:00+00:00,4346.538,4347.068,4293.394,4298.449,100305.0,4,1,10,0
2025-10-21 06:00:00+00:00,4298.363,4301.779,4244.726,4253.325,151772.0,8,1,10,0
2025-10-21 10:00:00+00:00,4253.353,4257.511,4080.817,4138.535,349328.0,12,1,10,1
2025-10-21 14:00:00+00:00,4138.648,4143.876,4093.562,4108.77,157731.0,16,1,10,3
2025-10-21 18:00:00+00:00,4108.802,4132.322,4090.127,4093.156,50068.0,20,1,10,0
2025-10-21 22:00:00+00:00,4093.182,4143.136,4004.185,4128.674,232590.0,0,2,10,0
2025-10-22 02:00:00+00:00,4128.61,4161.36,4107.57,4132.901,106820.0,4,2,10,0
2025-10-22 06:00:00+00:00,4132.863,4135.863,4015.07,4027.778,227484.0,8,2,10,0
2025-10-22 10:00:00+00:00,4027.805,4085.272,4010.988,4037.089,240726.0,12,2,10,1
2025-10-22 14:00:00+00:00,4037.043,4113.632,4023.203,4102.378,143244.0,16,2,10,3
2025-10-22 18:00:00+00:00,4102.333,4116.475,4080.517,4087.735,55246.0,20,2,10,0
2025-10-22 22:00:00+00:00,4087.639,4100.725,4065.984,4091.173,100991.0,0,3,10,0
2025-10-23 02:00:00+00:00,4091.195,4137.712,4079.656,4094.256,100103.0,4,3,10,0
2025-10-23 06:00:00+00:00,4094.292,4125.478,4094.292,4109.614,93363.0,8,3,10,0
2025-10-23 10:00:00+00:00,4109.581,4154.684,4100.14,4141.845,133289.0,12,3,10,1
2025-10-23 14:00:00+00:00,4141.816,4148.643,4116.426,4118.289,73488.0,16,3,10,3
2025-10-23 18:00:00+00:00,4118.333,4131.923,4105.812,4121.703,33541.0,20,3,10,0
2025-10-23 22:00:00+00:00,4121.728,4144.297,4107.556,4122.38,73272.0,0,4,10,0
2025-10-24 02:00:00+00:00,4122.262,4123.316,4069.547,4074.245,81729.0,4,4,10,0
2025-10-24 06:00:00+00:00,4074.376,4077.914,4043.978,4061.284,89663.0,8,4,10,0
2025-10-24 10:00:00+00:00,4061.371,4135.165,4059.819,4130.347,173619.0,12,4,10,1
2025-10-24 14:00:00+00:00,4130.419,4138.594,4101.801,4103.999,82409.0,16,4,10,3
2025-10-24 18:00:00+00:00,4104.036,4114.071,4096.254,4113.082,9808.0,20,4,10,0
2025-10-26 18:00:00+00:00,4083.589,4109.193,4061.912,4064.458,50182.0,20,6,10,0
2025-10-26 22:00:00+00:00,4064.532,4097.781,4058.108,4069.559,84877.0,0,0,10,0
2025-10-27 02:00:00+00:00,4069.523,4084.782,4053.805,4068.619,65077.0,4,0,10,0
2025-10-27 06:00:00+00:00,4068.588,4070.549,4015.427,4023.923,108613.0,8,0,10,0
2025-10-27 10:00:00+00:00,4023.971,4050.275,3971.348,3989.93,190276.0,12,0,10,1
2025-10-27 14:00:00+00:00,3990.039,4010.147,3983.978,3990.129,84300.0,16,0,10,3
2025-10-27 18:00:00+00:00,3990.176,4004.562,3979.11,3998.491,36744.0,20,0,10,0
2025-10-27 22:00:00+00:00,3998.379,4019.767,3973.043,3992.9,81778.0,0,1,10,0
2025-10-28 02:00:00+00:00,3992.855,3994.255,3921.754,3932.473,101410.0,4,1,10,0
2025-10-28 06:00:00+00:00,3932.508,3935.894,3886.54,3923.293,118910.0,8,1,10,0
2025-10-28 10:00:00+00:00,3923.32,3969.566,3905.489,3964.762,122382.0,12,1,10,1
2025-10-28 14:00:00+00:00,3964.796,3970.422,3945.144,3960.116,86174.0,16,1,10,3
2025-10-28 18:00:00+00:00,3960.164,3967.841,3915.99,3964.818,48692.0,20,1,10,0
2025-10-28 22:00:00+00:00,3964.847,3982.257,3944.199,3963.36,82149.0,0,2,10,0
2025-10-29 02:00:00+00:00,3963.373,4001.599,3950.749,4001.329,70220.0,4,2,10,0
2025-10-29 06:00:00+00:00,4001.294,4029.706,4000.436,4016.693,75434.0,8,2,10,0
2025-10-29 10:00:00+00:00,4016.722,4030.268,3989.229,3993.002,103584.0,12,2,10,1
2025-10-29 14:00:00+00:00,3993.009,4007.464,3927.91,3945.555,163828.0,16,2,10,3
2025-10-29 18:00:00+00:00,3945.528,3954.199,3917.19,3952.836,54120.0,20,2,10,0
2025-10-29 22:00:00+00:00,3952.798,3966.389,3915.301,3938.002,92098.0,0,3,10,0
2025-10-30 02:00:00+00:00,3938.03,3982.415,3934.842,3961.323,102253.0,4,3,10,0
2025-10-30 06:00:00+00:00,3961.339,4011.878,3960.183,3974.38,88931.0,8,3,10,0
2025-10-30 10:00:00+00:00,3974.422,4014.832,3960.046,4001.938,145452.0,12,3,10,1
2025-10-30 14:00:00+00:00,4001.9,4025.972,3991.38,4023.431,67809.0,16,3,10,3
2025-10-30 18:00:00+00:00,4023.4,4046.422,4016.328,4036.658,42477.0,20,3,10,0
2025-10-30 22:00:00+00:00,4036.633,4039.309,3991.092,3996.422,89700.0,0,4,10,0
2025-10-31 02:00:00+00:00,3996.448,4025.317,3989.103,4021.041,74294.0,4,4,10,0
2025-10-31 06:00:00+00:00,4020.948,4026.871,3998.795,4010.513,62743.0,8,4,10,0
2025-10-31 10:00:00+00:00,4010.483,4036.188,4009.075,4012.804,107706.0,12,4,10,1
2025-10-31 14:00:00+00:00,4012.753,4015.136,3972.406,4001.071,104587.0,16,4,10,3
2025-10-31 18:00:00+00:00,4001.033,4006.709,3996.134,4001.621,7985.0,20,4,10,0
2025-11-02 18:00:00+00:00,3990.719,3998.936,3977.946,3980.306,17513.0,20,6,11,0
2025-11-02 22:00:00+00:00,3980.254,4015.557,3962.306,4011.186,87263.0,0,0,11,0
2025-11-03 02:00:00+00:00,4011.183,4026.054,3997.685,4025.279,56171.0,4,0,11,0
2025-11-03 06:00:00+00:00,4025.371,4027.868,3992.968,4007.563,75021.0,8,0,11,0
2025-11-03 10:00:00+00:00,4007.556,4030.646,4001.707,4008.635,103230.0,12,0,11,1
2025-11-03 14:00:00+00:00,4008.604,4013.492,3995.081,4004.71,62074.0,16,0,11,3
2025-11-03 18:00:00+00:00,4004.67,4014.932,3980.963,3997.223,28602.0,20,0,11,0
2025-11-03 22:00:00+00:00,3997.301,3999.382,3975.503,3994.564,73448.0,0,1,11,0
2025-11-04 02:00:00+00:00,3994.525,3996.438,3966.773,3993.914,66750.0,4,1,11,0
2025-11-04 06:00:00+00:00,3994.038,4000.711,3985.891,3995.217,55237.0,8,1,11,0
2025-11-04 10:00:00+00:00,3995.22,3997.576,3928.81,3956.768,109474.0,12,1,11,1
2025-11-04 14:00:00+00:00,3956.871,3975.778,3932.102,3937.435,78624.0,16,1,11,3
2025-11-04 18:00:00+00:00,3937.45,3942.073,3930.398,3934.767,31931.0,20,1,11,0
2025-11-04 22:00:00+00:00,3934.793,3965.371,3929.653,3960.802,66046.0,0,2,11,0
2025-11-05 02:00:00+00:00,3960.841,3978.556,3959.739,3972.701,49330.0,4,2,11,0
2025-11-05 06:00:00+00:00,3972.734,3987.091,3956.022,3966.879,51859.0,8,2,11,0
2025-11-05 10:00:00+00:00,3966.823,3985.562,3962.266,3978.191,77557.0,12,2,11,1
2025-11-05 14:00:00+00:00,3978.268,3990.496,3974.787,3987.809,43768.0,16,2,11,3
2025-11-05 18:00:00+00:00,3987.838,3990.243,3966.726,3973.671,24005.0,20,2,11,0
2025-11-05 22:00:00+00:00,3973.63,3990.439,3964.543,3987.556,44798.0,0,3,11,0
2025-11-06 02:00:00+00:00,3987.554,4009.645,3982.177,4005.883,39380.0,4,3,11,0
2025-11-06 06:00:00+00:00,4005.852,4019.609,4004.248,4018.182,39484.0,8,3,11,0
2025-11-06 10:00:00+00:00,4018.104,4019.506,3975.197,3980.22,85205.0,12,3,11,1
2025-11-06 14:00:00+00:00,3980.264,3995.278,3965.754,3985.395,66030.0,16,3,11,3
2025-11-06 18:00:00+00:00,3985.35,3989.711,3974.354,3989.177,27699.0,20,3,11,0
2025-11-06 22:00:00+00:00,3989.212,4003.402,3984.506,3990.445,38487.0,0,4,11,0
2025-11-07 02:00:00+00:00,3990.413,4010.016,3985.363,4007.772,37981.0,4,4,11,0
2025-11-07 06:00:00+00:00,4007.836,4014.195,3993.715,4002.861,42422.0,8,4,11,0
2025-11-07 10:00:00+00:00,4002.935,4008.431,3984.058,3990.952,79100.0,12,4,11,1
2025-11-07 14:00:00+00:00,3990.989,4027.628,3989.915,4006.841,78405.0,16,4,11,3
2025-11-07 18:00:00+00:00,4006.811,4007.184,3994.34,4001.422,22516.0,20,4,11,0
2025-11-09 18:00:00+00:00,4004.876,4012.265,4004.027,4011.86,11888.0,20,6,11,0
2025-11-09 22:00:00+00:00,4011.87,4053.256,4011.132,4050.292,64247.0,0,0,11,0
2025-11-10 02:00:00+00:00,4050.242,4079.165,4049.947,4075.19,44839.0,4,0,11,0
2025-11-10 06:00:00+00:00,4075.215,4086.238,4071.626,4085.293,46424.0,8,0,11,0
2025-11-10 10:00:00+00:00,4085.335,4105.886,4074.405,4084.555,93185.0,12,0,11,1
2025-11-10 14:00:00+00:00,4084.509,4115.834,4081.921,4113.162,47717.0,16,0,11,3
2025-11-10 18:00:00+00:00,4113.102,4122.665,4106.58,4119.955,23618.0,20,0,11,0
2025-11-10 22:00:00+00:00,4119.992,4148.113,4116.195,4146.879,55128.0,0,1,11,0
2025-11-11 02:00:00+00:00,4146.816,4148.862,4124.545,4129.671,48247.0,4,1,11,0
2025-11-11 06:00:00+00:00,4129.564,4146.001,4128.805,4142.788,39944.0,8,1,11,0
2025-11-11 10:00:00+00:00,4142.829,4146.645,4097.107,4106.638,85370.0,12,1,11,1
2025-11-11 14:00:00+00:00,4106.671,4126.175,4105.046,4123.01,49108.0,16,1,11,3
2025-11-11 18:00:00+00:00,4123.062,4144.677,4122.366,4142.639,26966.0,20,1,11,0
2025-11-11 22:00:00+00:00,4142.641,4145.524,4111.79,4111.972,57069.0,0,2,11,0
2025-11-12 02:00:00+00:00,4111.9,4125.318,4098.923,4116.963,54190.0,4,2,11,0
2025-11-12 06:00:00+00:00,4117.004,4133.567,4112.131,4126.122,53799.0,8,2,11,0
2025-11-12 10:00:00+00:00,4126.096,4185.704,4122.809,4181.424,103026.0,12,2,11,1
2025-11-12 14:00:00+00:00,4181.381,4211.751,4180.097,4197.485,95945.0,16,2,11,3
2025-11-12 18:00:00+00:00,4197.44,4208.175,4187.216,4191.097,35750.0,20,2,11,0
2025-11-12 22:00:00+00:00,4191.055,4213.486,4179.893,4213.125,81032.0,0,3,11,0
2025-11-13 02:00:00+00:00,4213.094,4220.15,4203.286,4219.942,61671.0,4,3,11,0
2025-11-13 06:00:00+00:00,4219.896,4240.261,4218.874,4230.52,62607.0,8,3,11,0
2025-11-13 10:00:00+00:00,4230.479,4245.332,4184.507,4202.482,128905.0,12,3,11,1
2025-11-13 14:00:00+00:00,4202.509,4211.009,4145.348,4163.828,124087.0,16,3,11,3
2025-11-13 18:00:00+00:00,4163.872,4186.697,4160.283,4185.929,43678.0,20,3,11,0
2025-11-13 22:00:00+00:00,4185.951,4211.566,4173.688,4204.436,67153.0,0,4,11,0
2025-11-14 02:00:00+00:00,4204.4,4205.836,4158.836,4180.986,72680.0,4,4,11,0
2025-11-14 06:00:00+00:00,4180.917,4187.007,4130.777,4132.907,82677.0,8,4,11,0
2025-11-14 10:00:00+00:00,4132.858,4140.501,4032.197,4093.474,213998.0,12,4,11,1
2025-11-14 14:00:00+00:00,4093.53,4111.212,4080.789,4089.972,103595.0,16,4,11,3
2025-11-14 18:00:00+00:00,4090.03,4092.339,4075.294,4084.62,30459.0,20,4,11,0
2025-11-16 18:00:00+00:00,4083.755,4106.794,4071.875,4096.461,23004.0,20,6,11,0
2025-11-16 22:00:00+00:00,4096.528,4102.076,4070.048,4082.993,94318.0,0,0,11,0
2025-11-17 02:00:00+00:00,4082.938,4089.243,4049.649,4088.159,66818.0,4,0,11,0
2025-11-17 06:00:00+00:00,4088.13,4095.987,4061.026,4078.456,72615.0,8,0,11,0
2025-11-17 10:00:00+00:00,4078.493,4092.276,4060.633,4064.373,102386.0,12,0,11,1
2025-11-17 14:00:00+00:00,4064.304,4081.109,4010.808,4011.229,100631.0,16,0,11,3
2025-11-17 18:00:00+00:00,4011.258,4055.565,4006.848,4036.825,59320.0,20,0,11,0
2025-11-17 22:00:00+00:00,4036.862,4045.052,4008.202,4013.285,85680.0,0,1,11,0
2025-11-18 02:00:00+00:00,4013.316,4025.227,3998.05,4013.674,73292.0,4,1,11,0
2025-11-18 06:00:00+00:00,4013.648,4050.434,4010.54,4039.334,69250.0,8,1,11,0
2025-11-18 10:00:00+00:00,4039.303,4082.042,4029.064,4052.921,131813.0,12,1,11,1
2025-11-18 14:00:00+00:00,4053.001,4082.06,4040.402,4081.051,85149.0,16,1,11,3
2025-11-18 18:00:00+00:00,4081.089,4082.273,4064.834,4076.65,31895.0,20,1,11,0
2025-11-18 22:00:00+00:00,4076.692,4080.659,4055.665,4066.989,65161.0,0,2,11,0
2025-11-19 02:00:00+00:00,4066.883,4098.628,4064.406,4087.046,55458.0,4,2,11,0
2025-11-19 06:00:00+00:00,4087.003,4119.173,4078.212,4112.9,70896.0,8,2,11,0
2025-11-19 10:00:00+00:00,4112.838,4132.686,4090.012,4096.599,110851.0,12,2,11,1
2025-11-19 14:00:00+00:00,4096.671,4098.646,4055.572,4073.651,146417.0,16,2,11,3
2025-11-19 18:00:00+00:00,4073.642,4108.239,4065.58,4104.662,46076.0,20,2,11,0
2025-11-19 22:00:00+00:00,4104.692,4110.334,4039.865,4072.427,97576.0,0,3,11,0
2025-11-20 02:00:00+00:00,4072.466,4080.577,4054.051,4059.959,69024.0,4,3,11,0
2025-11-20 06:00:00+00:00,4059.901,4072.779,4038.727,4060.789,85658.0,8,3,11,0
2025-11-20 10:00:00+00:00,4060.724,4107.183,4060.084,4070.156,146879.0,12,3,11,1
2025-11-20 14:00:00+00:00,4070.211,4087.303,4043.674,4084.652,159897.0,16,3,11,3
2025-11-20 18:00:00+00:00,4084.615,4088.817,4072.924,4079.097,43050.0,20,3,11,0
2025-11-20 22:00:00+00:00,4079.141,4081.453,4049.396,4056.197,74824.0,0,4,11,0
2025-11-21 02:00:00+00:00,4056.16,4064.881,4024.822,4031.675,82752.0,4,4,11,0
2025-11-21 06:00:00+00:00,4031.705,4063.621,4022.258,4036.588,94741.0,8,4,11,0
2025-11-21 10:00:00+00:00,4036.553,4083.968,4034.758,4069.739,151447.0,12,4,11,1
2025-11-21 14:00:00+00:00,4069.723,4101.27,4062.91,4087.587,104586.0,16,4,11,3
2025-11-21 18:00:00+00:00,4087.621,4088.776,4054.505,4066.113,39764.0,20,4,11,0
2025-11-23 18:00:00+00:00,4072.469,4077.681,4065.815,4075.117,14658.0,20,6,11,0
2025-11-23 22:00:00+00:00,4075.148,4076.144,4040.582,4050.459,67713.0,0,0,11,0
2025-11-24 02:00:00+00:00,4050.507,4067.639,4039.842,4059.976,63042.0,4,0,11,0
2025-11-24 06:00:00+00:00,4059.9,4077.254,4059.548,4069.968,54290.0,8,0,11,0
2025-11-24 10:00:00+00:00,4069.86,4093.872,4065.635,4091.741,86198.0,12,0,11,1
2025-11-24 14:00:00+00:00,4091.791,4125.735,4088.034,4118.508,66455.0,16,0,11,3
2025-11-24 18:00:00+00:00,4118.531,4144.411,4117.942,4143.81,38654.0,20,0,11,0
2025-11-24 22:00:00+00:00,4143.802,4155.82,4122.524,4143.052,84246.0,0,1,11,0
2025-11-25 02:00:00+00:00,4143.026,4152.063,4130.277,4132.601,58475.0,4,1,11,0
2025-11-25 06:00:00+00:00,4132.591,4139.522,4109.156,4133.468,65470.0,8,1,11,0
2025-11-25 10:00:00+00:00,4133.521,4150.896,4111.034,4123.13,108186.0,12,1,11,1
2025-11-25 14:00:00+00:00,4123.092,4159.498,4122.152,4133.761,84112.0,16,1,11,3
2025-11-25 18:00:00+00:00,4133.797,4138.431,4127.629,4133.73,27676.0,20,1,11,0
2025-11-25 22:00:00+00:00,4133.808,4169.421,4132.595,4166.104,57736.0,0,2,11,0
2025-11-26 02:00:00+00:00,4166.078,4168.682,4146.598,4157.309,50028.0,4,2,11,0
2025-11-26 06:00:00+00:00,4157.28,4173.135,4154.696,4171.556,54454.0,8,2,11,0
2025-11-26 10:00:00+00:00,4171.577,4173.57,4136.508,4165.246,100721.0,12,2,11,1
2025-11-26 14:00:00+00:00,4165.286,4171.743,4157.984,4163.254,56521.0,16,2,11,3
2025-11-26 18:00:00+00:00,4163.284,4168.944,4161.324,4165.012,23925.0,20,2,11,0
2025-11-26 22:00:00+00:00,4164.965,4167.313,4144.145,4147.464,50388.0,0,3,11,0
2025-11-27 02:00:00+00:00,4147.42,4162.262,4142.573,4160.011,45177.0,4,3,11,0
2025-11-27 06:00:00+00:00,4160.059,4167.181,4148.261,4157.328,45079.0,8,3,11,0
2025-11-27 10:00:00+00:00,4157.352,4161.86,4149.151,4158.056,44276.0,12,3,11,1
2025-11-27 14:00:00+00:00,4158.005,4160.37,4151.443,4157.116,17601.0,16,3,11,3
2025-11-27 18:00:00+00:00,4160.413,4164.05,4158.299,4163.431,4657.0,20,3,11,0
2025-11-27 22:00:00+00:00,4163.371,4193.044,4163.119,4184.227,42369.0,0,4,11,0
2025-11-28 02:00:00+00:00,4184.232,4188.862,4155.674,4174.631,24676.0,4,4,11,0
2025-11-28 06:00:00+00:00,4174.635,4180.139,4147.529,4172.019,56464.0,8,4,11,0
2025-11-28 10:00:00+00:00,4171.98,4208.958,4168.712,4203.639,57487.0,12,4,11,1
2025-11-28 14:00:00+00:00,4203.609,4226.479,4197.534,4219.212,51540.0,16,4,11,3
2025-11-30 18:00:00+00:00,4219.988,4225.289,4205.826,4221.933,15735.0,20,6,11,0
2025-11-30 22:00:00+00:00,4221.906,4256.447,4218.245,4239.35,84544.0,0,0,12,0
2025-12-01 02:00:00+00:00,4239.331,4246.989,4215.434,4245.32,60239.0,4,0,12,0
2025-12-01 06:00:00+00:00,4245.286,4262.278,4238.457,4254.634,50324.0,8,0,12,0
2025-12-01 10:00:00+00:00,4254.639,4264.527,4219.538,4232.544,104694.0,12,0,12,1
2025-12-01 14:00:00+00:00,4232.589,4244.667,4223.127,4236.851,93254.0,16,0,12,3
2025-12-01 18:00:00+00:00,4236.819,4241.568,4224.423,4227.679,35154.0,20,0,12,0
2025-12-01 22:00:00+00:00,4227.704,4229.766,4191.383,4216.927,82175.0,0,1,12,0
2025-12-02 02:00:00+00:00,4216.813,4226.313,4203.258,4213.307,54263.0,4,1,12,0
2025-12-02 06:00:00+00:00,4213.386,4217.176,4180.945,4205.288,60499.0,8,1,12,0
2025-12-02 10:00:00+00:00,4205.254,4230.859,4163.545,4169.426,116182.0,12,1,12,1
2025-12-02 14:00:00+00:00,4169.474,4200.693,4166.912,4196.52,81670.0,16,1,12,3
2025-12-02 18:00:00+00:00,4196.557,4216.282,4194.887,4212.876,33717.0,20,1,12,0
2025-12-02 22:00:00+00:00,4212.913,4228.864,4204.339,4221.244,62147.0,0,2,12,0
2025-12-03 02:00:00+00:00,4221.182,4225.428,4199.959,4206.45,59898.0,4,2,12,0
2025-12-03 06:00:00+00:00,4206.496,4210.304,4194.48,4208.564,50697.0,8,2,12,0
2025-12-03 10:00:00+00:00,4208.537,4241.579,4205.093,4216.342,110457.0,12,2,12,1
2025-12-03 14:00:00+00:00,4216.307,4224.964,4195.226,4207.872,79035.0,16,2,12,3
2025-12-03 18:00:00+00:00,4207.83,4212.748,4202.395,4207.165,25996.0,20,2,12,0
2025-12-03 22:00:00+00:00,4207.102,4216.842,4187.215,4195.851,60915.0,0,3,12,0
2025-12-04 02:00:00+00:00,4195.762,4199.107,4174.834,4193.744,62813.0,4,3,12,0
2025-12-04 06:00:00+00:00,4193.713,4206.525,4183.694,4198.58,51890.0,8,3,12,0
2025-12-04 10:00:00+00:00,4198.625,4213.586,4185.475,4207.52,97246.0,12,3,12,1
2025-12-04 14:00:00+00:00,4207.493,4219.462,4199.599,4208.915,59542.0,16,3,12,3
2025-12-04 18:00:00+00:00,4208.908,4210.32,4203.865,4206.079,21076.0,20,3,12,0
2025-12-04 22:00:00+00:00,4206.077,4210.953,4194.824,4209.557,48395.0,0,4,12,0
2025-12-05 02:00:00+00:00,4209.544,4230.69,4207.82,4224.435,44444.0,4,4,12,0
2025-12-05 06:00:00+00:00,4224.409,4227.553,4215.939,4223.693,33286.0,8,4,12,0
2025-12-05 10:00:00+00:00,4223.718,4259.24,4221.524,4243.48,87302.0,12,4,12,1
2025-12-05 14:00:00+00:00,4243.536,4245.713,4198.651,4207.649,105759.0,16,4,12,3
2025-12-05 18:00:00+00:00,4207.69,4207.844,4191.863,4198.522,37392.0,20,4,12,0
2025-12-07 18:00:00+00:00,4202.426,4208.658,4190.004,4201.389,2183.0,20,6,12,0
2025-12-07 22:00:00+00:00,4201.433,4213.39,4197.543,4210.008,51021.0,0,0,12,0
2025-12-08 02:00:00+00:00,4210.029,4218.963,4204.603,4206.864,34522.0,4,0,12,0
2025-12-08 06:00:00+00:00,4206.863,4216.531,4199.694,4208.427,38119.0,8,0,12,0
2025-12-08 10:00:00+00:00,4208.391,4215.564,4176.137,4182.914,80879.0,12,0,12,1
2025-12-08 14:00:00+00:00,4182.891,4197.891,4177.147,4187.057,46537.0,16,0,12,3
2025-12-08 18:00:00+00:00,4187.017,4195.497,4184.927,4194.735,16173.0,20,0,12,0
2025-12-08 22:00:00+00:00,4194.74,4198.797,4185.986,4194.6,38566.0,0,1,12,0
2025-12-09 02:00:00+00:00,4194.523,4195.638,4170.097,4182.368,47042.0,4,1,12,0
2025-12-09 06:00:00+00:00,4182.344,4213.113,4182.344,4202.976,49787.0,8,1,12,0
2025-12-09 10:00:00+00:00,4203.021,4216.467,4189.391,4212.534,92595.0,12,1,12,1
2025-12-09 14:00:00+00:00,4212.475,4221.526,4201.215,4212.577,69144.0,16,1,12,3
2025-12-09 18:00:00+00:00,4212.54,4216.11,4207.231,4210.87,37842.0,20,1,12,0
2025-12-09 22:00:00+00:00,4210.804,4218.778,4203.765,4206.3,49395.0,0,2,12,0
2025-12-10 02:00:00+00:00,4206.378,4214.386,4201.77,4203.392,38292.0,4,2,12,0
2025-12-10 06:00:00+00:00,4203.357,4206.566,4187.729,4197.208,43319.0,8,2,12,0
2025-12-10 10:00:00+00:00,4197.254,4207.115,4188.957,4193.62,72570.0,12,2,12,1
2025-12-10 14:00:00+00:00,4193.659,4219.829,4181.683,4216.405,103921.0,16,2,12,3
2025-12-10 18:00:00+00:00,4216.372,4238.679,4210.988,4232.47,61777.0,20,2,12,0
2025-12-10 22:00:00+00:00,4232.448,4247.781,4209.358,4216.788,71034.0,0,3,12,0
2025-12-11 02:00:00+00:00,4216.738,4218.689,4204.244,4216.079,50992.0,4,3,12,0
2025-12-11 06:00:00+00:00,4216.053,4225.915,4209.658,4211.174,63634.0,8,3,12,0
2025-12-11 10:00:00+00:00,4211.197,4261.54,4205.192,4256.004,172701.0,12,3,12,1
2025-12-11 14:00:00+00:00,4255.933,4285.946,4250.094,4273.616,156486.0,16,3,12,3
2025-12-11 18:00:00+00:00,4273.591,4283.664,4264.227,4276.523,66352.0,20,3,12,0
2025-12-11 22:00:00+00:00,4276.471,4280.201,4264.738,4270.609,55217.0,0,4,12,0
2025-12-12 02:00:00+00:00,4270.566,4290.557,4266.085,4287.227,36888.0,4,4,12,0
2025-12-12 06:00:00+00:00,4287.105,4339.315,4287.001,4336.449,63070.0,8,4,12,0
2025-12-12 10:00:00+00:00,4336.418,4353.561,4283.082,4290.494,165915.0,12,4,12,1
2025-12-12 14:00:00+00:00,4290.446,4303.627,4256.958,4296.552,159821.0,16,4,12,3
2025-12-12 18:00:00+00:00,4296.527,4304.293,4288.403,4300.983,25877.0,20,4,12,0
2025-12-14 18:00:00+00:00,4300.525,4308.446,4299.86,4302.391,9964.0,20,6,12,0
2025-12-14 22:00:00+00:00,4302.443,4329.634,4300.079,4327.075,51758.0,0,0,12,0
2025-12-15 02:00:00+00:00,4327.155,4347.527,4323.092,4339.349,45125.0,4,0,12,0
2025-12-15 06:00:00+00:00,4339.321,4350.28,4335.405,4342.747,37457.0,8,0,12,0
2025-12-15 10:00:00+00:00,4342.821,4348.46,4311.433,4318.307,110678.0,12,0,12,1
2025-12-15 14:00:00+00:00,4318.339,4318.968,4285.18,4314.227,88982.0,16,0,12,3
2025-12-15 18:00:00+00:00,4314.176,4314.429,4299.462,4304.15,26632.0,20,0,12,0
2025-12-15 22:00:00+00:00,4304.132,4317.888,4280.571,4290.839,78569.0,0,1,12,0
2025-12-16 02:00:00+00:00,4290.867,4292.278,4271.599,4287.643,54308.0,4,1,12,0
2025-12-16 06:00:00+00:00,4287.577,4289.537,4273.752,4278.382,44612.0,8,1,12,0
2025-12-16 10:00:00+00:00,4278.422,4335.137,4276.726,4319.805,110500.0,12,1,12,1
2025-12-16 14:00:00+00:00,4319.758,4323.244,4291.032,4310.697,83903.0,16,1,12,3
2025-12-16 18:00:00+00:00,4310.676,4314.379,4300.693,4307.86,23373.0,20,1,12,0
2025-12-16 22:00:00+00:00,4307.905,4327.864,4307.366,4323.639,61596.0,0,2,12,0
2025-12-17 02:00:00+00:00,4323.67,4342.53,4315.555,4317.899,58032.0,4,2,12,0
2025-12-17 06:00:00+00:00,4317.798,4323.221,4306.453,4316.409,42869.0,8,2,12,0
2025-12-17 10:00:00+00:00,4316.457,4349.297,4314.921,4330.188,109423.0,12,2,12,1
2025-12-17 14:00:00+00:00,4330.239,4346.439,4320.312,4336.967,94503.0,16,2,12,3
2025-12-17 18:00:00+00:00,4336.935,4346.328,4335.163,4339.201,24310.0,20,2,12,0
2025-12-17 22:00:00+00:00,4339.15,4342.916,4324.174,4333.104,58563.0,0,3,12,0
2025-12-18 02:00:00+00:00,4333.155,4337.756,4328.576,4331.418,38918.0,4,3,12,0
2025-12-18 06:00:00+00:00,4331.379,4332.592,4320.584,4325.567,36757.0,8,3,12,0
2025-12-18 10:00:00+00:00,4325.572,4343.102,4308.645,4338.221,119968.0,12,3,12,1
2025-12-18 14:00:00+00:00,4338.265,4374.641,4321.692,4324.944,134566.0,16,3,12,3
2025-12-18 18:00:00+00:00,4324.992,4338.134,4324.48,4335.144,27336.0,20,3,12,0
2025-12-18 22:00:00+00:00,4335.17,4335.812,4309.271,4318.024,58486.0,0,4,12,0
2025-12-19 02:00:00+00:00,4318.031,4329.55,4316.9,4322.756,43874.0,4,4,12,0
2025-12-19 06:00:00+00:00,4322.716,4333.59,4321.069,4327.238,38893.0,8,4,12,0
2025-12-19 10:00:00+00:00,4327.29,4349.079,4319.73,4347.8,89449.0,12,4,12,1
2025-12-19 14:00:00+00:00,4347.746,4356.559,4341.968,4345.356,63138.0,16,4,12,3
2025-12-19 18:00:00+00:00,4345.299,4346.355,4336.632,4339.365,16186.0,20,4,12,0
2025-12-21 18:00:00+00:00,4340.939,4356.441,4339.944,4355.369,8010.0,20,6,12,0
2025-12-21 22:00:00+00:00,4355.312,4394.991,4355.312,4392.633,61421.0,0,0,12,0
2025-12-22 02:00:00+00:00,4392.625,4420.347,4391.303,4414.352,51070.0,4,0,12,0
2025-12-22 06:00:00+00:00,4414.28,4415.95,4406.138,4410.296,35236.0,8,0,12,0
2025-12-22 10:00:00+00:00,4410.249,4435.528,4406.22,4431.837,80965.0,12,0,12,1
2025-12-22 14:00:00+00:00,4431.736,4442.273,4428.043,4433.487,48659.0,16,0,12,3
2025-12-22 18:00:00+00:00,4433.449,4461.751,4431.723,4460.243,24783.0,20,0,12,0
2025-12-22 22:00:00+00:00,4460.236,4497.785,4458.069,4486.863,63412.0,0,1,12,0
2025-12-23 02:00:00+00:00,4486.851,4489.679,4469.49,4486.692,44612.0,4,1,12,0
2025-12-23 06:00:00+00:00,4486.656,4494.137,4478.195,4493.501,39223.0,8,1,12,0
2025-12-23 10:00:00+00:00,4493.464,4497.329,4430.554,4458.511,127722.0,12,1,12,1
2025-12-23 14:00:00+00:00,4458.471,4496.309,4455.893,4490.86,65732.0,16,1,12,3
2025-12-23 18:00:00+00:00,4490.896,4510.399,4483.568,4503.344,29687.0,20,1,12,0
2025-12-23 22:00:00+00:00,4503.359,4525.987,4468.842,4493.138,92289.0,0,2,12,0
2025-12-24 02:00:00+00:00,4493.18,4501.566,4483.45,4483.925,48156.0,4,2,12,0
2025-12-24 06:00:00+00:00,4483.975,4499.899,4478.126,4491.476,49301.0,8,2,12,0
2025-12-24 10:00:00+00:00,4491.512,4496.05,4448.294,4458.334,113071.0,12,2,12,1
2025-12-24 14:00:00+00:00,4458.382,4487.611,4455.934,4480.715,45694.0,16,2,12,3
2025-12-25 18:00:00+00:00,4486.193,4500.024,4484.47,4495.245,9581.0,20,3,12,0
2025-12-25 22:00:00+00:00,4495.172,4531.26,4492.254,4501.836,89037.0,0,4,12,0
2025-12-26 02:00:00+00:00,4501.732,4519.411,4500.573,4510.957,46348.0,4,4,12,0
2025-12-26 06:00:00+00:00,4510.994,4523.845,4502.773,4509.647,46583.0,8,4,12,0
2025-12-26 10:00:00+00:00,4509.611,4547.66,4503.915,4546.678,100776.0,12,4,12,1
2025-12-26 14:00:00+00:00,4546.631,4550.218,4509.84,4523.759,100178.0,16,4,12,3
2025-12-26 18:00:00+00:00,4523.796,4535.346,4521.822,4532.568,32466.0,20,4,12,0
2025-12-28 18:00:00+00:00,4546.214,4548.5,4523.347,4527.184,25350.0,20,6,12,0
2025-12-28 22:00:00+00:00,4527.21,4528.013,4472.314,4516.325,135818.0,0,0,12,0
2025-12-29 02:00:00+00:00,4516.34,4519.452,4444.935,4474.592,106437.0,4,0,12,0
2025-12-29 06:00:00+00:00,4474.713,4488.661,4434.21,4446.684,89964.0,8,0,12,0
2025-12-29 10:00:00+00:00,4446.71,4467.761,4302.137,4325.328,202136.0,12,0,12,1
2025-12-29 14:00:00+00:00,4325.282,4347.549,4314.689,4336.993,110362.0,16,0,12,3
2025-12-29 18:00:00+00:00,4337.018,4347.18,4323.334,4345.645,42507.0,20,0,12,0
2025-12-29 22:00:00+00:00,4345.569,4369.288,4324.366,4359.264,84118.0,0,1,12,0
2025-12-30 02:00:00+00:00,4359.285,4383.54,4357.584,4372.569,66239.0,4,1,12,0
2025-12-30 06:00:00+00:00,4372.625,4391.783,4350.137,4384.409,60514.0,8,1,12,0
2025-12-30 10:00:00+00:00,4384.366,4404.215,4355.758,4365.096,125402.0,12,1,12,1
2025-12-30 14:00:00+00:00,4365.132,4381.803,4337.569,4348.624,81823.0,16,1,12,3
2025-12-30 18:00:00+00:00,4348.649,4355.571,4328.508,4338.922,48030.0,20,1,12,0
2025-12-30 22:00:00+00:00,4338.986,4373.417,4332.501,4348.586,97769.0,0,2,12,0
2025-12-31 02:00:00+00:00,4348.545,4351.368,4274.379,4331.108,107574.0,4,2,12,0
2025-12-31 06:00:00+00:00,4331.079,4337.346,4303.336,4311.005,68589.0,8,2,12,0
2025-12-31 10:00:00+00:00,4310.906,4353.617,4303.096,4337.274,104990.0,12,2,12,1
2025-12-31 14:00:00+00:00,4337.321,4339.737,4307.289,4311.253,52211.0,16,2,12,3
2025-12-31 18:00:00+00:00,4311.052,4324.245,4304.157,4318.847,12405.0,20,2,12,0
2026-01-01 18:00:00+00:00,4328.34,4351.517,4327.659,4348.337,8191.0,20,3,1,0
2026-01-01 22:00:00+00:00,4348.358,4375.846,4341.316,4375.173,49604.0,0,4,1,0
2026-01-02 02:00:00+00:00,4375.13,4383.363,4370.946,4382.8,40981.0,4,4,1,0
2026-01-02 06:00:00+00:00,4382.763,4399.384,4380.479,4392.898,40369.0,8,4,1,0
2026-01-02 10:00:00+00:00,4392.866,4402.406,4330.222,4335.47,129372.0,12,4,1,1
2026-01-02 14:00:00+00:00,4335.417,4337.403,4309.669,4318.185,102532.0,16,4,1,3
2026-01-02 18:00:00+00:00,4318.228,4333.948,4317.194,4331.759,20455.0,20,4,1,0
2026-01-04 18:00:00+00:00,4353.486,4375.948,4349.802,4372.57,15718.0,20,6,1,0
2026-01-04 22:00:00+00:00,4372.597,4421.112,4370.227,4399.941,115855.0,0,0,1,0
2026-01-05 02:00:00+00:00,4399.909,4426.559,4397.451,4421.826,57522.0,4,0,1,0
2026-01-05 06:00:00+00:00,4421.826,4440.011,4411.073,4419.349,56268.0,8,0,1,0
2026-01-05 10:00:00+00:00,4419.316,4455.685,4395.895,4448.524,122338.0,12,0,1,1
2026-01-05 14:00:00+00:00,4448.559,4454.476,4432.261,4439.845,70455.0,16,0,1,3
2026-01-05 18:00:00+00:00,4439.805,4460.318,4436.871,4440.334,29604.0,20,0,1,0
2026-01-05 22:00:00+00:00,4440.402,4468.212,4427.675,4467.733,75022.0,0,1,1,0
2026-01-06 02:00:00+00:00,4467.682,4474.262,4449.432,4459.479,57252.0,4,1,1,0
2026-01-06 06:00:00+00:00,4459.429,4476.002,4442.565,4463.377,54946.0,8,1,1,0
2026-01-06 10:00:00+00:00,4463.319,4490.896,4453.975,4478.351,98838.0,12,1,1,1
2026-01-06 14:00:00+00:00,4478.386,4494.128,4471.616,4481.409,68616.0,16,1,1,3
2026-01-06 18:00:00+00:00,4481.378,4500.541,4480.296,4493.261,25568.0,20,1,1,0
2026-01-06 22:00:00+00:00,4493.308,4495.916,4459.455,4474.683,86780.0,0,2,1,0
2026-01-07 02:00:00+00:00,4474.633,4476.068,4441.419,4461.273,77247.0,4,2,1,0
2026-01-07 06:00:00+00:00,4461.183,4474.841,4446.537,4447.469,48108.0,8,2,1,0
2026-01-07 10:00:00+00:00,4447.513,4455.125,4423.563,4446.078,124899.0,12,2,1,1
2026-01-07 14:00:00+00:00,4446.044,4468.377,4443.91,4456.852,70756.0,16,2,1,3
2026-01-07 18:00:00+00:00,4456.896,4464.17,4449.759,4463.418,28316.0,20,2,1,0
2026-01-07 22:00:00+00:00,4463.383,4466.48,4433.406,4440.299,72217.0,0,3,1,0
2026-01-08 02:00:00+00:00,4440.323,4440.56,4415.539,4431.056,73404.0,4,3,1,0
2026-01-08 06:00:00+00:00,4430.981,4435.485,4419.832,4422.728,49705.0,8,3,1,0
2026-01-08 10:00:00+00:00,4422.769,4456.541,4407.58,4454.101,123463.0,12,3,1,1
2026-01-08 14:00:00+00:00,4454.15,4465.479,4444.332,4452.141,67539.0,16,3,1,3
2026-01-08 18:00:00+00:00,4452.02,4484.208,4451.417,4475.597,34209.0,20,3,1,0
2026-01-08 22:00:00+00:00,4475.632,4476.742,4452.819,4464.219,64018.0,0,4,1,0
2026-01-09 02:00:00+00:00,4464.226,4477.413,4458.062,4470.263,45308.0,4,4,1,0
2026-01-09 06:00:00+00:00,4470.267,4477.674,4463.971,4475.43,36756.0,8,4,1,0
2026-01-09 10:00:00+00:00,4475.353,4517.18,4458.906,4512.273,132684.0,12,4,1,1
2026-01-09 14:00:00+00:00,4512.371,4514.336,4482.001,4499.322,75797.0,16,4,1,3
2026-01-09 18:00:00+00:00,4499.294,4511.246,4497.752,4509.075,20106.0,20,4,1,0
2026-01-11 18:00:00+00:00,4517.918,4545.041,4517.918,4539.96,13272.0,20,6,1,0
2026-01-11 22:00:00+00:00,4540.016,4601.22,4536.245,4570.658,126188.0,0,0,1,0
2026-01-12 02:00:00+00:00,4570.695,4589.681,4563.506,4587.7,59998.0,4,0,1,0
2026-01-12 06:00:00+00:00,4587.743,4599.363,4579.546,4585.272,54608.0,8,0,1,0
2026-01-12 10:00:00+00:00,4585.261,4627.426,4578.521,4621.268,129814.0,12,0,1,1
2026-01-12 14:00:00+00:00,4621.242,4630.183,4600.443,4611.112,72797.0,16,0,1,3
2026-01-12 18:00:00+00:00,4611.138,4611.735,4577.95,4599.371,44100.0,20,0,1,0
2026-01-12 22:00:00+00:00,4599.408,4599.73,4575.522,4594.166,70327.0,0,1,1,0
2026-01-13 02:00:00+00:00,4594.122,4602.247,4573.304,4580.548,54190.0,4,1,1,0
2026-01-13 06:00:00+00:00,4580.515,4597.255,4579.536,4588.503,42548.0,8,1,1,0
2026-01-13 10:00:00+00:00,4588.599,4634.727,4577.847,4619.108,120914.0,12,1,1,1
2026-01-13 14:00:00+00:00,4619.001,4620.751,4581.065,4597.503,92894.0,16,1,1,3
2026-01-13 18:00:00+00:00,4597.539,4598.871,4569.234,4597.136,39326.0,20,1,1,0
2026-01-13 22:00:00+00:00,4597.181,4630.088,4597.14,4628.238,65022.0,0,2,1,0
2026-01-14 02:00:00+00:00,4628.316,4639.961,4617.775,4632.634,67413.0,4,2,1,0
2026-01-14 06:00:00+00:00,4632.53,4639.71,4621.938,4630.316,50811.0,8,2,1,0
2026-01-14 10:00:00+00:00,4630.412,4642.045,4599.321,4617.855,125250.0,12,2,1,1
2026-01-14 14:00:00+00:00,4617.892,4643.189,4601.076,4639.223,93334.0,16,2,1,3
2026-01-14 18:00:00+00:00,4639.219,4641.596,4602.84,4615.294,57259.0,20,2,1,0
2026-01-14 22:00:00+00:00,4615.266,4618.206,4581.084,4592.282,108453.0,0,3,1,0
2026-01-15 02:00:00+00:00,4592.258,4613.59,4580.995,4601.818,69375.0,4,3,1,0
2026-01-15 06:00:00+00:00,4601.775,4623.032,4597.807,4619.132,47743.0,8,3,1,0
2026-01-15 10:00:00+00:00,4619.184,4620.747,4582.03,4615.473,115753.0,12,3,1,1
2026-01-15 14:00:00+00:00,4615.438,4624.902,4601.189,4615.794,66159.0,16,3,1,3
2026-01-15 18:00:00+00:00,4615.881,4621.009,4600.75,4610.284,35599.0,20,3,1,0
2026-01-15 22:00:00+00:00,4610.315,4611.358,4591.237,4596.49,67529.0,0,4,1,0
2026-01-16 02:00:00+00:00,4596.353,4616.219,4593.851,4607.546,51450.0,4,4,1,0
2026-01-16 06:00:00+00:00,4607.519,4616.146,4598.594,4612.471,39372.0,8,4,1,0
2026-01-16 10:00:00+00:00,4612.51,4620.517,4536.729,4571.398,150874.0,12,4,1,1
2026-01-16 14:00:00+00:00,4571.351,4598.974,4567.921,4590.572,102970.0,16,4,1,3
2026-01-16 18:00:00+00:00,4590.587,4598.544,4580.849,4596.588,26291.0,20,4,1,0
2026-01-18 18:00:00+00:00,4655.358,4690.741,4653.848,4672.573,25599.0,20,6,1,0
2026-01-18 22:00:00+00:00,4672.63,4682.118,4653.161,4658.521,96034.0,0,0,1,0
2026-01-19 02:00:00+00:00,4658.556,4679.01,4658.174,4665.186,45006.0,4,0,1,0
2026-01-19 06:00:00+00:00,4665.14,4673.835,4659.573,4660.705,41681.0,8,0,1,0
2026-01-19 10:00:00+00:00,4660.676,4676.062,4660.054,4674.329,46351.0,12,0,1,1
2026-01-19 14:00:00+00:00,4674.283,4680.466,4667.038,4670.928,24913.0,16,0,1,3
2026-01-19 18:00:00+00:00,4673.44,4673.595,4664.575,4665.406,6593.0,20,0,1,0
2026-01-19 22:00:00+00:00,4665.371,4681.604,4659.471,4680.184,49687.0,0,1,1,0
2026-01-20 02:00:00+00:00,4680.124,4722.775,4679.661,4716.168,65273.0,4,1,1,0
2026-01-20 06:00:00+00:00,4716.195,4737.4,4715.0,4733.029,54906.0,8,1,1,0
2026-01-20 10:00:00+00:00,4732.985,4751.159,4715.24,4737.567,146514.0,12,1,1,1
2026-01-20 14:00:00+00:00,4737.525,4766.367,4729.022,4760.696,74232.0,16,1,1,3
2026-01-20 18:00:00+00:00,4760.699,4781.129,4747.418,4775.878,57933.0,20,1,1,0
2026-01-20 22:00:00+00:00,4775.829,4849.968,4770.74,4845.003,99979.0,0,2,1,0
2026-01-21 02:00:00+00:00,4845.003,4888.466,4832.476,4855.173,98792.0,4,2,1,0
2026-01-21 06:00:00+00:00,4855.142,4877.08,4851.529,4866.812,60918.0,8,2,1,0
2026-01-21 10:00:00+00:00,4866.845,4880.998,4812.704,4847.815,173352.0,12,2,1,1
2026-01-21 14:00:00+00:00,4847.861,4855.771,4755.898,4781.264,205652.0,16,2,1,3
2026-01-21 18:00:00+00:00,4781.216,4839.807,4772.382,4778.37,91409.0,20,2,1,0
2026-01-21 22:00:00+00:00,4778.245,4809.624,4772.208,4796.604,96857.0,0,3,1,0
2026-01-22 02:00:00+00:00,4796.582,4838.859,4793.688,4832.684,56388.0,4,3,1,0
2026-01-22 06:00:00+00:00,4832.659,4838.044,4813.895,4831.11,52126.0,8,3,1,0
2026-01-22 10:00:00+00:00,4831.061,4873.72,4810.693,4871.661,109096.0,12,3,1,1
2026-01-22 14:00:00+00:00,4871.715,4924.477,4868.085,4911.663,100772.0,16,3,1,3
2026-01-22 18:00:00+00:00,4911.7,4960.586,4911.361,4958.972,46487.0,20,3,1,0
2026-01-22 22:00:00+00:00,4959.011,4967.549,4936.338,4952.007,85763.0,0,4,1,0
2026-01-23 02:00:00+00:00,4951.971,4967.334,4943.365,4944.413,51558.0,4,4,1,0
2026-01-23 06:00:00+00:00,4944.349,4947.539,4899.542,4922.89,84705.0,8,4,1,0
2026-01-23 10:00:00+00:00,4922.999,4963.342,4918.292,4960.584,118193.0,12,4,1,1
2026-01-23 14:00:00+00:00,4960.611,4989.804,4958.26,4984.331,96365.0,16,4,1,3
2026-01-23 18:00:00+00:00,4984.297,4989.05,4970.597,4988.337,30968.0,20,4,1,0
2026-01-25 18:00:00+00:00,5019.847,5040.296,5003.575,5039.789,30710.0,20,6,1,0
2026-01-25 22:00:00+00:00,5039.821,5093.104,5029.102,5076.541,135117.0,0,0,1,0
2026-01-26 02:00:00+00:00,5076.571,5111.173,5052.349,5089.275,111316.0,4,0,1,0
2026-01-26 06:00:00+00:00,5089.234,5098.657,5075.426,5091.438,72803.0,8,0,1,0
2026-01-26 10:00:00+00:00,5091.406,5097.382,5054.528,5090.917,145392.0,12,0,1,1
2026-01-26 14:00:00+00:00,5090.891,5105.21,5008.256,5028.697,249552.0,16,0,1,3
2026-01-26 18:00:00+00:00,5028.749,5062.294,4989.632,5043.629,134572.0,20,0,1,0
2026-01-26 22:00:00+00:00,5043.588,5079.843,5013.485,5076.871,130892.0,0,1,1,0
2026-01-27 02:00:00+00:00,5076.819,5100.962,5057.398,5086.128,89419.0,4,1,1,0
2026-01-27 06:00:00+00:00,5086.063,5099.601,5066.866,5076.758,76695.0,8,1,1,0
2026-01-27 10:00:00+00:00,5076.702,5092.971,5046.465,5091.119,200357.0,12,1,1,1
2026-01-27 14:00:00+00:00,5091.011,5103.151,5076.203,5098.926,130496.0,16,1,1,3
2026-01-27 18:00:00+00:00,5098.952,5190.49,5097.894,5172.433,141261.0,20,1,1,0
2026-01-27 22:00:00+00:00,5172.389,5247.708,5157.059,5234.977,156627.0,0,2,1,0
2026-01-28 02:00:00+00:00,5234.951,5292.871,5232.359,5290.397,97643.0,4,2,1,0
2026-01-28 06:00:00+00:00,5290.355,5311.57,5238.593,5261.638,123077.0,8,2,1,0
2026-01-28 10:00:00+00:00,5261.7,5298.177,5235.274,5278.235,246523.0,12,2,1,1
2026-01-28 14:00:00+00:00,5278.276,5332.251,5268.44,5325.408,240227.0,16,2,1,3
2026-01-28 18:00:00+00:00,5325.304,5570.018,5320.898,5513.022,187531.0,20,2,1,0
2026-01-28 22:00:00+00:00,5512.989,5551.669,5445.471,5545.769,277860.0,0,3,1,0
2026-01-29 02:00:00+00:00,5545.731,5595.324,5516.135,5548.968,192304.0,4,3,1,0
2026-01-29 06:00:00+00:00,5548.933,5554.979,5470.728,5522.656,168067.0,8,3,1,0
2026-01-29 10:00:00+00:00,5522.629,5549.516,5094.978,5182.833,260426.0,12,3,1,1
2026-01-29 14:00:00+00:00,5182.783,5375.47,5171.927,5305.838,274486.0,16,3,1,3
2026-01-29 18:00:00+00:00,5305.702,5448.655,5282.814,5438.589,112720.0,20,3,1,0
2026-01-29 22:00:00+00:00,5438.551,5450.917,5112.046,5196.572,536337.0,0,4,1,0
2026-01-30 02:00:00+00:00,5196.523,5241.638,5117.625,5181.14,294687.0,4,4,1,0
2026-01-30 06:00:00+00:00,5181.197,5181.197,4940.267,5136.072,496500.0,8,4,1,0
2026-01-30 10:00:00+00:00,5136.076,5145.942,4980.398,5050.424,465275.0,12,4,1,1
2026-01-30 14:00:00+00:00,5050.472,5051.665,4682.526,4932.661,421986.0,16,4,1,3
2026-01-30 18:00:00+00:00,4932.701,4932.995,4809.015,4891.496,101348.0,20,4,1,0
2026-02-01 18:00:00+00:00,4793.519,4819.788,4697.912,4741.422,41049.0,20,6,2,0
2026-02-01 22:00:00+00:00,4741.538,4884.887,4585.336,4646.606,320700.0,0,0,2,0
2026-02-02 02:00:00+00:00,4646.505,4713.526,4402.065,4587.115,313287.0,4,0,2,0
2026-02-02 06:00:00+00:00,4587.054,4779.711,4561.465,4766.028,213498.0,8,0,2,0
2026-02-02 10:00:00+00:00,4765.857,4812.462,4617.128,4619.977,308434.0,12,0,2,1
2026-02-02 14:00:00+00:00,4620.053,4714.137,4596.499,4685.389,189744.0,16,0,2,3
2026-02-02 18:00:00+00:00,4685.485,4775.102,4643.759,4774.148,86194.0,20,0,2,0
2026-02-02 22:00:00+00:00,4774.235,4856.919,4745.492,4809.16,188582.0,0,1,2,0
2026-02-03 02:00:00+00:00,4809.275,4933.737,4800.641,4917.091,110784.0,4,1,2,0
2026-02-03 06:00:00+00:00,4917.171,4949.853,4883.513,4916.915,79733.0,8,1,2,0
2026-02-03 10:00:00+00:00,4916.793,4950.959,4892.211,4935.431,144748.0,12,1,2,1
2026-02-03 14:00:00+00:00,4935.346,4993.644,4880.34,4927.265,169280.0,16,1,2,3
2026-02-03 18:00:00+00:00,4927.176,4972.098,4902.293,4947.171,54167.0,20,1,2,0
2026-02-03 22:00:00+00:00,4947.389,5073.532,4945.691,5069.922,103356.0,0,2,2,0
2026-02-04 02:00:00+00:00,5070.008,5091.39,5051.114,5084.614,53501.0,4,2,2,0
2026-02-04 06:00:00+00:00,5084.618,5091.872,5013.426,5047.674,57729.0,8,2,2,0
2026-02-04 10:00:00+00:00,5047.564,5063.544,4887.435,4920.546,162422.0,12,2,2,1
2026-02-04 14:00:00+00:00,4920.428,4958.02,4852.022,4941.839,154029.0,16,2,2,3
2026-02-04 18:00:00+00:00,4941.701,5023.781,4914.17,5012.195,35858.0,20,2,2,0
2026-02-04 22:00:00+00:00,5012.269,5020.391,4788.583,4880.507,198976.0,0,3,2,0
2026-02-05 02:00:00+00:00,4880.431,4940.846,4826.205,4915.076,112974.0,4,3,2,0
2026-02-05 06:00:00+00:00,4915.205,4943.52,4847.359,4868.287,100652.0,8,3,2,0
2026-02-05 10:00:00+00:00,4868.302,4877.993,4800.54,4817.668,222445.0,12,3,2,1
2026-02-05 14:00:00+00:00,4817.565,4906.912,4812.292,4829.26,131693.0,16,3,2,3
2026-02-05 18:00:00+00:00,4829.338,4843.095,4703.348,4703.69,61159.0,20,3,2,0
2026-02-05 22:00:00+00:00,4703.682,4846.533,4655.098,4824.288,173557.0,0,4,2,0
2026-02-06 02:00:00+00:00,4824.155,4903.182,4807.122,4841.062,72998.0,4,4,2,0
2026-02-06 06:00:00+00:00,4840.986,4895.912,4829.537,4887.1,63760.0,8,4,2,0
2026-02-06 10:00:00+00:00,4887.192,4964.74,4871.067,4943.413,96405.0,12,4,2,1
2026-02-06 14:00:00+00:00,4943.54,4971.378,4921.865,4957.112,49760.0,16,4,2,3
2026-02-06 18:00:00+00:00,4956.961,4968.309,4936.583,4968.204,16271.0,20,4,2,0
2026-02-08 18:00:00+00:00,4967.733,5046.912,4964.615,5035.956,13974.0,20,6,2,0
2026-02-08 22:00:00+00:00,5036.031,5045.042,4969.116,5016.186,74330.0,0,0,2,0
2026-02-09 02:00:00+00:00,5016.471,5045.76,4997.144,5006.39,49607.0,4,0,2,0
2026-02-09 06:00:00+00:00,5006.315,5040.785,4982.082,5010.646,50135.0,8,0,2,0
2026-02-09 10:00:00+00:00,5010.953,5060.207,4994.995,5058.777,69572.0,12,0,2,1
2026-02-09 14:00:00+00:00,5058.963,5080.748,5040.953,5074.561,39479.0,16,0,2,3
2026-02-09 18:00:00+00:00,5074.731,5086.709,4987.234,5031.915,32116.0,20,0,2,0
2026-02-09 22:00:00+00:00,5031.841,5056.289,5008.545,5030.118,66061.0,0,1,2,0
2026-02-10 02:00:00+00:00,5029.821,5045.573,5011.204,5033.934,43529.0,4,1,2,0
2026-02-10 06:00:00+00:00,5033.829,5063.09,5029.079,5055.936,36869.0,8,1,2,0
2026-02-10 10:00:00+00:00,5056.077,5078.586,4998.788,5019.698,72486.0,12,1,2,1
2026-02-10 14:00:00+00:00,5019.781,5040.07,5004.525,5028.074,45593.0,16,1,2,3
2026-02-10 18:00:00+00:00,5028.027,5054.468,5020.207,5041.562,32767.0,20,1,2,0
2026-02-10 22:00:00+00:00,5041.628,5061.015,5028.139,5054.486,37899.0,0,2,2,0
2026-02-11 02:00:00+00:00,5054.485,5069.151,5043.393,5055.474,33616.0,4,2,2,0
2026-02-11 06:00:00+00:00,5055.442,5116.816,5045.608,5111.602,39193.0,8,2,2,0
2026-02-11 10:00:00+00:00,5111.679,5119.191,5018.785,5060.311,105814.0,12,2,2,1
2026-02-11 14:00:00+00:00,5060.174,5098.956,5042.689,5082.143,49010.0,16,2,2,3
2026-02-11 18:00:00+00:00,5082.036,5100.174,5052.904,5061.409,22218.0,20,2,2,0
2026-02-11 22:00:00+00:00,5061.317,5074.653,5045.006,5056.951,45133.0,0,3,2,0
2026-02-12 02:00:00+00:00,5056.978,5078.22,5046.954,5063.645,30803.0,4,3,2,0
2026-02-12 06:00:00+00:00,5063.947,5080.941,5052.256,5064.072,26809.0,8,3,2,0
2026-02-12 10:00:00+00:00,5064.006,5083.751,5039.018,5060.611,50678.0,12,3,2,1
2026-02-12 14:00:00+00:00,5060.516,5068.045,4878.401,4945.686,203630.0,16,3,2,3
2026-02-12 18:00:00+00:00,4945.604,4948.413,4887.596,4920.142,36800.0,20,3,2,0
2026-02-12 22:00:00+00:00,4920.057,4991.766,4913.678,4981.499,55805.0,0,4,2,0
2026-02-13 02:00:00+00:00,4981.466,4997.191,4945.059,4974.851,42100.0,4,4,2,0
2026-02-13 06:00:00+00:00,4974.926,4989.635,4933.5,4954.047,40871.0,8,4,2,0
2026-02-13 10:00:00+00:00,4954.034,5020.674,4951.836,4977.022,89954.0,12,4,2,1
2026-02-13 14:00:00+00:00,4977.129,5046.075,4975.115,5023.59,50630.0,16,4,2,3
2026-02-13 18:00:00+00:00,5023.753,5046.131,5021.291,5042.635,19432.0,20,4,2,0
2026-02-15 18:00:00+00:00,5026.79,5032.195,5010.097,5019.875,10062.0,20,6,2,0
2026-02-15 22:00:00+00:00,5019.8,5031.437,4975.127,4987.739,36926.0,0,0,2,0
2026-02-16 02:00:00+00:00,4987.693,5009.96,4964.461,5007.22,28576.0,4,0,2,0
2026-02-16 06:00:00+00:00,5007.293,5017.238,4995.73,5004.255,24179.0,8,0,2,0
2026-02-16 10:00:00+00:00,5004.234,5008.114,4968.843,4979.754,29444.0,12,0,2,1
2026-02-16 14:00:00+00:00,4979.664,4997.767,4972.93,4993.856,20201.0,16,0,2,3
2026-02-16 18:00:00+00:00,4998.125,5000.839,4985.313,4990.001,5079.0,20,0,2,0
2026-02-16 22:00:00+00:00,4989.835,4991.598,4922.718,4956.782,39626.0,0,1,2,0
2026-02-17 02:00:00+00:00,4956.839,4960.362,4858.578,4917.017,50586.0,4,1,2,0
2026-02-17 06:00:00+00:00,4916.936,4939.2,4907.584,4929.144,34830.0,8,1,2,0
2026-02-17 10:00:00+00:00,4929.066,4944.408,4841.051,4878.269,106214.0,12,1,2,1
2026-02-17 14:00:00+00:00,4878.353,4910.724,4849.847,4880.471,68428.0,16,1,2,3
2026-02-17 18:00:00+00:00,4880.396,4887.047,4853.898,4859.541,24967.0,20,1,2,0
2026-02-17 22:00:00+00:00,4859.227,4922.005,4858.398,4920.891,29973.0,0,2,2,0
2026-02-18 02:00:00+00:00,4920.962,4942.381,4918.467,4930.336,22083.0,4,2,2,0
2026-02-18 06:00:00+00:00,4930.414,4932.455,4906.246,4912.905,26176.0,8,2,2,0
2026-02-18 10:00:00+00:00,4912.892,5009.016,4911.903,4997.847,52635.0,12,2,2,1
2026-02-18 14:00:00+00:00,4998.104,5010.992,4972.837,4980.677,40751.0,16,2,2,3
2026-02-18 18:00:00+00:00,4980.6,4988.801,4961.014,4976.165,19325.0,20,2,2,0
2026-02-18 22:00:00+00:00,4975.968,4983.589,4960.438,4981.841,25587.0,0,3,2,0
2026-02-19 02:00:00+00:00,4981.759,5021.782,4976.954,5010.381,20638.0,4,3,2,0
2026-02-19 06:00:00+00:00,5010.308,5022.086,4977.984,4984.714,29743.0,8,3,2,0
2026-02-19 10:00:00+00:00,4984.638,5022.38,4963.25,5013.714,55789.0,12,3,2,1
2026-02-19 14:00:00+00:00,5013.798,5014.348,4975.182,4987.838,38376.0,16,3,2,3
2026-02-19 18:00:00+00:00,4987.861,5007.947,4985.635,4987.641,15674.0,20,3,2,0
2026-02-19 22:00:00+00:00,4987.609,5014.708,4981.584,4988.106,27101.0,0,4,2,0
2026-02-20 02:00:00+00:00,4988.202,5030.129,4986.533,5006.545,23962.0,4,4,2,0
2026-02-20 06:00:00+00:00,5006.624,5042.524,5004.955,5017.41,28645.0,8,4,2,0
2026-02-20 10:00:00+00:00,5017.483,5064.047,4988.802,5042.512,98869.0,12,4,2,1
2026-02-20 14:00:00+00:00,5042.437,5079.95,5038.558,5079.312,63889.0,16,4,2,3
2026-02-20 18:00:00+00:00,5079.538,5108.206,5076.719,5105.788,15614.0,20,4,2,0
2026-02-22 18:00:00+00:00,5111.774,5171.925,5108.698,5165.43,11039.0,20,6,2,0
2026-02-22 22:00:00+00:00,5165.423,5176.648,5129.453,5166.872,48757.0,0,0,2,0
2026-02-23 02:00:00+00:00,5166.856,5168.459,5125.0,5136.784,31674.0,4,0,2,0
2026-02-23 06:00:00+00:00,5136.337,5163.504,5122.079,5149.902,30735.0,8,0,2,0
2026-02-23 10:00:00+00:00,5149.811,5205.155,5141.198,5196.309,51895.0,12,0,2,1
2026-02-23 14:00:00+00:00,5196.192,5219.227,5175.329,5215.561,53422.0,16,0,2,3
2026-02-23 18:00:00+00:00,5215.63,5249.58,5214.734,5235.99,21168.0,20,0,2,0
2026-02-23 22:00:00+00:00,5235.896,5237.837,5144.677,5172.029,71207.0,0,1,2,0
2026-02-24 02:00:00+00:00,5171.955,5185.686,5156.038,5179.307,34229.0,4,1,2,0
2026-02-24 06:00:00+00:00,5179.377,5181.913,5163.191,5172.892,28467.0,8,1,2,0
2026-02-24 10:00:00+00:00,5172.811,5173.599,5093.302,5150.197,79682.0,12,1,2,1
2026-02-24 14:00:00+00:00,5150.15,5170.051,5130.83,5154.12,38875.0,16,1,2,3
2026-02-24 18:00:00+00:00,5154.204,5173.233,5127.575,5146.596,19550.0,20,1,2,0
2026-02-24 22:00:00+00:00,5146.594,5194.025,5136.288,5182.218,41023.0,0,2,2,0
2026-02-25 02:00:00+00:00,5182.121,5210.572,5171.603,5184.692,27973.0,4,2,2,0
2026-02-25 06:00:00+00:00,5184.797,5197.222,5154.789,5181.628,29868.0,8,2,2,0
2026-02-25 10:00:00+00:00,5181.172,5202.608,5158.674,5194.997,46207.0,12,2,2,1
2026-02-25 14:00:00+00:00,5194.91,5217.601,5189.565,5205.148,33770.0,16,2,2,3
2026-02-25 18:00:00+00:00,5204.691,5206.326,5145.693,5163.182,34927.0,20,2,2,0
2026-02-25 22:00:00+00:00,5163.276,5198.283,5155.169,5192.733,45476.0,0,3,2,0
2026-02-26 02:00:00+00:00,5192.365,5205.645,5179.55,5185.817,26414.0,4,3,2,0
2026-02-26 06:00:00+00:00,5186.145,5190.884,5161.111,5164.435,32032.0,8,3,2,0
2026-02-26 10:00:00+00:00,5164.757,5192.771,5130.538,5185.288,74640.0,12,3,2,1
2026-02-26 14:00:00+00:00,5185.762,5194.022,5160.418,5187.123,47059.0,16,3,2,3
2026-02-26 18:00:00+00:00,5187.041,5200.917,5175.312,5184.468,18001.0,20,3,2,0
2026-02-26 22:00:00+00:00,5184.437,5199.856,5166.6,5184.125,37651.0,0,4,2,0
2026-02-27 02:00:00+00:00,5184.028,5200.672,5175.532,5176.152,27068.0,4,4,2,0
2026-02-27 06:00:00+00:00,5175.852,5185.354,5168.364,5185.354,24611.0,8,4,2,0
2026-02-27 10:00:00+00:00,5185.429,5246.542,5182.863,5239.416,68442.0,12,4,2,1
2026-02-27 14:00:00+00:00,5239.496,5257.649,5220.496,5250.137,51419.0,16,4,2,3
2026-02-27 18:00:00+00:00,5250.212,5281.384,5248.503,5279.159,15560.0,20,4,2,0
2026-03-01 18:00:00+00:00,5319.152,5393.461,5314.624,5386.625,16656.0,20,6,3,0
2026-03-01 22:00:00+00:00,5386.841,5388.309,5303.001,5366.264,90816.0,0,0,3,0
2026-03-02 02:00:00+00:00,5366.257,5419.292,5340.633,5407.701,46503.0,4,0,3,0
2026-03-02 06:00:00+00:00,5407.622,5416.676,5374.929,5385.06,47025.0,8,0,3,0
2026-03-02 10:00:00+00:00,5385.145,5416.672,5306.381,5316.11,123161.0,12,0,3,1
2026-03-02 14:00:00+00:00,5316.025,5334.073,5260.137,5330.573,89646.0,16,0,3,3
2026-03-02 18:00:00+00:00,5330.662,5347.077,5321.562,5345.667,30971.0,20,0,3,0
2026-03-02 22:00:00+00:00,5345.672,5379.859,5332.434,5367.112,53676.0,0,1,3,0
2026-03-03 02:00:00+00:00,5367.203,5375.748,5278.941,5327.44,63678.0,4,1,3,0
2026-03-03 06:00:00+00:00,5327.337,5335.637,5073.38,5144.675,147092.0,8,1,3,0
2026-03-03 10:00:00+00:00,5144.766,5226.681,4995.748,5095.315,242356.0,12,1,3,1
2026-03-03 14:00:00+00:00,5095.229,5148.958,5065.045,5113.353,134690.0,16,1,3,3
2026-03-03 18:00:00+00:00,5113.158,5130.289,5083.016,5125.035,48744.0,20,1,3,0
2026-03-03 22:00:00+00:00,5125.067,5190.894,5105.658,5174.302,76928.0,0,2,3,0
2026-03-04 02:00:00+00:00,5174.5,5180.846,5121.644,5168.239,56369.0,4,2,3,0
2026-03-04 06:00:00+00:00,5168.332,5202.465,5147.264,5192.171,48875.0,8,2,3,0
2026-03-04 10:00:00+00:00,5192.098,5206.083,5130.834,5151.456,112901.0,12,2,3,1
2026-03-04 14:00:00+00:00,5151.572,5162.527,5108.599,5137.784,65242.0,16,2,3,3
2026-03-04 18:00:00+00:00,5137.709,5166.098,5123.429,5164.941,46153.0,20,2,3,0
2026-03-04 22:00:00+00:00,5164.866,5195.043,5159.573,5180.021,40291.0,0,3,3,0
2026-03-05 02:00:00+00:00,5180.321,5186.793,5120.576,5162.026,41810.0,4,3,3,0
2026-03-05 06:00:00+00:00,5162.179,5180.373,5137.448,5163.448,40935.0,8,3,3,0
2026-03-05 10:00:00+00:00,5163.459,5171.633,5059.781,5102.463,114393.0,12,3,3,1
2026-03-05 14:00:00+00:00,5102.444,5104.462,5050.66,5065.779,86029.0,16,3,3,3
2026-03-05 18:00:00+00:00,5065.626,5101.76,5061.593,5086.323,31090.0,20,3,3,0
2026-03-05 22:00:00+00:00,5086.227,5144.017,5066.14,5130.883,44016.0,0,4,3,0
2026-03-06 02:00:00+00:00,5131.201,5136.21,5105.578,5119.349,27439.0,4,4,3,0
2026-03-06 06:00:00+00:00,5119.62,5123.246,5062.463,5076.654,38613.0,8,4,3,0
2026-03-06 10:00:00+00:00,5076.803,5171.704,5065.362,5141.994,119342.0,12,4,3,1
2026-03-06 14:00:00+00:00,5141.912,5174.683,5125.778,5159.862,56626.0,16,4,3,3
2026-03-06 18:00:00+00:00,5159.939,5176.703,5149.44,5174.204,16646.0,20,4,3,0
2026-03-08 18:00:00+00:00,5178.932,5179.956,5044.114,5075.404,41934.0,20,6,3,0
2026-03-08 22:00:00+00:00,5075.709,5102.494,5014.403,5091.172,100343.0,0,0,3,0
2026-03-09 02:00:00+00:00,5091.067,5140.513,5080.782,5098.826,55310.0,4,0,3,0
2026-03-09 06:00:00+00:00,5098.745,5132.56,5079.249,5088.106,51632.0,8,0,3,0
2026-03-09 10:00:00+00:00,5088.189,5116.06,5060.369,5099.739,83457.0,12,0,3,1
2026-03-09 14:00:00+00:00,5099.435,5144.049,5088.903,5141.069,45329.0,16,0,3,3
2026-03-09 18:00:00+00:00,5141.169,5156.005,5117.611,5139.758,22311.0,20,0,3,0
2026-03-09 22:00:00+00:00,5139.394,5187.169,5124.496,5157.744,47751.0,0,1,3,0
2026-03-10 02:00:00+00:00,5157.288,5181.359,5154.425,5180.805,27144.0,4,1,3,0
2026-03-10 06:00:00+00:00,5180.861,5195.188,5156.482,5174.886,35965.0,8,1,3,0
2026-03-10 10:00:00+00:00,5174.884,5238.565,5162.559,5228.735,60163.0,12,1,3,1
2026-03-10 14:00:00+00:00,5228.82,5235.551,5160.15,5198.931,60760.0,16,1,3,3
2026-03-10 18:00:00+00:00,5198.797,5199.186,5182.675,5196.83,16877.0,20,1,3,0
2026-03-10 22:00:00+00:00,5196.904,5223.236,5186.588,5203.406,33531.0,0,2,3,0
2026-03-11 02:00:00+00:00,5203.327,5210.889,5184.429,5195.486,27328.0,4,2,3,0
2026-03-11 06:00:00+00:00,5195.382,5198.391,5175.047,5181.34,32420.0,8,2,3,0
2026-03-11 10:00:00+00:00,5181.061,5196.821,5149.185,5166.002,66907.0,12,2,3,1
2026-03-11 14:00:00+00:00,5166.304,5183.188,5154.011,5182.949,32339.0,16,2,3,3
2026-03-11 18:00:00+00:00,5182.864,5183.408,5129.605,5134.279,17154.0,20,2,3,0
2026-03-11 22:00:00+00:00,5134.137,5175.209,5125.354,5152.906,38505.0,0,3,3,0
2026-03-12 02:00:00+00:00,5152.988,5185.43,5137.289,5181.772,24792.0,4,3,3,0
2026-03-12 06:00:00+00:00,5181.88,5191.747,5172.526,5178.754,25939.0,8,3,3,0
2026-03-12 10:00:00+00:00,5178.843,5186.218,5109.488,5132.488,69395.0,12,3,3,1
2026-03-12 14:00:00+00:00,5132.11,5138.082,5079.027,5084.853,46527.0,16,3,3,3
2026-03-12 18:00:00+00:00,5084.777,5100.988,5054.73,5098.22,22091.0,20,3,3,0
2026-03-12 22:00:00+00:00,5098.146,5128.521,5097.233,5115.283,27703.0,0,4,3,0
2026-03-13 02:00:00+00:00,5115.469,5117.828,5071.708,5084.869,31100.0,4,4,3,0
2026-03-13 06:00:00+00:00,5085.174,5107.803,5061.376,5107.723,33845.0,8,4,3,0
2026-03-13 10:00:00+00:00,5107.439,5121.939,5031.552,5034.871,76767.0,12,4,3,1
2026-03-13 14:00:00+00:00,5034.775,5063.87,5009.577,5016.515,56203.0,16,4,3,3
2026-03-13 18:00:00+00:00,5016.598,5025.481,5012.19,5021.082,8101.0,20,4,3,0
2026-03-15 18:00:00+00:00,5016.992,5030.633,4966.709,4997.513,24410.0,20,6,3,0
2026-03-15 22:00:00+00:00,4997.44,5031.161,4982.495,5019.076,57566.0,0,0,3,0
2026-03-16 02:00:00+00:00,5019.207,5035.911,4991.655,4995.213,33900.0,4,0,3,0
2026-03-16 06:00:00+00:00,4995.292,5022.751,4969.99,4997.086,42867.0,8,0,3,0
2026-03-16 10:00:00+00:00,4997.162,5038.124,4983.826,4986.864,58371.0,12,0,3,1
2026-03-16 14:00:00+00:00,4986.942,5020.333,4973.869,5012.697,37576.0,16,0,3,3
2026-03-16 18:00:00+00:00,5012.625,5021.669,4998.605,5012.921,13772.0,20,0,3,0
2026-03-16 22:00:00+00:00,5012.92,5033.559,4994.332,5027.671,29853.0,0,1,3,0
2026-03-17 02:00:00+00:00,5027.372,5044.531,5004.927,5021.088,31143.0,4,1,3,0
2026-03-17 06:00:00+00:00,5021.046,5029.628,4991.577,5003.122,30319.0,8,1,3,0
2026-03-17 10:00:00+00:00,5003.047,5031.549,4973.324,4997.712,52638.0,12,1,3,1
2026-03-17 14:00:00+00:00,4998.066,5009.052,4991.663,5000.144,29076.0,16,1,3,3
2026-03-17 18:00:00+00:00,5000.348,5006.449,4993.315,5002.757,19915.0,20,1,3,0
2026-03-17 22:00:00+00:00,5002.81,5016.069,4986.261,4991.405,28102.0,0,2,3,0
2026-03-18 02:00:00+00:00,4991.387,5016.264,4981.601,4995.066,24636.0,4,2,3,0
2026-03-18 06:00:00+00:00,4994.692,4996.649,4924.833,4930.048,42227.0,8,2,3,0
2026-03-18 10:00:00+00:00,4930.424,4932.416,4833.982,4862.55,110487.0,12,2,3,1
2026-03-18 14:00:00+00:00,4862.624,4899.334,4837.979,4843.082,64855.0,16,2,3,3
2026-03-18 18:00:00+00:00,4843.14,4848.37,4804.058,4836.771,30908.0,20,2,3,0
2026-03-18 22:00:00+00:00,4836.662,4866.913,4832.813,4850.971,42118.0,0,3,3,0
2026-03-19 02:00:00+00:00,4850.946,4853.82,4727.011,4727.802,61966.0,4,3,3,0
2026-03-19 06:00:00+00:00,4728.053,4740.33,4650.592,4652.246,118945.0,8,3,3,0
2026-03-19 10:00:00+00:00,4651.888,4653.957,4502.516,4596.542,251893.0,12,3,3,1
2026-03-19 14:00:00+00:00,4596.617,4663.406,4573.69,4644.043,129557.0,16,3,3,3
2026-03-19 18:00:00+00:00,4643.671,4677.124,4634.152,4643.724,23729.0,20,3,3,0
2026-03-19 22:00:00+00:00,4643.652,4735.922,4639.258,4725.577,65267.0,0,4,3,0
2026-03-20 02:00:00+00:00,4725.676,4727.644,4661.317,4706.154,51617.0,4,4,3,0
2026-03-20 06:00:00+00:00,4706.235,4734.826,4636.934,4671.759,64397.0,8,4,3,0
2026-03-20 10:00:00+00:00,4671.837,4695.641,4540.423,4553.393,291701.0,12,4,3,1
2026-03-20 14:00:00+00:00,4553.174,4613.739,4477.064,4501.459,260970.0,16,4,3,3
2026-03-20 18:00:00+00:00,4501.674,4514.59,4493.539,4497.486,25486.0,20,4,3,0
2026-03-22 18:00:00+00:00,4477.889,4536.286,4449.157,4464.845,50807.0,20,6,3,0
2026-03-22 22:00:00+00:00,4464.544,4473.236,4319.458,4353.009,370345.0,0,0,3,0
2026-03-23 02:00:00+00:00,4353.07,4381.783,4098.363,4204.212,398171.0,4,0,3,0
2026-03-23 06:00:00+00:00,4204.285,4463.475,4202.813,4379.171,456468.0,8,0,3,0
2026-03-23 10:00:00+00:00,4378.796,4512.862,4336.794,4363.889,585753.0,12,0,3,1
2026-03-23 14:00:00+00:00,4363.482,4467.134,4352.292,4397.652,312626.0,16,0,3,3
2026-03-23 18:00:00+00:00,4397.536,4448.273,4361.217,4441.255,52655.0,20,0,3,0
2026-03-23 22:00:00+00:00,4441.187,4446.647,4305.524,4346.901,260773.0,0,1,3,0
2026-03-24 02:00:00+00:00,4346.85,4432.484,4319.6,4417.355,191905.0,4,1,3,0
2026-03-24 06:00:00+00:00,4417.308,4442.191,4375.176,4407.594,160252.0,8,1,3,0
2026-03-24 10:00:00+00:00,4407.691,4433.718,4351.152,4411.652,321034.0,12,1,3,1
2026-03-24 14:00:00+00:00,4411.73,4427.681,4372.133,4400.38,180876.0,16,1,3,3
2026-03-24 18:00:00+00:00,4400.088,4551.503,4397.118,4546.794,86444.0,20,1,3,0
2026-03-24 22:00:00+00:00,4546.886,4602.542,4537.371,4570.211,118314.0,0,2,3,0
2026-03-25 02:00:00+00:00,4570.216,4574.794,4532.929,4539.367,73666.0,4,2,3,0
2026-03-25 06:00:00+00:00,4539.497,4585.746,4527.453,4578.724,104724.0,8,2,3,0
2026-03-25 10:00:00+00:00,4578.648,4583.829,4521.804,4559.134,229691.0,12,2,3,1
2026-03-25 14:00:00+00:00,4559.077,4568.993,4486.842,4530.665,149574.0,16,2,3,3
2026-03-25 18:00:00+00:00,4530.598,4542.126,4488.812,4498.11,51993.0,20,2,3,0
2026-03-25 22:00:00+00:00,4498.428,4544.588,4498.034,4516.478,105435.0,0,3,3,0
2026-03-26 02:00:00+00:00,4516.507,4524.133,4415.737,4452.774,139072.0,4,3,3,0
2026-03-26 06:00:00+00:00,4452.745,4459.276,4412.306,4423.196,156440.0,8,3,3,0
2026-03-26 10:00:00+00:00,4423.241,4479.488,4416.203,4438.125,255185.0,12,3,3,1
2026-03-26 14:00:00+00:00,4438.078,4442.853,4359.039,4364.06,199462.0,16,3,3,3
2026-03-26 18:00:00+00:00,4363.994,4420.773,4350.925,4404.918,96808.0,20,3,3,0
2026-03-26 22:00:00+00:00,4404.965,4446.189,4375.215,4437.399,96746.0,0,4,3,0
2026-03-27 02:00:00+00:00,4437.467,4475.345,4431.385,4447.498,79718.0,4,4,3,0
2026-03-27 06:00:00+00:00,4447.536,4450.895,4404.195,4419.825,82984.0,8,4,3,0
2026-03-27 10:00:00+00:00,4419.878,4555.484,4412.631,4524.016,154159.0,12,4,3,1
2026-03-27 14:00:00+00:00,4524.079,4533.87,4486.224,4514.506,95170.0,16,4,3,3
2026-03-27 18:00:00+00:00,4514.564,4520.398,4490.878,4495.434,11838.0,20,4,3,0
2026-03-29 18:00:00+00:00,4511.584,4514.244,4443.756,4448.587,34790.0,20,6,3,0
2026-03-29 22:00:00+00:00,4448.673,4517.647,4418.38,4496.17,114644.0,0,0,3,0
2026-03-30 02:00:00+00:00,4496.003,4550.589,4486.061,4527.145,64939.0,4,0,3,0
2026-03-30 06:00:00+00:00,4527.091,4580.644,4523.734,4559.39,63922.0,8,0,3,0
2026-03-30 10:00:00+00:00,4559.451,4578.685,4512.302,4548.422,125563.0,12,0,3,1
2026-03-30 14:00:00+00:00,4548.366,4549.76,4492.927,4513.642,77584.0,16,0,3,3
2026-03-30 18:00:00+00:00,4513.569,4523.628,4492.365,4513.578,23929.0,20,0,3,0
2026-03-30 22:00:00+00:00,4513.509,4619.506,4482.49,4556.948,114919.0,0,1,3,0
2026-03-31 02:00:00+00:00,4556.953,4581.834,4543.193,4564.328,56885.0,4,1,3,0
2026-03-31 06:00:00+00:00,4564.543,4593.188,4529.242,4582.123,69311.0,8,1,3,0
2026-03-31 10:00:00+00:00,4582.179,4630.14,4567.736,4609.607,112233.0,12,1,3,1
2026-03-31 14:00:00+00:00,4609.549,4685.629,4606.918,4682.797,118359.0,16,1,3,3
2026-03-31 18:00:00+00:00,4682.735,4699.952,4661.758,4696.441,31725.0,20,1,3,0
2026-03-31 22:00:00+00:00,4696.383,4724.264,4678.199,4681.832,69600.0,0,2,4,0
2026-04-01 02:00:00+00:00,4682.136,4747.686,4666.887,4713.139,56768.0,4,2,4,0
2026-04-01 06:00:00+00:00,4712.783,4763.02,4710.343,4752.138,54113.0,8,2,4,0
2026-04-01 10:00:00+00:00,4752.071,4788.354,4715.902,4786.657,122397.0,12,2,4,1
2026-04-01 14:00:00+00:00,4786.439,4793.028,4742.107,4766.214,69033.0,16,2,4,3
2026-04-01 18:00:00+00:00,4765.816,4800.345,4753.999,4784.17,20414.0,20,2,4,0
2026-04-01 22:00:00+00:00,4784.241,4798.836,4650.31,4676.026,160727.0,0,3,4,0
2026-04-02 02:00:00+00:00,4676.323,4681.583,4553.765,4642.815,119216.0,4,3,4,0
2026-04-02 06:00:00+00:00,4642.808,4648.922,4592.604,4599.881,69790.0,8,3,4,0
2026-04-02 10:00:00+00:00,4600.191,4699.733,4580.302,4660.862,207470.0,12,3,4,1
2026-04-02 14:00:00+00:00,4660.924,4681.802,4642.698,4672.105,78306.0,16,3,4,3
2026-04-02 18:00:00+00:00,4672.166,4676.927,4664.274,4675.333,7745.0,20,3,4,0
2026-04-05 18:00:00+00:00,4662.923,4662.923,4605.069,4610.674,32336.0,20,6,4,0
2026-04-05 22:00:00+00:00,4610.706,4671.878,4600.572,4640.486,66298.0,0,0,4,0
2026-04-06 02:00:00+00:00,4640.368,4688.674,4639.837,4684.498,44937.0,4,0,4,0
2026-04-06 06:00:00+00:00,4684.695,4706.725,4676.963,4678.015,48153.0,8,0,4,0
2026-04-06 10:00:00+00:00,4677.956,4697.73,4652.024,4668.211,96280.0,12,0,4,1
2026-04-06 14:00:00+00:00,4668.087,4672.593,4645.316,4655.213,49899.0,16,0,4,3
2026-04-06 18:00:00+00:00,4655.274,4667.962,4648.982,4658.623,14091.0,20,0,4,0
2026-04-06 22:00:00+00:00,4658.976,4664.325,4616.331,4649.56,78926.0,0,1,4,0
2026-04-07 02:00:00+00:00,4649.496,4664.159,4622.758,4645.863,54574.0,4,1,4,0
2026-04-07 06:00:00+00:00,4646.18,4694.641,4628.585,4659.817,88105.0,8,1,4,0
2026-04-07 10:00:00+00:00,4659.883,4670.834,4607.334,4655.719,119282.0,12,1,4,1
2026-04-07 14:00:00+00:00,4655.388,4718.614,4652.441,4700.628,122274.0,16,1,4,3
2026-04-07 18:00:00+00:00,4700.691,4836.407,4697.173,4833.182,73966.0,20,1,4,0
2026-04-07 22:00:00+00:00,4833.247,4857.455,4787.975,4797.653,93236.0,0,2,4,0
2026-04-08 02:00:00+00:00,4797.672,4843.857,4790.236,4813.47,55091.0,4,2,4,0
2026-04-08 06:00:00+00:00,4813.538,4819.941,4770.988,4798.544,53991.0,8,2,4,0
2026-04-08 10:00:00+00:00,4798.727,4807.103,4732.255,4756.318,119876.0,12,2,4,1
2026-04-08 14:00:00+00:00,4756.63,4765.675,4699.471,4730.446,79283.0,16,2,4,3
2026-04-08 18:00:00+00:00,4730.555,4732.502,4704.709,4715.527,21948.0,20,2,4,0
2026-04-08 22:00:00+00:00,4715.597,4733.045,4698.047,4711.35,58103.0,0,3,4,0
2026-04-09 02:00:00+00:00,4711.357,4731.249,4703.355,4724.185,50021.0,4,3,4,0
2026-04-09 06:00:00+00:00,4724.323,4757.551,4719.762,4756.369,38457.0,8,3,4,0
2026-04-09 10:00:00+00:00,4756.433,4797.975,4734.765,4792.873,83144.0,12,3,4,1
2026-04-09 14:00:00+00:00,4792.926,4801.259,4766.826,4768.886,66723.0,16,3,4,3
2026-04-09 18:00:00+00:00,4768.944,4779.455,4756.732,4763.598,16963.0,20,3,4,0
2026-04-09 22:00:00+00:00,4763.661,4777.177,4737.851,4766.328,47039.0,0,4,4,0
2026-04-10 02:00:00+00:00,4766.683,4770.926,4741.217,4749.804,34130.0,4,4,4,0
2026-04-10 06:00:00+00:00,4749.841,4768.742,4730.58,4768.063,37781.0,8,4,4,0
2026-04-10 10:00:00+00:00,4768.127,4795.181,4754.903,4761.964,80169.0,12,4,4,1
2026-04-10 14:00:00+00:00,4762.231,4773.186,4747.358,4759.694,44230.0,16,4,4,3
2026-04-10 18:00:00+00:00,4759.784,4760.076,4740.834,4749.37,7211.0,20,4,4,0
2026-04-12 18:00:00+00:00,4670.232,4685.131,4644.07,4671.545,24001.0,20,6,4,0
2026-04-12 22:00:00+00:00,4671.187,4728.025,4664.495,4718.29,59806.0,0,0,4,0
2026-04-13 02:00:00+00:00,4718.269,4740.07,4708.058,4733.802,40483.0,4,0,4,0
2026-04-13 06:00:00+00:00,4733.816,4738.714,4703.51,4706.608,42033.0,8,0,4,0
2026-04-13 10:00:00+00:00,4706.698,4744.585,4700.124,4714.638,87065.0,12,0,4,1
2026-04-13 14:00:00+00:00,4714.288,4749.876,4709.405,4741.283,55972.0,16,0,4,3
2026-04-13 18:00:00+00:00,4741.046,4766.045,4738.174,4757.511,14998.0,20,0,4,0
2026-04-13 22:00:00+00:00,4757.699,4777.353,4751.483,4768.173,41516.0,0,1,4,0
2026-04-14 02:00:00+00:00,4768.253,4796.449,4757.965,4777.057,38839.0,4,1,4,0
2026-04-14 06:00:00+00:00,4776.984,4789.832,4751.685,4775.049,39193.0,8,1,4,0
2026-04-14 10:00:00+00:00,4775.106,4817.859,4762.194,4807.993,71065.0,12,1,4,1
2026-04-14 14:00:00+00:00,4808.024,4846.313,4804.901,4844.587,39064.0,16,1,4,3
2026-04-14 18:00:00+00:00,4844.657,4850.676,4833.17,4836.889,15799.0,20,1,4,0
2026-04-14 22:00:00+00:00,4836.946,4871.359,4816.714,4823.95,52070.0,0,2,4,0
2026-04-15 02:00:00+00:00,4824.125,4830.356,4803.836,4810.975,40423.0,4,2,4,0
2026-04-15 06:00:00+00:00,4810.912,4821.027,4786.049,4812.722,47893.0,8,2,4,0
2026-04-15 10:00:00+00:00,4812.655,4830.688,4786.692,4801.8,61584.0,12,2,4,1
2026-04-15 14:00:00+00:00,4801.734,4812.742,4789.933,4795.951,39014.0,16,2,4,3
2026-04-15 18:00:00+00:00,4796.01,4826.637,4787.612,4823.572,13669.0,20,2,4,0
2026-04-15 22:00:00+00:00,4823.217,4837.601,4811.174,4824.174,34675.0,0,3,4,0
2026-04-16 02:00:00+00:00,4824.174,4838.371,4814.166,4821.228,35872.0,4,3,4,0
2026-04-16 06:00:00+00:00,4821.22,4822.478,4804.978,4822.252,33186.0,8,3,4,0
2026-04-16 10:00:00+00:00,4822.32,4824.007,4772.813,4806.743,80333.0,12,3,4,1
2026-04-16 14:00:00+00:00,4806.678,4810.16,4781.374,4793.737,43436.0,16,3,4,3
2026-04-16 18:00:00+00:00,4793.669,4797.889,4786.263,4791.651,12675.0,20,3,4,0
2026-04-16 22:00:00+00:00,4791.559,4801.252,4767.401,4793.418,37791.0,0,4,4,0
2026-04-17 02:00:00+00:00,4793.393,4806.369,4778.684,4784.474,31189.0,4,4,4,0
2026-04-17 06:00:00+00:00,4784.46,4811.769,4780.85,4799.214,29664.0,8,4,4,0
2026-04-17 10:00:00+00:00,4799.279,4889.866,4797.535,4867.541,117472.0,12,4,4,1
2026-04-17 14:00:00+00:00,4867.472,4873.515,4852.651,4854.514,42798.0,16,4,4,3
2026-04-17 18:00:00+00:00,4854.67,4855.283,4830.727,4832.633,10027.0,20,4,4,0
2026-04-19 18:00:00+00:00,4774.618,4795.369,4736.736,4754.935,24502.0,20,6,4,0
2026-04-19 22:00:00+00:00,4755.38,4814.463,4744.846,4791.005,54962.0,0,0,4,0
2026-04-20 02:00:00+00:00,4791.068,4805.458,4779.407,4789.538,43478.0,4,0,4,0
2026-04-20 06:00:00+00:00,4789.653,4810.87,4783.21,4810.295,33298.0,8,0,4,0
2026-04-20 10:00:00+00:00,4810.237,4827.671,4792.375,4799.468,79613.0,12,0,4,1
2026-04-20 14:00:00+00:00,4799.698,4821.479,4792.696,4814.035,31120.0,16,0,4,3
2026-04-20 18:00:00+00:00,4814.096,4833.038,4812.048,4821.556,15204.0,20,0,4,0
2026-04-20 22:00:00+00:00,4821.618,4830.511,4792.453,4797.283,36213.0,0,1,4,0
2026-04-21 02:00:00+00:00,4797.047,4797.975,4772.608,4786.103,37240.0,4,1,4,0
2026-04-21 06:00:00+00:00,4786.17,4798.126,4774.515,4794.718,32743.0,8,1,4,0
2026-04-21 10:00:00+00:00,4794.777,4797.052,4723.305,4741.546,107586.0,12,1,4,1
2026-04-21 14:00:00+00:00,4741.459,4746.787,4668.14,4679.321,97783.0,16,1,4,3
2026-04-21 18:00:00+00:00,4679.504,4740.38,4668.722,4737.816,34355.0,20,1,4,0
2026-04-21 22:00:00+00:00,4738.06,4765.088,4736.004,4758.263,35601.0,0,2,4,0
2026-04-22 02:00:00+00:00,4758.31,4772.377,4752.039,4760.654,30893.0,4,2,4,0
2026-04-22 06:00:00+00:00,4760.661,4762.452,4745.591,4750.384,30438.0,8,2,4,0
2026-04-22 10:00:00+00:00,4750.342,4760.753,4724.91,4727.751,66140.0,12,2,4,1
2026-04-22 14:00:00+00:00,4727.836,4749.524,4723.734,4739.997,34269.0,16,2,4,3
2026-04-22 18:00:00+00:00,4740.064,4745.874,4723.424,4727.96,13346.0,20,2,4,0
2026-04-22 22:00:00+00:00,4728.026,4753.821,4693.986,4703.927,78553.0,0,3,4,0
2026-04-23 02:00:00+00:00,4703.984,4721.403,4692.117,4718.937,40885.0,4,3,4,0
2026-04-23 06:00:00+00:00,4719.156,4724.92,4684.149,4720.423,41375.0,8,3,4,0
2026-04-23 10:00:00+00:00,4720.486,4743.197,4716.296,4720.542,74955.0,12,3,4,1
2026-04-23 14:00:00+00:00,4720.494,4737.031,4664.01,4695.91,102929.0,16,3,4,3
2026-04-23 18:00:00+00:00,4695.804,4700.651,4686.383,4695.231,17318.0,20,3,4,0
2026-04-23 22:00:00+00:00,4695.158,4710.967,4668.587,4672.223,52113.0,0,4,4,0
2026-04-24 02:00:00+00:00,4672.166,4695.253,4657.581,4694.398,36128.0,4,4,4,0
2026-04-24 06:00:00+00:00,4694.344,4717.24,4674.548,4706.679,48714.0,8,4,4,0
2026-04-24 10:00:00+00:00,4706.756,4740.291,4689.474,4726.939,78824.0,12,4,4,1
2026-04-24 14:00:00+00:00,4727.033,4729.978,4713.586,4716.67,36630.0,16,4,4,3
2026-04-24 18:00:00+00:00,4716.607,4717.467,4705.234,4708.466,5608.0,20,4,4,0
2026-04-26 18:00:00+00:00,4696.125,4699.884,4674.786,4680.075,12031.0,20,6,4,0
2026-04-26 22:00:00+00:00,4680.139,4729.453,4672.027,4724.267,45864.0,0,0,4,0
2026-04-27 02:00:00+00:00,4723.916,4730.145,4708.521,4713.427,30627.0,4,0,4,0
2026-04-27 06:00:00+00:00,4713.489,4714.737,4699.061,4704.642,26506.0,8,0,4,0
2026-04-27 10:00:00+00:00,4705.0,4712.639,4666.949,4670.152,62810.0,12,0,4,1
2026-04-27 14:00:00+00:00,4670.124,4686.253,4667.26,4680.67,30551.0,16,0,4,3
2026-04-27 18:00:00+00:00,4680.803,4694.975,4677.299,4692.056,10938.0,20,0,4,0
2026-04-27 22:00:00+00:00,4692.118,4701.445,4666.457,4670.964,34753.0,0,1,4,0
2026-04-28 02:00:00+00:00,4670.907,4671.336,4620.502,4633.023,50480.0,4,1,4,0
2026-04-28 06:00:00+00:00,4632.951,4635.249,4555.299,4562.466,56989.0,8,1,4,0
2026-04-28 10:00:00+00:00,4562.408,4600.152,4554.813,4586.215,107308.0,12,1,4,1
2026-04-28 14:00:00+00:00,4586.137,4601.49,4577.98,4595.752,40555.0,16,1,4,3
2026-04-28 18:00:00+00:00,4595.696,4599.548,4587.817,4595.783,11333.0,20,1,4,0
2026-04-28 22:00:00+00:00,4595.847,4610.425,4575.763,4595.214,47896.0,0,2,4,0
2026-04-29 02:00:00+00:00,4595.274,4607.815,4567.205,4567.971,37120.0,4,2,4,0
2026-04-29 06:00:00+00:00,4568.064,4580.752,4551.478,4561.476,43818.0,8,2,4,0
2026-04-29 10:00:00+00:00,4561.405,4568.888,4510.111,4547.873,82950.0,12,2,4,1
2026-04-29 14:00:00+00:00,4547.815,4565.047,4517.978,4547.024,79693.0,16,2,4,3
2026-04-29 18:00:00+00:00,4546.797,4562.107,4539.166,4561.586,23135.0,20,2,4,0
2026-04-29 22:00:00+00:00,4561.628,4582.393,4555.692,4556.038,49294.0,0,3,4,0
2026-04-30 02:00:00+00:00,4556.115,4605.564,4540.773,4598.219,44094.0,4,3,4,0
2026-04-30 06:00:00+00:00,4598.278,4647.042,4597.207,4629.945,65555.0,8,3,4,0
2026-04-30 10:00:00+00:00,4630.005,4646.143,4609.092,4615.385,94416.0,12,3,4,1
2026-04-30 14:00:00+00:00,4615.443,4627.51,4605.138,4617.032,40270.0,16,3,4,3
2026-04-30 18:00:00+00:00,4617.091,4634.073,4615.442,4626.348,14257.0,20,3,4,0
2026-04-30 22:00:00+00:00,4626.569,4636.157,4613.734,4626.779,31784.0,0,4,5,0
2026-05-01 02:00:00+00:00,4626.846,4628.892,4575.944,4578.01,33423.0,4,4,5,0
2026-05-01 06:00:00+00:00,4578.359,4582.605,4559.766,4578.676,30869.0,8,4,5,0
2026-05-01 10:00:00+00:00,4578.718,4660.285,4574.949,4643.336,83176.0,12,4,5,1
2026-05-01 14:00:00+00:00,4642.971,4650.023,4608.82,4610.826,42867.0,16,4,5,3
2026-05-01 18:00:00+00:00,4610.733,4617.123,4606.924,4613.386,5999.0,20,4,5,0
2026-05-03 18:00:00+00:00,4626.129,4629.42,4611.113,4613.712,11865.0,20,6,5,0
2026-05-03 22:00:00+00:00,4613.951,4618.618,4591.029,4614.906,44817.0,0,0,5,0
2026-05-04 02:00:00+00:00,4614.949,4615.561,4577.914,4579.077,43044.0,4,0,5,0
2026-05-04 06:00:00+00:00,4579.095,4584.582,4525.694,4560.242,68644.0,8,0,5,0
2026-05-04 10:00:00+00:00,4560.319,4583.376,4512.042,4521.435,124090.0,12,0,5,1
2026-05-04 14:00:00+00:00,4521.374,4531.66,4500.52,4517.871,69381.0,16,0,5,3
2026-05-04 18:00:00+00:00,4517.803,4524.386,4511.578,4519.052,11534.0,20,0,5,0
2026-05-04 22:00:00+00:00,4518.841,4546.847,4513.421,4534.635,31471.0,0,1,5,0
2026-05-05 02:00:00+00:00,4534.598,4558.421,4527.886,4545.594,34519.0,4,1,5,0
2026-05-05 06:00:00+00:00,4545.356,4564.951,4539.692,4562.536,34413.0,8,1,5,0
2026-05-05 10:00:00+00:00,4562.809,4586.674,4554.029,4568.654,54836.0,12,1,5,1
2026-05-05 14:00:00+00:00,4568.599,4569.101,4551.558,4554.824,28029.0,16,1,5,3
2026-05-05 18:00:00+00:00,4554.663,4595.817,4546.188,4593.808,19626.0,20,1,5,0
2026-05-05 22:00:00+00:00,4593.736,4652.172,4588.07,4643.913,46397.0,0,2,5,0
2026-05-06 02:00:00+00:00,4643.84,4681.819,4643.401,4681.676,37335.0,4,2,5,0
2026-05-06 06:00:00+00:00,4681.301,4723.074,4671.395,4691.913,62135.0,8,2,5,0
2026-05-06 10:00:00+00:00,4692.146,4717.441,4660.118,4687.938,78116.0,12,2,5,1
2026-05-06 14:00:00+00:00,4687.872,4700.212,4678.728,4692.322,33584.0,16,2,5,3
2026-05-06 18:00:00+00:00,4692.256,4699.765,4685.013,4698.991,13928.0,20,2,5,0
2026-05-06 22:00:00+00:00,4698.863,4721.449,4685.269,4699.26,44981.0,0,3,5,0
2026-05-07 02:00:00+00:00,4699.198,4750.718,4692.092,4743.217,44829.0,4,3,5,0
2026-05-07 06:00:00+00:00,4743.294,4753.426,4721.478,4742.717,40000.0,8,3,5,0
2026-05-07 10:00:00+00:00,4742.896,4764.794,4726.066,4729.341,69628.0,12,3,5,1
2026-05-07 14:00:00+00:00,4729.401,4729.858,4687.35,4703.112,82727.0,16,3,5,3
2026-05-07 18:00:00+00:00,4703.174,4718.924,4681.663,4704.071,25501.0,20,3,5,0
2026-05-07 22:00:00+00:00,4704.003,4732.824,4693.843,4719.718,48768.0,0,4,5,0
